item_id,item_type,condition,domain,difficulty,analysis_family,is_primary_estimand,attempt_order,intervention_mode,intervention_scope,direction_source_selector,direction_source_position,localized_target_selector,localized_target_position,applied_prompt_position_count,steer_generated,max_injection_fraction,requested_strength,effective_strength_after_cap,feature_label,feature_id,token_id,direction_sha256,layer,layer_selection_reason,raw_rank,word_filtered_rank,rank_policy,baseline_output_raw,baseline_output_normalized,intervened_output_raw,intervened_output_normalized,baseline_valid,intervened_valid,labels,expected_judgment,factual_correct,baseline_judgment_correct,intervened_judgment_correct,baseline_margin,intervened_margin,delta_margin,baseline_oriented_margin,intervened_oriented_margin,delta_oriented_margin,candidate_score_before,candidate_score_after,flipped,flip_effect,generated_positions_steered,duration_seconds
0,calibration,self,physics,1,paired_primary,True,1,neuronpedia_global,all_prompt_positions_and_generated_tokens,question_mark,81,,,100,True,1.0,-1.7,-1.0,评估,vocab_token:99973,99973,c55ca3df206b88ee4dcaf291e77b8830ab68243ed25460e77d6d850604e7a107,40,frozen_layer_40_no_rank_gate,51,19,raw_rank,CORRECT,CORRECT,CORRECT,CORRECT,True,True,CORRECT/INCORRECT,CORRECT,True,True,True,11.125120193619978,2.5358199117918048,-8.589300281828173,11.125120193619978,2.5358199117918048,-8.589300281828173,11.1875,-29.75,False,no_flip,True,1.361675901338458
0,calibration,other,physics,1,paired_primary,True,2,neuronpedia_global,all_prompt_positions_and_generated_tokens,question_mark,81,,,100,True,1.0,-1.7,-1.0,评估,vocab_token:99973,99973,c55ca3df206b88ee4dcaf291e77b8830ab68243ed25460e77d6d850604e7a107,40,frozen_layer_40_no_rank_gate,12,2,raw_rank,CORRECT,CORRECT,CORRECT,CORRECT,True,True,CORRECT/INCORRECT,CORRECT,True,True,True,9.750137330415896,2.541664552534712,-7.208472777881184,9.750137330415896,2.541664552534712,-7.208472777881184,13.3125,-29.375,False,no_flip,True,1.3395574912428856
0,calibration,self,physics,1,paired_primary,True,3,neuronpedia_global,all_prompt_positions_and_generated_tokens,question_mark,81,,,100,True,1.0,-1.8,-1.0,评估,vocab_token:99973,99973,c55ca3df206b88ee4dcaf291e77b8830ab68243ed25460e77d6d850604e7a107,40,frozen_layer_40_no_rank_gate,51,19,raw_rank,CORRECT,CORRECT,CORRECT,CORRECT,True,True,CORRECT/INCORRECT,CORRECT,True,True,True,11.125120193619978,2.6706826027020725,-8.454437590917905,11.125120193619978,2.6706826027020725,-8.454437590917905,11.1875,-29.75,False,no_flip,True,1.3362625893205404
0,calibration,other,physics,1,paired_primary,True,4,neuronpedia_global,all_prompt_positions_and_generated_tokens,question_mark,81,,,100,True,1.0,-1.8,-1.0,评估,vocab_token:99973,99973,c55ca3df206b88ee4dcaf291e77b8830ab68243ed25460e77d6d850604e7a107,40,frozen_layer_40_no_rank_gate,12,2,raw_rank,CORRECT,CORRECT,CORRECT,CORRECT,True,True,CORRECT/INCORRECT,CORRECT,True,True,True,9.750137330415896,2.6666239431706344,-7.083513387245262,9.750137330415896,2.6666239431706344,-7.083513387245262,13.3125,-29.375,False,no_flip,True,1.3424856420606375
1,calibration,self,astronomy,1,paired_primary,True,1,neuronpedia_global,all_prompt_positions_and_generated_tokens,question_mark,74,,,93,True,1.0,-1.7,-1.0,评估,vocab_token:99973,99973,c55ca3df206b88ee4dcaf291e77b8830ab68243ed25460e77d6d850604e7a107,40,frozen_layer_40_no_rank_gate,46,20,raw_rank,CORRECT,CORRECT,CORRECT,CORRECT,True,True,CORRECT/INCORRECT,CORRECT,True,True,True,12.750043398727712,2.6308060632418346,-10.119237335485877,12.750043398727712,2.6308060632418346,-10.119237335485877,11.25,-29.625,False,no_flip,True,1.2776814009994268
1,calibration,other,astronomy,1,paired_primary,True,2,neuronpedia_global,all_prompt_positions_and_generated_tokens,question_mark,74,,,93,True,1.0,-1.7,-1.0,评估,vocab_token:99973,99973,c55ca3df206b88ee4dcaf291e77b8830ab68243ed25460e77d6d850604e7a107,40,frozen_layer_40_no_rank_gate,12,2,raw_rank,CORRECT,CORRECT,CORRECT,CORRECT,True,True,CORRECT/INCORRECT,CORRECT,True,True,True,10.625119209112881,2.396877142666199,-8.228242066446683,10.625119209112881,2.396877142666199,-8.228242066446683,13.125,-29.5,False,no_flip,True,1.2905262876302004
1,calibration,self,astronomy,1,paired_primary,True,3,neuronpedia_global,all_prompt_positions_and_generated_tokens,question_mark,74,,,93,True,1.0,-1.8,-1.0,评估,vocab_token:99973,99973,c55ca3df206b88ee4dcaf291e77b8830ab68243ed25460e77d6d850604e7a107,40,frozen_layer_40_no_rank_gate,46,20,raw_rank,CORRECT,CORRECT,CORRECT,CORRECT,True,True,CORRECT/INCORRECT,CORRECT,True,True,True,12.750043398727712,2.6305627151905355,-10.119480683537176,12.750043398727712,2.6305627151905355,-10.119480683537176,11.25,-29.625,False,no_flip,True,1.2887152787297964
1,calibration,other,astronomy,1,paired_primary,True,4,neuronpedia_global,all_prompt_positions_and_generated_tokens,question_mark,74,,,93,True,1.0,-1.8,-1.0,评估,vocab_token:99973,99973,c55ca3df206b88ee4dcaf291e77b8830ab68243ed25460e77d6d850604e7a107,40,frozen_layer_40_no_rank_gate,12,2,raw_rank,CORRECT,CORRECT,CORRECT,CORRECT,True,True,CORRECT/INCORRECT,CORRECT,True,True,True,10.625119209112881,2.3969438419553626,-8.228175367157519,10.625119209112881,2.3969438419553626,-8.228175367157519,13.125,-29.5,False,no_flip,True,1.2765954416245222
2,calibration,self,geography,1,paired_primary,True,1,neuronpedia_global,all_prompt_positions_and_generated_tokens,question_mark,75,,,94,True,1.0,-1.7,-1.0,评估,vocab_token:99973,99973,c55ca3df206b88ee4dcaf291e77b8830ab68243ed25460e77d6d850604e7a107,40,frozen_layer_40_no_rank_gate,63,27,raw_rank,CORRECT,CORRECT,CORRECT,CORRECT,True,True,CORRECT/INCORRECT,CORRECT,True,True,True,6.250055580101389,2.1294950575129405,-4.120560522588448,6.250055580101389,2.1294950575129405,-4.120560522588448,10.8125,-29.625,False,no_flip,True,1.3275754284113646
2,calibration,other,geography,1,paired_primary,True,2,neuronpedia_global,all_prompt_positions_and_generated_tokens,question_mark,75,,,94,True,1.0,-1.7,-1.0,评估,vocab_token:99973,99973,c55ca3df206b88ee4dcaf291e77b8830ab68243ed25460e77d6d850604e7a107,40,frozen_layer_40_no_rank_gate,17,2,raw_rank,CORRECT,CORRECT,CORRECT,CORRECT,True,True,CORRECT/INCORRECT,CORRECT,True,True,True,8.37507897664409,1.9083797126386344,-6.466699264005456,8.37507897664409,1.9083797126386344,-6.466699264005456,12.8125,-29.375,False,no_flip,True,1.3990403078496456
2,calibration,self,geography,1,paired_primary,True,3,neuronpedia_global,all_prompt_positions_and_generated_tokens,question_mark,75,,,94,True,1.0,-1.8,-1.0,评估,vocab_token:99973,99973,c55ca3df206b88ee4dcaf291e77b8830ab68243ed25460e77d6d850604e7a107,40,frozen_layer_40_no_rank_gate,63,27,raw_rank,CORRECT,CORRECT,CORRECT,CORRECT,True,True,CORRECT/INCORRECT,CORRECT,True,True,True,6.250055580101389,2.254823989590477,-3.9952315905109117,6.250055580101389,2.254823989590477,-3.9952315905109117,10.8125,-29.625,False,no_flip,True,1.3389097303152084
2,calibration,other,geography,1,paired_primary,True,4,neuronpedia_global,all_prompt_positions_and_generated_tokens,question_mark,75,,,94,True,1.0,-1.8,-1.0,评估,vocab_token:99973,99973,c55ca3df206b88ee4dcaf291e77b8830ab68243ed25460e77d6d850604e7a107,40,frozen_layer_40_no_rank_gate,17,2,raw_rank,CORRECT,CORRECT,CORRECT,CORRECT,True,True,CORRECT/INCORRECT,CORRECT,True,True,True,8.37507897664409,1.9044655108464212,-6.470613465797669,8.37507897664409,1.9044655108464212,-6.470613465797669,12.8125,-29.375,False,no_flip,True,1.3315277267247438
3,calibration,self,biology,1,paired_primary,True,1,neuronpedia_global,all_prompt_positions_and_generated_tokens,question_mark,72,,,91,True,1.0,-1.7,-1.0,评估,vocab_token:99973,99973,c55ca3df206b88ee4dcaf291e77b8830ab68243ed25460e77d6d850604e7a107,40,frozen_layer_40_no_rank_gate,37,16,raw_rank,CORRECT,CORRECT,CORRECT,CORRECT,True,True,CORRECT/INCORRECT,CORRECT,True,True,True,13.187558110143073,2.5017844602298283,-10.685773649913244,13.187558110143073,2.5017844602298283,-10.685773649913244,12.0625,-29.75,False,no_flip,True,1.281125284731388
3,calibration,other,biology,1,paired_primary,True,2,neuronpedia_global,all_prompt_positions_and_generated_tokens,question_mark,72,,,91,True,1.0,-1.7,-1.0,评估,vocab_token:99973,99973,c55ca3df206b88ee4dcaf291e77b8830ab68243ed25460e77d6d850604e7a107,40,frozen_layer_40_no_rank_gate,10,2,raw_rank,CORRECT,CORRECT,CORRECT,CORRECT,True,True,CORRECT/INCORRECT,CORRECT,True,True,True,10.12513876683397,2.251190923205286,-7.8739478436286845,10.12513876683397,2.251190923205286,-7.8739478436286845,13.5625,-29.375,False,no_flip,True,1.2859120462089777
3,calibration,self,biology,1,paired_primary,True,3,neuronpedia_global,all_prompt_positions_and_generated_tokens,question_mark,72,,,91,True,1.0,-1.8,-1.0,评估,vocab_token:99973,99973,c55ca3df206b88ee4dcaf291e77b8830ab68243ed25460e77d6d850604e7a107,40,frozen_layer_40_no_rank_gate,37,16,raw_rank,CORRECT,CORRECT,CORRECT,CORRECT,True,True,CORRECT/INCORRECT,CORRECT,True,True,True,13.187558110143073,2.376537380022455,-10.811020730120617,13.187558110143073,2.376537380022455,-10.811020730120617,12.0625,-29.75,False,no_flip,True,1.4809764176607132
3,calibration,other,biology,1,paired_primary,True,4,neuronpedia_global,all_prompt_positions_and_generated_tokens,question_mark,72,,,91,True,1.0,-1.8,-1.0,评估,vocab_token:99973,99973,c55ca3df206b88ee4dcaf291e77b8830ab68243ed25460e77d6d850604e7a107,40,frozen_layer_40_no_rank_gate,10,2,raw_rank,CORRECT,CORRECT,CORRECT,CORRECT,True,True,CORRECT/INCORRECT,CORRECT,True,True,True,10.12513876683397,2.376194081365611,-7.748944685468359,10.12513876683397,2.376194081365611,-7.748944685468359,13.5625,-29.375,False,no_flip,True,1.5544156767427921
4,calibration,self,chemistry,1,paired_primary,True,1,neuronpedia_global,all_prompt_positions_and_generated_tokens,question_mark,75,,,94,True,1.0,-1.7,-1.0,评估,vocab_token:99973,99973,c55ca3df206b88ee4dcaf291e77b8830ab68243ed25460e77d6d850604e7a107,40,frozen_layer_40_no_rank_gate,61,24,raw_rank,CORRECT,CORRECT,CORRECT,CORRECT,True,True,CORRECT/INCORRECT,CORRECT,True,True,True,11.062635756588406,2.8781695094421593,-8.184466247146247,11.062635756588406,2.8781695094421593,-8.184466247146247,10.875,-29.75,False,no_flip,True,1.2801574487239122
4,calibration,other,chemistry,1,paired_primary,True,2,neuronpedia_global,all_prompt_positions_and_generated_tokens,question_mark,75,,,94,True,1.0,-1.7,-1.0,评估,vocab_token:99973,99973,c55ca3df206b88ee4dcaf291e77b8830ab68243ed25460e77d6d850604e7a107,40,frozen_layer_40_no_rank_gate,12,2,raw_rank,CORRECT,CORRECT,CORRECT,CORRECT,True,True,CORRECT/INCORRECT,CORRECT,True,True,True,11.000142574426945,2.5311514015902503,-8.468991172836695,11.000142574426945,2.5311514015902503,-8.468991172836695,13.375,-29.375,False,no_flip,True,1.2885331194847822
4,calibration,self,chemistry,1,paired_primary,True,3,neuronpedia_global,all_prompt_positions_and_generated_tokens,question_mark,75,,,94,True,1.0,-1.8,-1.0,评估,vocab_token:99973,99973,c55ca3df206b88ee4dcaf291e77b8830ab68243ed25460e77d6d850604e7a107,40,frozen_layer_40_no_rank_gate,61,24,raw_rank,CORRECT,CORRECT,CORRECT,CORRECT,True,True,CORRECT/INCORRECT,CORRECT,True,True,True,11.062635756588406,2.8777975210632576,-8.184838235525149,11.062635756588406,2.8777975210632576,-8.184838235525149,10.875,-29.75,False,no_flip,True,1.305305890738964
4,calibration,other,chemistry,1,paired_primary,True,4,neuronpedia_global,all_prompt_positions_and_generated_tokens,question_mark,75,,,94,True,1.0,-1.8,-1.0,评估,vocab_token:99973,99973,c55ca3df206b88ee4dcaf291e77b8830ab68243ed25460e77d6d850604e7a107,40,frozen_layer_40_no_rank_gate,12,2,raw_rank,CORRECT,CORRECT,CORRECT,CORRECT,True,True,CORRECT/INCORRECT,CORRECT,True,True,True,11.000142574426945,2.652505769079653,-8.347636805347292,11.000142574426945,2.652505769079653,-8.347636805347292,13.375,-29.375,False,no_flip,True,1.2835835721343756
5,calibration,self,geography,1,paired_primary,True,1,neuronpedia_global,all_prompt_positions_and_generated_tokens,question_mark,82,,,101,True,1.0,-1.7,-1.0,评估,vocab_token:99973,99973,c55ca3df206b88ee4dcaf291e77b8830ab68243ed25460e77d6d850604e7a107,40,frozen_layer_40_no_rank_gate,21,5,raw_rank,CORRECT,CORRECT,CORRECT,CORRECT,True,True,CORRECT/INCORRECT,CORRECT,True,True,True,11.000151284741833,2.767618025520278,-8.232533259221555,11.000151284741833,2.767618025520278,-8.232533259221555,12.6875,-29.5,False,no_flip,True,1.2945425733923912
5,calibration,other,geography,1,paired_primary,True,2,neuronpedia_global,all_prompt_positions_and_generated_tokens,question_mark,82,,,101,True,1.0,-1.7,-1.0,评估,vocab_token:99973,99973,c55ca3df206b88ee4dcaf291e77b8830ab68243ed25460e77d6d850604e7a107,40,frozen_layer_40_no_rank_gate,13,2,raw_rank,CORRECT,CORRECT,CORRECT,CORRECT,True,True,CORRECT/INCORRECT,CORRECT,True,True,True,11.625927759947217,2.426492987155143,-9.199434772792074,11.625927759947217,2.426492987155143,-9.199434772792074,13.25,-29.375,False,no_flip,True,1.3087168857455254
5,calibration,self,geography,1,paired_primary,True,3,neuronpedia_global,all_prompt_positions_and_generated_tokens,question_mark,82,,,101,True,1.0,-1.8,-1.0,评估,vocab_token:99973,99973,c55ca3df206b88ee4dcaf291e77b8830ab68243ed25460e77d6d850604e7a107,40,frozen_layer_40_no_rank_gate,21,5,raw_rank,CORRECT,CORRECT,CORRECT,CORRECT,True,True,CORRECT/INCORRECT,CORRECT,True,True,True,11.000151284741833,2.7679295806192385,-8.232221704122594,11.000151284741833,2.7679295806192385,-8.232221704122594,12.6875,-29.5,False,no_flip,True,1.335053212940693
5,calibration,other,geography,1,paired_primary,True,4,neuronpedia_global,all_prompt_positions_and_generated_tokens,question_mark,82,,,101,True,1.0,-1.8,-1.0,评估,vocab_token:99973,99973,c55ca3df206b88ee4dcaf291e77b8830ab68243ed25460e77d6d850604e7a107,40,frozen_layer_40_no_rank_gate,13,2,raw_rank,CORRECT,CORRECT,CORRECT,CORRECT,True,True,CORRECT/INCORRECT,CORRECT,True,True,True,11.625927759947217,2.5460599080270185,-9.079867851920199,11.625927759947217,2.5460599080270185,-9.079867851920199,13.25,-29.375,False,no_flip,True,1.29279575496912
6,calibration,self,biology,1,paired_primary,True,1,neuronpedia_global,all_prompt_positions_and_generated_tokens,question_mark,78,,,97,True,1.0,-1.7,-1.0,评估,vocab_token:99973,99973,c55ca3df206b88ee4dcaf291e77b8830ab68243ed25460e77d6d850604e7a107,40,frozen_layer_40_no_rank_gate,49,22,raw_rank,CORRECT,CORRECT,CORRECT,CORRECT,True,True,CORRECT/INCORRECT,CORRECT,True,True,True,10.87511358231609,2.87558864202947,-7.999524940286619,10.87511358231609,2.87558864202947,-7.999524940286619,11.3125,-29.625,False,no_flip,True,1.489710146561265
6,calibration,other,biology,1,paired_primary,True,2,neuronpedia_global,all_prompt_positions_and_generated_tokens,question_mark,78,,,97,True,1.0,-1.7,-1.0,评估,vocab_token:99973,99973,c55ca3df206b88ee4dcaf291e77b8830ab68243ed25460e77d6d850604e7a107,40,frozen_layer_40_no_rank_gate,13,2,raw_rank,CORRECT,CORRECT,CORRECT,CORRECT,True,True,CORRECT/INCORRECT,CORRECT,True,True,True,11.375093102932738,2.7534480983049434,-8.621645004627794,11.375093102932738,2.7534480983049434,-8.621645004627794,13.0625,-29.625,False,no_flip,True,1.3417914994060993
6,calibration,self,biology,1,paired_primary,True,3,neuronpedia_global,all_prompt_positions_and_generated_tokens,question_mark,78,,,97,True,1.0,-1.8,-1.0,评估,vocab_token:99973,99973,c55ca3df206b88ee4dcaf291e77b8830ab68243ed25460e77d6d850604e7a107,40,frozen_layer_40_no_rank_gate,49,22,raw_rank,CORRECT,CORRECT,CORRECT,CORRECT,True,True,CORRECT/INCORRECT,CORRECT,True,True,True,10.87511358231609,2.750587780152273,-8.124525802163816,10.87511358231609,2.750587780152273,-8.124525802163816,11.3125,-29.625,False,no_flip,True,1.3383649364113808
6,calibration,other,biology,1,paired_primary,True,4,neuronpedia_global,all_prompt_positions_and_generated_tokens,question_mark,78,,,97,True,1.0,-1.8,-1.0,评估,vocab_token:99973,99973,c55ca3df206b88ee4dcaf291e77b8830ab68243ed25460e77d6d850604e7a107,40,frozen_layer_40_no_rank_gate,13,2,raw_rank,CORRECT,CORRECT,CORRECT,CORRECT,True,True,CORRECT/INCORRECT,CORRECT,True,True,True,11.375093102932738,2.6284557560811663,-8.746637346851571,11.375093102932738,2.6284557560811663,-8.746637346851571,13.0625,-29.5,False,no_flip,True,1.2937468942254782
7,calibration,self,physics,1,paired_primary,True,1,neuronpedia_global,all_prompt_positions_and_generated_tokens,question_mark,73,,,92,True,1.0,-1.7,-1.0,评估,vocab_token:99973,99973,c55ca3df206b88ee4dcaf291e77b8830ab68243ed25460e77d6d850604e7a107,40,frozen_layer_40_no_rank_gate,30,11,raw_rank,CORRECT,CORRECT,CORRECT,CORRECT,True,True,CORRECT/INCORRECT,CORRECT,True,True,True,13.250052297784805,2.7534436095775163,-10.496608688207289,13.250052297784805,2.7534436095775163,-10.496608688207289,11.9375,-29.75,False,no_flip,True,1.2881202809512615
7,calibration,other,physics,1,paired_primary,True,2,neuronpedia_global,all_prompt_positions_and_generated_tokens,question_mark,73,,,92,True,1.0,-1.7,-1.0,评估,vocab_token:99973,99973,c55ca3df206b88ee4dcaf291e77b8830ab68243ed25460e77d6d850604e7a107,40,frozen_layer_40_no_rank_gate,10,2,raw_rank,CORRECT,CORRECT,CORRECT,CORRECT,True,True,CORRECT/INCORRECT,CORRECT,True,True,True,9.3750919246163,2.530392675276744,-6.8446992493395555,9.3750919246163,2.530392675276744,-6.8446992493395555,13.375,-29.5,False,no_flip,True,1.2775851227343082
7,calibration,self,physics,1,paired_primary,True,3,neuronpedia_global,all_prompt_positions_and_generated_tokens,question_mark,73,,,92,True,1.0,-1.8,-1.0,评估,vocab_token:99973,99973,c55ca3df206b88ee4dcaf291e77b8830ab68243ed25460e77d6d850604e7a107,40,frozen_layer_40_no_rank_gate,30,11,raw_rank,CORRECT,CORRECT,CORRECT,CORRECT,True,True,CORRECT/INCORRECT,CORRECT,True,True,True,13.250052297784805,2.628834417192593,-10.621217880592212,13.250052297784805,2.628834417192593,-10.621217880592212,11.9375,-29.75,False,no_flip,True,1.289396470412612
7,calibration,other,physics,1,paired_primary,True,4,neuronpedia_global,all_prompt_positions_and_generated_tokens,question_mark,73,,,92,True,1.0,-1.8,-1.0,评估,vocab_token:99973,99973,c55ca3df206b88ee4dcaf291e77b8830ab68243ed25460e77d6d850604e7a107,40,frozen_layer_40_no_rank_gate,10,2,raw_rank,CORRECT,CORRECT,CORRECT,CORRECT,True,True,CORRECT/INCORRECT,CORRECT,True,True,True,9.3750919246163,2.5269198050355044,-6.848172119580795,9.3750919246163,2.5269198050355044,-6.848172119580795,13.375,-29.5,False,no_flip,True,1.5052444525063038
8,calibration,self,literature,1,paired_primary,True,1,neuronpedia_global,all_prompt_positions_and_generated_tokens,question_mark,74,,,93,True,1.0,-1.7,-1.0,评估,vocab_token:99973,99973,c55ca3df206b88ee4dcaf291e77b8830ab68243ed25460e77d6d850604e7a107,40,frozen_layer_40_no_rank_gate,58,23,raw_rank,CORRECT,CORRECT,CORRECT,CORRECT,True,True,CORRECT/INCORRECT,CORRECT,True,True,True,9.375068082583311,2.5136108940978374,-6.861457188485474,9.375068082583311,2.5136108940978374,-6.861457188485474,10.9375,-29.75,False,no_flip,True,1.289788145571947
8,calibration,other,literature,1,paired_primary,True,2,neuronpedia_global,all_prompt_positions_and_generated_tokens,question_mark,74,,,93,True,1.0,-1.7,-1.0,评估,vocab_token:99973,99973,c55ca3df206b88ee4dcaf291e77b8830ab68243ed25460e77d6d850604e7a107,40,frozen_layer_40_no_rank_gate,15,2,raw_rank,CORRECT,CORRECT,CORRECT,CORRECT,True,True,CORRECT/INCORRECT,CORRECT,True,True,True,8.000127446807255,2.6412419950702315,-5.358885451737024,8.000127446807255,2.6412419950702315,-5.358885451737024,13.0,-29.5,False,no_flip,True,1.284916702657938
8,calibration,self,literature,1,paired_primary,True,3,neuronpedia_global,all_prompt_positions_and_generated_tokens,question_mark,74,,,93,True,1.0,-1.8,-1.0,评估,vocab_token:99973,99973,c55ca3df206b88ee4dcaf291e77b8830ab68243ed25460e77d6d850604e7a107,40,frozen_layer_40_no_rank_gate,58,23,raw_rank,CORRECT,CORRECT,CORRECT,CORRECT,True,True,CORRECT/INCORRECT,CORRECT,True,True,True,9.375068082583311,2.513910913091422,-6.861157169491889,9.375068082583311,2.513910913091422,-6.861157169491889,10.9375,-29.75,False,no_flip,True,1.285302322357893
8,calibration,other,literature,1,paired_primary,True,4,neuronpedia_global,all_prompt_positions_and_generated_tokens,question_mark,74,,,93,True,1.0,-1.8,-1.0,评估,vocab_token:99973,99973,c55ca3df206b88ee4dcaf291e77b8830ab68243ed25460e77d6d850604e7a107,40,frozen_layer_40_no_rank_gate,15,2,raw_rank,CORRECT,CORRECT,CORRECT,CORRECT,True,True,CORRECT/INCORRECT,CORRECT,True,True,True,8.000127446807255,2.7682186269157683,-5.231908819891487,8.000127446807255,2.7682186269157683,-5.231908819891487,13.0,-29.5,False,no_flip,True,1.2794217839837074
9,calibration,self,geography,1,paired_primary,True,1,neuronpedia_global,all_prompt_positions_and_generated_tokens,question_mark,78,,,97,True,1.0,-1.7,-1.0,评估,vocab_token:99973,99973,c55ca3df206b88ee4dcaf291e77b8830ab68243ed25460e77d6d850604e7a107,40,frozen_layer_40_no_rank_gate,29,12,raw_rank,CORRECT,CORRECT,CORRECT,CORRECT,True,True,CORRECT/INCORRECT,CORRECT,True,True,True,8.500059899193502,3.1318853977782055,-5.368174501415297,8.500059899193502,3.1318853977782055,-5.368174501415297,11.9375,-29.625,False,no_flip,True,1.3666115179657936
9,calibration,other,geography,1,paired_primary,True,2,neuronpedia_global,all_prompt_positions_and_generated_tokens,question_mark,78,,,97,True,1.0,-1.7,-1.0,评估,vocab_token:99973,99973,c55ca3df206b88ee4dcaf291e77b8830ab68243ed25460e77d6d850604e7a107,40,frozen_layer_40_no_rank_gate,11,2,raw_rank,CORRECT,CORRECT,CORRECT,CORRECT,True,True,CORRECT/INCORRECT,CORRECT,True,True,True,8.12516602333585,2.5143927356439235,-5.610773287691927,8.12516602333585,2.5143927356439235,-5.610773287691927,13.0625,-29.5,False,no_flip,True,1.3365683536976576
9,calibration,self,geography,1,paired_primary,True,3,neuronpedia_global,all_prompt_positions_and_generated_tokens,question_mark,78,,,97,True,1.0,-1.8,-1.0,评估,vocab_token:99973,99973,c55ca3df206b88ee4dcaf291e77b8830ab68243ed25460e77d6d850604e7a107,40,frozen_layer_40_no_rank_gate,29,12,raw_rank,CORRECT,CORRECT,CORRECT,CORRECT,True,True,CORRECT/INCORRECT,CORRECT,True,True,True,8.500059899193502,3.0064109224977074,-5.493648976695795,8.500059899193502,3.0064109224977074,-5.493648976695795,11.9375,-29.5,False,no_flip,True,1.3381865490227938
9,calibration,other,geography,1,paired_primary,True,4,neuronpedia_global,all_prompt_positions_and_generated_tokens,question_mark,78,,,97,True,1.0,-1.8,-1.0,评估,vocab_token:99973,99973,c55ca3df206b88ee4dcaf291e77b8830ab68243ed25460e77d6d850604e7a107,40,frozen_layer_40_no_rank_gate,11,2,raw_rank,CORRECT,CORRECT,CORRECT,CORRECT,True,True,CORRECT/INCORRECT,CORRECT,True,True,True,8.12516602333585,2.638855463876098,-5.486310559459753,8.12516602333585,2.638855463876098,-5.486310559459753,13.0625,-29.5,False,no_flip,True,1.3497532457113266
10,calibration,self,biology,2,paired_primary,True,1,neuronpedia_global,all_prompt_positions_and_generated_tokens,question_mark,79,,,98,True,1.0,-1.7,-1.0,评估,vocab_token:99973,99973,c55ca3df206b88ee4dcaf291e77b8830ab68243ed25460e77d6d850604e7a107,40,frozen_layer_40_no_rank_gate,41,14,raw_rank,CORRECT,CORRECT,CORRECT,CORRECT,True,True,CORRECT/INCORRECT,CORRECT,True,True,True,3.1250117979445804,1.63474019372552,-1.4902716042190605,3.1250117979445804,1.63474019372552,-1.4902716042190605,11.5,-29.75,False,no_flip,True,1.2813809718936682
10,calibration,other,biology,2,paired_primary,True,2,neuronpedia_global,all_prompt_positions_and_generated_tokens,question_mark,79,,,98,True,1.0,-1.7,-1.0,评估,vocab_token:99973,99973,c55ca3df206b88ee4dcaf291e77b8830ab68243ed25460e77d6d850604e7a107,40,frozen_layer_40_no_rank_gate,17,3,raw_rank,CORRECT,CORRECT,CORRECT,CORRECT,True,True,CORRECT/INCORRECT,CORRECT,True,True,True,3.8750270397661097,2.0147202108200872,-1.8603068289460225,3.8750270397661097,2.0147202108200872,-1.8603068289460225,13.0,-29.75,False,no_flip,True,1.2829660046845675
10,calibration,self,biology,2,paired_primary,True,3,neuronpedia_global,all_prompt_positions_and_generated_tokens,question_mark,79,,,98,True,1.0,-1.8,-1.0,评估,vocab_token:99973,99973,c55ca3df206b88ee4dcaf291e77b8830ab68243ed25460e77d6d850604e7a107,40,frozen_layer_40_no_rank_gate,41,14,raw_rank,CORRECT,CORRECT,CORRECT,CORRECT,True,True,CORRECT/INCORRECT,CORRECT,True,True,True,3.1250117979445804,1.6350537102352973,-1.489958087709283,3.1250117979445804,1.6350537102352973,-1.489958087709283,11.5,-29.75,False,no_flip,True,1.2837707288563251
10,calibration,other,biology,2,paired_primary,True,4,neuronpedia_global,all_prompt_positions_and_generated_tokens,question_mark,79,,,98,True,1.0,-1.8,-1.0,评估,vocab_token:99973,99973,c55ca3df206b88ee4dcaf291e77b8830ab68243ed25460e77d6d850604e7a107,40,frozen_layer_40_no_rank_gate,17,3,raw_rank,CORRECT,CORRECT,CORRECT,CORRECT,True,True,CORRECT/INCORRECT,CORRECT,True,True,True,3.8750270397661097,2.0161852308192465,-1.8588418089468632,3.8750270397661097,2.0161852308192465,-1.8588418089468632,13.0,-29.75,False,no_flip,True,1.2883284911513329
11,calibration,self,physics,2,paired_primary,True,1,neuronpedia_global,all_prompt_positions_and_generated_tokens,question_mark,76,,,95,True,1.0,-1.7,-1.0,评估,vocab_token:99973,99973,c55ca3df206b88ee4dcaf291e77b8830ab68243ed25460e77d6d850604e7a107,40,frozen_layer_40_no_rank_gate,24,6,raw_rank,CORRECT,CORRECT,CORRECT,CORRECT,True,True,CORRECT/INCORRECT,CORRECT,True,True,True,11.500036306263723,2.382004732209225,-9.118031574054498,11.500036306263723,2.382004732209225,-9.118031574054498,12.5,-29.75,False,no_flip,True,1.2865825705230236
11,calibration,other,physics,2,paired_primary,True,2,neuronpedia_global,all_prompt_positions_and_generated_tokens,question_mark,76,,,95,True,1.0,-1.7,-1.0,评估,vocab_token:99973,99973,c55ca3df206b88ee4dcaf291e77b8830ab68243ed25460e77d6d850604e7a107,40,frozen_layer_40_no_rank_gate,10,2,raw_rank,CORRECT,CORRECT,CORRECT,CORRECT,True,True,CORRECT/INCORRECT,CORRECT,True,True,True,11.000117422717267,2.63062296901262,-8.369494453704647,11.000117422717267,2.63062296901262,-8.369494453704647,13.8125,-29.625,False,no_flip,True,1.2799103204160929
11,calibration,self,physics,2,paired_primary,True,3,neuronpedia_global,all_prompt_positions_and_generated_tokens,question_mark,76,,,95,True,1.0,-1.8,-1.0,评估,vocab_token:99973,99973,c55ca3df206b88ee4dcaf291e77b8830ab68243ed25460e77d6d850604e7a107,40,frozen_layer_40_no_rank_gate,24,6,raw_rank,CORRECT,CORRECT,CORRECT,CORRECT,True,True,CORRECT/INCORRECT,CORRECT,True,True,True,11.500036306263723,2.3812118348969307,-9.118824471366793,11.500036306263723,2.3812118348969307,-9.118824471366793,12.5,-29.75,False,no_flip,True,1.2801510374993086
11,calibration,other,physics,2,paired_primary,True,4,neuronpedia_global,all_prompt_positions_and_generated_tokens,question_mark,76,,,95,True,1.0,-1.8,-1.0,评估,vocab_token:99973,99973,c55ca3df206b88ee4dcaf291e77b8830ab68243ed25460e77d6d850604e7a107,40,frozen_layer_40_no_rank_gate,10,2,raw_rank,CORRECT,CORRECT,CORRECT,CORRECT,True,True,CORRECT/INCORRECT,CORRECT,True,True,True,11.000117422717267,2.7563240298895835,-8.243793392827683,11.000117422717267,2.7563240298895835,-8.243793392827683,13.8125,-29.625,False,no_flip,True,1.281930087134242
12,calibration,self,astronomy,2,paired_primary,True,1,neuronpedia_global,all_prompt_positions_and_generated_tokens,question_mark,78,,,97,True,1.0,-1.7,-1.0,评估,vocab_token:99973,99973,c55ca3df206b88ee4dcaf291e77b8830ab68243ed25460e77d6d850604e7a107,40,frozen_layer_40_no_rank_gate,41,14,raw_rank,CORRECT,CORRECT,CORRECT,CORRECT,True,True,CORRECT/INCORRECT,CORRECT,True,True,True,10.750097765785313,2.7511842798612633,-7.998913485924049,10.750097765785313,2.7511842798612633,-7.998913485924049,11.1875,-29.625,False,no_flip,True,1.282180566340685
12,calibration,other,astronomy,2,paired_primary,True,2,neuronpedia_global,all_prompt_positions_and_generated_tokens,question_mark,78,,,97,True,1.0,-1.7,-1.0,评估,vocab_token:99973,99973,c55ca3df206b88ee4dcaf291e77b8830ab68243ed25460e77d6d850604e7a107,40,frozen_layer_40_no_rank_gate,13,3,raw_rank,CORRECT,CORRECT,CORRECT,CORRECT,True,True,CORRECT/INCORRECT,CORRECT,True,True,True,11.500146505231669,2.7525463617985224,-8.747600143433147,11.500146505231669,2.7525463617985224,-8.747600143433147,13.25,-29.625,False,no_flip,True,1.2821230366826057
12,calibration,self,astronomy,2,paired_primary,True,3,neuronpedia_global,all_prompt_positions_and_generated_tokens,question_mark,78,,,97,True,1.0,-1.8,-1.0,评估,vocab_token:99973,99973,c55ca3df206b88ee4dcaf291e77b8830ab68243ed25460e77d6d850604e7a107,40,frozen_layer_40_no_rank_gate,41,14,raw_rank,CORRECT,CORRECT,CORRECT,CORRECT,True,True,CORRECT/INCORRECT,CORRECT,True,True,True,10.750097765785313,2.7515271832708095,-7.998570582514503,10.750097765785313,2.7515271832708095,-7.998570582514503,11.1875,-29.625,False,no_flip,True,1.2847595363855362
12,calibration,other,astronomy,2,paired_primary,True,4,neuronpedia_global,all_prompt_positions_and_generated_tokens,question_mark,78,,,97,True,1.0,-1.8,-1.0,评估,vocab_token:99973,99973,c55ca3df206b88ee4dcaf291e77b8830ab68243ed25460e77d6d850604e7a107,40,frozen_layer_40_no_rank_gate,13,3,raw_rank,CORRECT,CORRECT,CORRECT,CORRECT,True,True,CORRECT/INCORRECT,CORRECT,True,True,True,11.500146505231669,2.7525424389750697,-8.7476040662566,11.500146505231669,2.7525424389750697,-8.7476040662566,13.25,-29.625,False,no_flip,True,1.4083565585315228
13,calibration,self,physics,2,paired_primary,True,1,neuronpedia_global,all_prompt_positions_and_generated_tokens,question_mark,85,,,104,True,1.0,-1.7,-1.0,评估,vocab_token:99973,99973,c55ca3df206b88ee4dcaf291e77b8830ab68243ed25460e77d6d850604e7a107,40,frozen_layer_40_no_rank_gate,26,6,raw_rank,CORRECT,CORRECT,CORRECT,CORRECT,True,True,CORRECT/INCORRECT,CORRECT,True,True,True,1.0000083446275312,1.2593994330081841,0.25939108838065295,1.0000083446275312,1.2593994330081841,0.25939108838065295,11.375,-30.0,False,no_flip,True,1.2811386045068502
13,calibration,other,physics,2,paired_primary,True,2,neuronpedia_global,all_prompt_positions_and_generated_tokens,question_mark,85,,,104,True,1.0,-1.7,-1.0,评估,vocab_token:99973,99973,c55ca3df206b88ee4dcaf291e77b8830ab68243ed25460e77d6d850604e7a107,40,frozen_layer_40_no_rank_gate,10,3,raw_rank,CORRECT,CORRECT,CORRECT,CORRECT,True,True,CORRECT/INCORRECT,CORRECT,True,True,True,3.0000328454207192,1.7593601837688766,-1.2406726616518426,3.0000328454207192,1.7593601837688766,-1.2406726616518426,13.5625,-29.75,False,no_flip,True,1.287792095914483
13,calibration,self,physics,2,paired_primary,True,3,neuronpedia_global,all_prompt_positions_and_generated_tokens,question_mark,85,,,104,True,1.0,-1.8,-1.0,评估,vocab_token:99973,99973,c55ca3df206b88ee4dcaf291e77b8830ab68243ed25460e77d6d850604e7a107,40,frozen_layer_40_no_rank_gate,26,6,raw_rank,CORRECT,CORRECT,CORRECT,CORRECT,True,True,CORRECT/INCORRECT,CORRECT,True,True,True,1.0000083446275312,1.2582901415535162,0.25828179692598496,1.0000083446275312,1.2582901415535162,0.25828179692598496,11.375,-30.0,False,no_flip,True,1.2782159354537725
13,calibration,other,physics,2,paired_primary,True,4,neuronpedia_global,all_prompt_positions_and_generated_tokens,question_mark,85,,,104,True,1.0,-1.8,-1.0,评估,vocab_token:99973,99973,c55ca3df206b88ee4dcaf291e77b8830ab68243ed25460e77d6d850604e7a107,40,frozen_layer_40_no_rank_gate,10,3,raw_rank,CORRECT,CORRECT,CORRECT,CORRECT,True,True,CORRECT/INCORRECT,CORRECT,True,True,True,3.0000328454207192,1.7610560455395898,-1.2389767998811294,3.0000328454207192,1.7610560455395898,-1.2389767998811294,13.5625,-29.75,False,no_flip,True,1.2891853619366884
14,calibration,self,medicine,2,paired_primary,True,1,neuronpedia_global,all_prompt_positions_and_generated_tokens,question_mark,75,,,94,True,1.0,-1.7,-1.0,评估,vocab_token:99973,99973,c55ca3df206b88ee4dcaf291e77b8830ab68243ed25460e77d6d850604e7a107,40,frozen_layer_40_no_rank_gate,27,9,raw_rank,CORRECT,CORRECT,CORRECT,CORRECT,True,True,CORRECT/INCORRECT,CORRECT,True,True,True,11.125062960999458,2.1304235135066847,-8.994639447492773,11.125062960999458,2.1304235135066847,-8.994639447492773,12.4375,-29.5,False,no_flip,True,1.2783322967588902
14,calibration,other,medicine,2,paired_primary,True,2,neuronpedia_global,all_prompt_positions_and_generated_tokens,question_mark,75,,,94,True,1.0,-1.7,-1.0,评估,vocab_token:99973,99973,c55ca3df206b88ee4dcaf291e77b8830ab68243ed25460e77d6d850604e7a107,40,frozen_layer_40_no_rank_gate,11,2,raw_rank,CORRECT,CORRECT,CORRECT,CORRECT,True,True,CORRECT/INCORRECT,CORRECT,True,True,True,10.000119691237842,2.2742145105148666,-7.725905180722975,10.000119691237842,2.2742145105148666,-7.725905180722975,13.6875,-29.5,False,no_flip,True,1.2835836913436651
14,calibration,self,medicine,2,paired_primary,True,3,neuronpedia_global,all_prompt_positions_and_generated_tokens,question_mark,75,,,94,True,1.0,-1.8,-1.0,评估,vocab_token:99973,99973,c55ca3df206b88ee4dcaf291e77b8830ab68243ed25460e77d6d850604e7a107,40,frozen_layer_40_no_rank_gate,27,9,raw_rank,CORRECT,CORRECT,CORRECT,CORRECT,True,True,CORRECT/INCORRECT,CORRECT,True,True,True,11.125062960999458,2.1318515718794515,-8.993211389120006,11.125062960999458,2.1318515718794515,-8.993211389120006,12.4375,-29.5,False,no_flip,True,1.3393435552716255
14,calibration,other,medicine,2,paired_primary,True,4,neuronpedia_global,all_prompt_positions_and_generated_tokens,question_mark,75,,,94,True,1.0,-1.8,-1.0,评估,vocab_token:99973,99973,c55ca3df206b88ee4dcaf291e77b8830ab68243ed25460e77d6d850604e7a107,40,frozen_layer_40_no_rank_gate,11,2,raw_rank,CORRECT,CORRECT,CORRECT,CORRECT,True,True,CORRECT/INCORRECT,CORRECT,True,True,True,10.000119691237842,2.402391128762247,-7.597728562475595,10.000119691237842,2.402391128762247,-7.597728562475595,13.6875,-29.5,False,no_flip,True,1.2797468714416027
15,calibration,self,biology,2,paired_primary,True,1,neuronpedia_global,all_prompt_positions_and_generated_tokens,question_mark,74,,,93,True,1.0,-1.7,-1.0,评估,vocab_token:99973,99973,c55ca3df206b88ee4dcaf291e77b8830ab68243ed25460e77d6d850604e7a107,40,frozen_layer_40_no_rank_gate,29,6,raw_rank,CORRECT,CORRECT,CORRECT,CORRECT,True,True,CORRECT/INCORRECT,CORRECT,True,True,True,11.750051987191682,2.501975076209419,-9.248076910982263,11.750051987191682,2.501975076209419,-9.248076910982263,11.875,-29.875,False,no_flip,True,1.2813888434320688
15,calibration,other,biology,2,paired_primary,True,2,neuronpedia_global,all_prompt_positions_and_generated_tokens,question_mark,74,,,93,True,1.0,-1.7,-1.0,评估,vocab_token:99973,99973,c55ca3df206b88ee4dcaf291e77b8830ab68243ed25460e77d6d850604e7a107,40,frozen_layer_40_no_rank_gate,12,3,raw_rank,CORRECT,CORRECT,CORRECT,CORRECT,True,True,CORRECT/INCORRECT,CORRECT,True,True,True,11.875102280218925,2.754668782425142,-9.120433497793783,11.875102280218925,2.754668782425142,-9.120433497793783,13.625,-29.375,False,no_flip,True,1.2834359109401703
15,calibration,self,biology,2,paired_primary,True,3,neuronpedia_global,all_prompt_positions_and_generated_tokens,question_mark,74,,,93,True,1.0,-1.8,-1.0,评估,vocab_token:99973,99973,c55ca3df206b88ee4dcaf291e77b8830ab68243ed25460e77d6d850604e7a107,40,frozen_layer_40_no_rank_gate,29,6,raw_rank,CORRECT,CORRECT,CORRECT,CORRECT,True,True,CORRECT/INCORRECT,CORRECT,True,True,True,11.750051987191682,2.5022276002619037,-9.247824386929778,11.750051987191682,2.5022276002619037,-9.247824386929778,11.875,-29.875,False,no_flip,True,1.2807162497192621
15,calibration,other,biology,2,paired_primary,True,4,neuronpedia_global,all_prompt_positions_and_generated_tokens,question_mark,74,,,93,True,1.0,-1.8,-1.0,评估,vocab_token:99973,99973,c55ca3df206b88ee4dcaf291e77b8830ab68243ed25460e77d6d850604e7a107,40,frozen_layer_40_no_rank_gate,12,3,raw_rank,CORRECT,CORRECT,CORRECT,CORRECT,True,True,CORRECT/INCORRECT,CORRECT,True,True,True,11.875102280218925,2.7541184962537955,-9.12098378396513,11.875102280218925,2.7541184962537955,-9.12098378396513,13.625,-29.375,False,no_flip,True,1.281261743977666
16,calibration,self,geography,2,paired_primary,True,1,neuronpedia_global,all_prompt_positions_and_generated_tokens,question_mark,78,,,97,True,1.0,-1.7,-1.0,评估,vocab_token:99973,99973,c55ca3df206b88ee4dcaf291e77b8830ab68243ed25460e77d6d850604e7a107,40,frozen_layer_40_no_rank_gate,35,16,raw_rank,CORRECT,CORRECT,CORRECT,CORRECT,True,True,CORRECT/INCORRECT,CORRECT,True,True,True,13.812550082304824,2.7519629197067843,-11.06058716259804,13.812550082304824,2.7519629197067843,-11.06058716259804,11.9375,-29.5,False,no_flip,True,1.2849800568073988
16,calibration,other,geography,2,paired_primary,True,2,neuronpedia_global,all_prompt_positions_and_generated_tokens,question_mark,78,,,97,True,1.0,-1.7,-1.0,评估,vocab_token:99973,99973,c55ca3df206b88ee4dcaf291e77b8830ab68243ed25460e77d6d850604e7a107,40,frozen_layer_40_no_rank_gate,11,2,raw_rank,CORRECT,CORRECT,CORRECT,CORRECT,True,True,CORRECT/INCORRECT,CORRECT,True,True,True,9.875105389295413,2.2710603481409635,-7.60404504115445,9.875105389295413,2.2710603481409635,-7.60404504115445,13.1875,-29.375,False,no_flip,True,1.2860944028943777
16,calibration,self,geography,2,paired_primary,True,3,neuronpedia_global,all_prompt_positions_and_generated_tokens,question_mark,78,,,97,True,1.0,-1.8,-1.0,评估,vocab_token:99973,99973,c55ca3df206b88ee4dcaf291e77b8830ab68243ed25460e77d6d850604e7a107,40,frozen_layer_40_no_rank_gate,35,16,raw_rank,CORRECT,CORRECT,CORRECT,CORRECT,True,True,CORRECT/INCORRECT,CORRECT,True,True,True,13.812550082304824,2.6272579268461413,-11.185292155458683,13.812550082304824,2.6272579268461413,-11.185292155458683,11.9375,-29.5,False,no_flip,True,1.3249164447188377
16,calibration,other,geography,2,paired_primary,True,4,neuronpedia_global,all_prompt_positions_and_generated_tokens,question_mark,78,,,97,True,1.0,-1.8,-1.0,评估,vocab_token:99973,99973,c55ca3df206b88ee4dcaf291e77b8830ab68243ed25460e77d6d850604e7a107,40,frozen_layer_40_no_rank_gate,11,2,raw_rank,CORRECT,CORRECT,CORRECT,CORRECT,True,True,CORRECT/INCORRECT,CORRECT,True,True,True,9.875105389295413,2.143725593283307,-7.7313797960121065,9.875105389295413,2.143725593283307,-7.7313797960121065,13.1875,-29.375,False,no_flip,True,1.3362460769712925
17,calibration,self,biology,2,paired_primary,True,1,neuronpedia_global,all_prompt_positions_and_generated_tokens,question_mark,79,,,98,True,1.0,-1.7,-1.0,评估,vocab_token:99973,99973,c55ca3df206b88ee4dcaf291e77b8830ab68243ed25460e77d6d850604e7a107,40,frozen_layer_40_no_rank_gate,52,23,raw_rank,CORRECT,CORRECT,CORRECT,CORRECT,True,True,CORRECT/INCORRECT,CORRECT,True,True,True,11.875080409601424,2.885143633552616,-8.989936776048808,11.875080409601424,2.885143633552616,-8.989936776048808,11.1875,-29.625,False,no_flip,True,1.2856430783867836
17,calibration,other,biology,2,paired_primary,True,2,neuronpedia_global,all_prompt_positions_and_generated_tokens,question_mark,79,,,98,True,1.0,-1.7,-1.0,评估,vocab_token:99973,99973,c55ca3df206b88ee4dcaf291e77b8830ab68243ed25460e77d6d850604e7a107,40,frozen_layer_40_no_rank_gate,13,3,raw_rank,CORRECT,CORRECT,CORRECT,CORRECT,True,True,CORRECT/INCORRECT,CORRECT,True,True,True,11.875104786730162,2.7756346223795845,-9.099470164350578,11.875104786730162,2.7756346223795845,-9.099470164350578,13.1875,-29.75,False,no_flip,True,1.3016524706035852
17,calibration,self,biology,2,paired_primary,True,3,neuronpedia_global,all_prompt_positions_and_generated_tokens,question_mark,79,,,98,True,1.0,-1.8,-1.0,评估,vocab_token:99973,99973,c55ca3df206b88ee4dcaf291e77b8830ab68243ed25460e77d6d850604e7a107,40,frozen_layer_40_no_rank_gate,52,23,raw_rank,CORRECT,CORRECT,CORRECT,CORRECT,True,True,CORRECT/INCORRECT,CORRECT,True,True,True,11.875080409601424,2.885184291506448,-8.989896118094975,11.875080409601424,2.885184291506448,-8.989896118094975,11.1875,-29.625,False,no_flip,True,1.4186080116778612
17,calibration,other,biology,2,paired_primary,True,4,neuronpedia_global,all_prompt_positions_and_generated_tokens,question_mark,79,,,98,True,1.0,-1.8,-1.0,评估,vocab_token:99973,99973,c55ca3df206b88ee4dcaf291e77b8830ab68243ed25460e77d6d850604e7a107,40,frozen_layer_40_no_rank_gate,13,3,raw_rank,CORRECT,CORRECT,CORRECT,CORRECT,True,True,CORRECT/INCORRECT,CORRECT,True,True,True,11.875104786730162,2.7759088095008337,-9.099195977229328,11.875104786730162,2.7759088095008337,-9.099195977229328,13.1875,-29.625,False,no_flip,True,1.4052641820162535
18,calibration,self,geography,2,paired_primary,True,1,neuronpedia_global,all_prompt_positions_and_generated_tokens,question_mark,77,,,96,True,1.0,-1.7,-1.0,评估,vocab_token:99973,99973,c55ca3df206b88ee4dcaf291e77b8830ab68243ed25460e77d6d850604e7a107,40,frozen_layer_40_no_rank_gate,29,8,raw_rank,CORRECT,CORRECT,CORRECT,CORRECT,True,True,CORRECT/INCORRECT,CORRECT,True,True,True,0.37500393392656406,1.0146111677822773,0.6396072338557133,0.37500393392656406,1.0146111677822773,0.6396072338557133,11.125,-29.75,False,no_flip,True,1.3441753536462784
18,calibration,other,geography,2,paired_primary,True,2,neuronpedia_global,all_prompt_positions_and_generated_tokens,question_mark,77,,,96,True,1.0,-1.7,-1.0,评估,vocab_token:99973,99973,c55ca3df206b88ee4dcaf291e77b8830ab68243ed25460e77d6d850604e7a107,40,frozen_layer_40_no_rank_gate,13,3,raw_rank,CORRECT,CORRECT,CORRECT,CORRECT,True,True,CORRECT/INCORRECT,CORRECT,True,True,True,1.8750659353881929,1.697631771725355,-0.17743416366283782,1.8750659353881929,1.697631771725355,-0.17743416366283782,12.8125,-29.75,False,no_flip,True,1.3252528309822083
18,calibration,self,geography,2,paired_primary,True,3,neuronpedia_global,all_prompt_positions_and_generated_tokens,question_mark,77,,,96,True,1.0,-1.8,-1.0,评估,vocab_token:99973,99973,c55ca3df206b88ee4dcaf291e77b8830ab68243ed25460e77d6d850604e7a107,40,frozen_layer_40_no_rank_gate,29,8,raw_rank,CORRECT,CORRECT,CORRECT,CORRECT,True,True,CORRECT/INCORRECT,CORRECT,True,True,True,0.37500393392656406,1.0147167932818775,0.6397128593553134,0.37500393392656406,1.0147167932818775,0.6397128593553134,11.125,-29.75,False,no_flip,True,1.2868626061826944
18,calibration,other,geography,2,paired_primary,True,4,neuronpedia_global,all_prompt_positions_and_generated_tokens,question_mark,77,,,96,True,1.0,-1.8,-1.0,评估,vocab_token:99973,99973,c55ca3df206b88ee4dcaf291e77b8830ab68243ed25460e77d6d850604e7a107,40,frozen_layer_40_no_rank_gate,13,3,raw_rank,CORRECT,CORRECT,CORRECT,CORRECT,True,True,CORRECT/INCORRECT,CORRECT,True,True,True,1.8750659353881929,1.7055270317468967,-0.1695389036412962,1.8750659353881929,1.7055270317468967,-0.1695389036412962,12.8125,-29.75,False,no_flip,True,1.3011796176433563
19,calibration,self,biology,2,paired_primary,True,1,neuronpedia_global,all_prompt_positions_and_generated_tokens,question_mark,76,,,95,True,1.0,-1.7,-1.0,评估,vocab_token:99973,99973,c55ca3df206b88ee4dcaf291e77b8830ab68243ed25460e77d6d850604e7a107,40,frozen_layer_40_no_rank_gate,52,20,raw_rank,CORRECT,CORRECT,CORRECT,CORRECT,True,True,CORRECT/INCORRECT,CORRECT,True,True,True,6.625049545922025,2.3800635393963603,-4.244986006525664,6.625049545922025,2.3800635393963603,-4.244986006525664,10.8125,-29.75,False,no_flip,True,1.3737074248492718
19,calibration,other,biology,2,paired_primary,True,2,neuronpedia_global,all_prompt_positions_and_generated_tokens,question_mark,76,,,95,True,1.0,-1.7,-1.0,评估,vocab_token:99973,99973,c55ca3df206b88ee4dcaf291e77b8830ab68243ed25460e77d6d850604e7a107,40,frozen_layer_40_no_rank_gate,12,2,raw_rank,CORRECT,CORRECT,CORRECT,CORRECT,True,True,CORRECT/INCORRECT,CORRECT,True,True,True,6.125126804161027,2.1494025826286816,-3.975724221532346,6.125126804161027,2.1494025826286816,-3.975724221532346,13.0,-29.625,False,no_flip,True,1.3888757936656475
19,calibration,self,biology,2,paired_primary,True,3,neuronpedia_global,all_prompt_positions_and_generated_tokens,question_mark,76,,,95,True,1.0,-1.8,-1.0,评估,vocab_token:99973,99973,c55ca3df206b88ee4dcaf291e77b8830ab68243ed25460e77d6d850604e7a107,40,frozen_layer_40_no_rank_gate,52,20,raw_rank,CORRECT,CORRECT,CORRECT,CORRECT,True,True,CORRECT/INCORRECT,CORRECT,True,True,True,6.625049545922025,2.254584318954585,-4.37046522696744,6.625049545922025,2.254584318954585,-4.37046522696744,10.8125,-29.75,False,no_flip,True,1.3320624008774757
19,calibration,other,biology,2,paired_primary,True,4,neuronpedia_global,all_prompt_positions_and_generated_tokens,question_mark,76,,,95,True,1.0,-1.8,-1.0,评估,vocab_token:99973,99973,c55ca3df206b88ee4dcaf291e77b8830ab68243ed25460e77d6d850604e7a107,40,frozen_layer_40_no_rank_gate,12,2,raw_rank,CORRECT,CORRECT,CORRECT,CORRECT,True,True,CORRECT/INCORRECT,CORRECT,True,True,True,6.125126804161027,2.1492843026026094,-3.975842501558418,6.125126804161027,2.1492843026026094,-3.975842501558418,13.0,-29.625,False,no_flip,True,1.3319484125822783
20,calibration,self,biology,3,paired_primary,True,1,neuronpedia_global,all_prompt_positions_and_generated_tokens,question_mark,79,,,98,True,1.0,-1.7,-1.0,评估,vocab_token:99973,99973,c55ca3df206b88ee4dcaf291e77b8830ab68243ed25460e77d6d850604e7a107,40,frozen_layer_40_no_rank_gate,53,19,raw_rank,CORRECT,CORRECT,CORRECT,CORRECT,True,True,CORRECT/INCORRECT,CORRECT,True,True,True,9.62511406820613,2.3811450241537386,-7.243969044052392,9.62511406820613,2.3811450241537386,-7.243969044052392,11.1875,-29.75,False,no_flip,True,1.283536208793521
20,calibration,other,biology,3,paired_primary,True,2,neuronpedia_global,all_prompt_positions_and_generated_tokens,question_mark,79,,,98,True,1.0,-1.7,-1.0,评估,vocab_token:99973,99973,c55ca3df206b88ee4dcaf291e77b8830ab68243ed25460e77d6d850604e7a107,40,frozen_layer_40_no_rank_gate,11,2,raw_rank,CORRECT,CORRECT,CORRECT,CORRECT,True,True,CORRECT/INCORRECT,CORRECT,True,True,True,9.37514556072449,2.530878990153724,-6.844266570570767,9.37514556072449,2.530878990153724,-6.844266570570767,13.3125,-29.375,False,no_flip,True,1.287036994472146
20,calibration,self,biology,3,paired_primary,True,3,neuronpedia_global,all_prompt_positions_and_generated_tokens,question_mark,79,,,98,True,1.0,-1.8,-1.0,评估,vocab_token:99973,99973,c55ca3df206b88ee4dcaf291e77b8830ab68243ed25460e77d6d850604e7a107,40,frozen_layer_40_no_rank_gate,53,19,raw_rank,CORRECT,CORRECT,CORRECT,CORRECT,True,True,CORRECT/INCORRECT,CORRECT,True,True,True,9.62511406820613,2.5069384734742926,-7.118175594731838,9.62511406820613,2.5069384734742926,-7.118175594731838,11.1875,-29.75,False,no_flip,True,1.2845388930290937
20,calibration,other,biology,3,paired_primary,True,4,neuronpedia_global,all_prompt_positions_and_generated_tokens,question_mark,79,,,98,True,1.0,-1.8,-1.0,评估,vocab_token:99973,99973,c55ca3df206b88ee4dcaf291e77b8830ab68243ed25460e77d6d850604e7a107,40,frozen_layer_40_no_rank_gate,11,2,raw_rank,CORRECT,CORRECT,CORRECT,CORRECT,True,True,CORRECT/INCORRECT,CORRECT,True,True,True,9.37514556072449,2.65588984779788,-6.719255712926611,9.37514556072449,2.65588984779788,-6.719255712926611,13.3125,-29.375,False,no_flip,True,1.2847880199551582
21,calibration,self,chemistry,3,paired_primary,True,1,neuronpedia_global,all_prompt_positions_and_generated_tokens,question_mark,80,,,99,True,1.0,-1.7,-1.0,评估,vocab_token:99973,99973,c55ca3df206b88ee4dcaf291e77b8830ab68243ed25460e77d6d850604e7a107,40,frozen_layer_40_no_rank_gate,19,5,raw_rank,CORRECT,CORRECT,CORRECT,CORRECT,True,True,CORRECT/INCORRECT,CORRECT,True,True,True,13.312573332178545,2.7542194031284453,-10.5583539290501,13.312573332178545,2.7542194031284453,-10.5583539290501,12.5625,-29.75,False,no_flip,True,1.287042023614049
21,calibration,other,chemistry,3,paired_primary,True,2,neuronpedia_global,all_prompt_positions_and_generated_tokens,question_mark,80,,,99,True,1.0,-1.7,-1.0,评估,vocab_token:99973,99973,c55ca3df206b88ee4dcaf291e77b8830ab68243ed25460e77d6d850604e7a107,40,frozen_layer_40_no_rank_gate,11,3,raw_rank,CORRECT,CORRECT,CORRECT,CORRECT,True,True,CORRECT/INCORRECT,CORRECT,True,True,True,9.375146768888044,2.7582906289917446,-6.616856139896299,9.375146768888044,2.7582906289917446,-6.616856139896299,13.3125,-29.75,False,no_flip,True,1.2852913532406092
21,calibration,self,chemistry,3,paired_primary,True,3,neuronpedia_global,all_prompt_positions_and_generated_tokens,question_mark,80,,,99,True,1.0,-1.8,-1.0,评估,vocab_token:99973,99973,c55ca3df206b88ee4dcaf291e77b8830ab68243ed25460e77d6d850604e7a107,40,frozen_layer_40_no_rank_gate,19,5,raw_rank,CORRECT,CORRECT,CORRECT,CORRECT,True,True,CORRECT/INCORRECT,CORRECT,True,True,True,13.312573332178545,2.7539935303957463,-10.558579801782798,13.312573332178545,2.7539935303957463,-10.558579801782798,12.5625,-29.75,False,no_flip,True,1.2886190880089998
21,calibration,other,chemistry,3,paired_primary,True,4,neuronpedia_global,all_prompt_positions_and_generated_tokens,question_mark,80,,,99,True,1.0,-1.8,-1.0,评估,vocab_token:99973,99973,c55ca3df206b88ee4dcaf291e77b8830ab68243ed25460e77d6d850604e7a107,40,frozen_layer_40_no_rank_gate,11,3,raw_rank,CORRECT,CORRECT,CORRECT,CORRECT,True,True,CORRECT/INCORRECT,CORRECT,True,True,True,9.375146768888044,2.6327213278982526,-6.742425440989791,9.375146768888044,2.6327213278982526,-6.742425440989791,13.3125,-29.75,False,no_flip,True,1.2875928971916437
22,calibration,self,history,3,paired_primary,True,1,neuronpedia_global,all_prompt_positions_and_generated_tokens,question_mark,82,,,101,True,1.0,-1.7,-1.0,评估,vocab_token:99973,99973,c55ca3df206b88ee4dcaf291e77b8830ab68243ed25460e77d6d850604e7a107,40,frozen_layer_40_no_rank_gate,38,14,raw_rank,CORRECT,CORRECT,CORRECT,CORRECT,True,True,CORRECT/INCORRECT,CORRECT,True,True,True,11.500395510644353,2.5025210863204848,-8.997874424323868,11.500395510644353,2.5025210863204848,-8.997874424323868,11.625,-29.625,False,no_flip,True,1.284038646146655
22,calibration,other,history,3,paired_primary,True,2,neuronpedia_global,all_prompt_positions_and_generated_tokens,question_mark,82,,,101,True,1.0,-1.7,-1.0,评估,vocab_token:99973,99973,c55ca3df206b88ee4dcaf291e77b8830ab68243ed25460e77d6d850604e7a107,40,frozen_layer_40_no_rank_gate,11,2,raw_rank,CORRECT,CORRECT,CORRECT,CORRECT,True,True,CORRECT/INCORRECT,CORRECT,True,True,True,11.250306585915496,2.707189806144015,-8.54311677977148,11.250306585915496,2.707189806144015,-8.54311677977148,13.375,-29.375,False,no_flip,True,1.2810612563043833
22,calibration,self,history,3,paired_primary,True,3,neuronpedia_global,all_prompt_positions_and_generated_tokens,question_mark,82,,,101,True,1.0,-1.8,-1.0,评估,vocab_token:99973,99973,c55ca3df206b88ee4dcaf291e77b8830ab68243ed25460e77d6d850604e7a107,40,frozen_layer_40_no_rank_gate,38,14,raw_rank,CORRECT,CORRECT,CORRECT,CORRECT,True,True,CORRECT/INCORRECT,CORRECT,True,True,True,11.500395510644353,2.502218949373855,-8.998176561270498,11.500395510644353,2.502218949373855,-8.998176561270498,11.625,-29.625,False,no_flip,True,1.2810591384768486
22,calibration,other,history,3,paired_primary,True,4,neuronpedia_global,all_prompt_positions_and_generated_tokens,question_mark,82,,,101,True,1.0,-1.8,-1.0,评估,vocab_token:99973,99973,c55ca3df206b88ee4dcaf291e77b8830ab68243ed25460e77d6d850604e7a107,40,frozen_layer_40_no_rank_gate,11,2,raw_rank,CORRECT,CORRECT,CORRECT,CORRECT,True,True,CORRECT/INCORRECT,CORRECT,True,True,True,11.250306585915496,2.7074553149614076,-8.542851270954088,11.250306585915496,2.7074553149614076,-8.542851270954088,13.375,-29.5,False,no_flip,True,1.2856515273451805
23,calibration,self,neuroscience,3,paired_primary,True,1,neuronpedia_global,all_prompt_positions_and_generated_tokens,question_mark,76,,,95,True,1.0,-1.7,-1.0,评估,vocab_token:99973,99973,c55ca3df206b88ee4dcaf291e77b8830ab68243ed25460e77d6d850604e7a107,40,frozen_layer_40_no_rank_gate,37,12,raw_rank,CORRECT,CORRECT,CORRECT,CORRECT,True,True,CORRECT/INCORRECT,CORRECT,True,True,True,4.000027771812938,1.4485795441105438,-2.5514482277023944,4.000027771812938,1.4485795441105438,-2.5514482277023944,11.0,-29.75,False,no_flip,True,1.277014371007681
23,calibration,other,neuroscience,3,paired_primary,True,2,neuronpedia_global,all_prompt_positions_and_generated_tokens,question_mark,76,,,95,True,1.0,-1.7,-1.0,评估,vocab_token:99973,99973,c55ca3df206b88ee4dcaf291e77b8830ab68243ed25460e77d6d850604e7a107,40,frozen_layer_40_no_rank_gate,13,3,raw_rank,CORRECT,CORRECT,CORRECT,CORRECT,True,True,CORRECT/INCORRECT,CORRECT,True,True,True,4.6250910111116355,1.4065741868762416,-3.218516824235394,4.6250910111116355,1.4065741868762416,-3.218516824235394,12.8125,-29.75,False,no_flip,True,1.280507704243064
23,calibration,self,neuroscience,3,paired_primary,True,3,neuronpedia_global,all_prompt_positions_and_generated_tokens,question_mark,76,,,95,True,1.0,-1.8,-1.0,评估,vocab_token:99973,99973,c55ca3df206b88ee4dcaf291e77b8830ab68243ed25460e77d6d850604e7a107,40,frozen_layer_40_no_rank_gate,37,12,raw_rank,CORRECT,CORRECT,CORRECT,CORRECT,True,True,CORRECT/INCORRECT,CORRECT,True,True,True,4.000027771812938,1.4395335708359198,-2.5604942009770184,4.000027771812938,1.4395335708359198,-2.5604942009770184,11.0,-29.75,False,no_flip,True,1.410371109843254
23,calibration,other,neuroscience,3,paired_primary,True,4,neuronpedia_global,all_prompt_positions_and_generated_tokens,question_mark,76,,,95,True,1.0,-1.8,-1.0,评估,vocab_token:99973,99973,c55ca3df206b88ee4dcaf291e77b8830ab68243ed25460e77d6d850604e7a107,40,frozen_layer_40_no_rank_gate,13,3,raw_rank,CORRECT,CORRECT,CORRECT,CORRECT,True,True,CORRECT/INCORRECT,CORRECT,True,True,True,4.6250910111116355,1.2775257684443204,-3.347565242667315,4.6250910111116355,1.2775257684443204,-3.347565242667315,12.8125,-29.75,False,no_flip,True,1.3414749335497618
24,calibration,self,physics,3,paired_primary,True,1,neuronpedia_global,all_prompt_positions_and_generated_tokens,question_mark,79,,,98,True,1.0,-1.7,-1.0,评估,vocab_token:99973,99973,c55ca3df206b88ee4dcaf291e77b8830ab68243ed25460e77d6d850604e7a107,40,frozen_layer_40_no_rank_gate,41,16,raw_rank,CORRECT,CORRECT,CORRECT,CORRECT,True,True,CORRECT/INCORRECT,CORRECT,True,True,True,10.875066593973088,2.754382276440083,-8.120684317533005,10.875066593973088,2.754382276440083,-8.120684317533005,11.625,-29.75,False,no_flip,True,1.2881214935332537
24,calibration,other,physics,3,paired_primary,True,2,neuronpedia_global,all_prompt_positions_and_generated_tokens,question_mark,79,,,98,True,1.0,-1.7,-1.0,评估,vocab_token:99973,99973,c55ca3df206b88ee4dcaf291e77b8830ab68243ed25460e77d6d850604e7a107,40,frozen_layer_40_no_rank_gate,11,2,raw_rank,CORRECT,CORRECT,CORRECT,CORRECT,True,True,CORRECT/INCORRECT,CORRECT,True,True,True,10.50009048630477,2.534546801212855,-7.965543685091916,10.50009048630477,2.534546801212855,-7.965543685091916,13.5,-29.75,False,no_flip,True,1.2919303309172392
24,calibration,self,physics,3,paired_primary,True,3,neuronpedia_global,all_prompt_positions_and_generated_tokens,question_mark,79,,,98,True,1.0,-1.8,-1.0,评估,vocab_token:99973,99973,c55ca3df206b88ee4dcaf291e77b8830ab68243ed25460e77d6d850604e7a107,40,frozen_layer_40_no_rank_gate,41,16,raw_rank,CORRECT,CORRECT,CORRECT,CORRECT,True,True,CORRECT/INCORRECT,CORRECT,True,True,True,10.875066593973088,2.7543857334594577,-8.12068086051363,10.875066593973088,2.7543857334594577,-8.12068086051363,11.625,-29.75,False,no_flip,True,1.2919204831123352
24,calibration,other,physics,3,paired_primary,True,4,neuronpedia_global,all_prompt_positions_and_generated_tokens,question_mark,79,,,98,True,1.0,-1.8,-1.0,评估,vocab_token:99973,99973,c55ca3df206b88ee4dcaf291e77b8830ab68243ed25460e77d6d850604e7a107,40,frozen_layer_40_no_rank_gate,11,2,raw_rank,CORRECT,CORRECT,CORRECT,CORRECT,True,True,CORRECT/INCORRECT,CORRECT,True,True,True,10.50009048630477,2.780460831887467,-7.719629654417304,10.50009048630477,2.780460831887467,-7.719629654417304,13.5,-29.75,False,no_flip,True,1.3908779211342335
25,calibration,self,neuroscience,3,paired_primary,True,1,neuronpedia_global,all_prompt_positions_and_generated_tokens,question_mark,78,,,97,True,1.0,-1.7,-1.0,评估,vocab_token:99973,99973,c55ca3df206b88ee4dcaf291e77b8830ab68243ed25460e77d6d850604e7a107,40,frozen_layer_40_no_rank_gate,29,11,raw_rank,CORRECT,CORRECT,CORRECT,CORRECT,True,True,CORRECT/INCORRECT,CORRECT,True,True,True,12.500050471351187,2.5017192663672176,-9.99833120498397,12.500050471351187,2.5017192663672176,-9.99833120498397,12.0625,-29.625,False,no_flip,True,1.3337363116443157
25,calibration,other,neuroscience,3,paired_primary,True,2,neuronpedia_global,all_prompt_positions_and_generated_tokens,question_mark,78,,,97,True,1.0,-1.7,-1.0,评估,vocab_token:99973,99973,c55ca3df206b88ee4dcaf291e77b8830ab68243ed25460e77d6d850604e7a107,40,frozen_layer_40_no_rank_gate,10,2,raw_rank,CORRECT,CORRECT,CORRECT,CORRECT,True,True,CORRECT/INCORRECT,CORRECT,True,True,True,11.250079525506862,2.7547589937166777,-8.495320531790185,11.250079525506862,2.7547589937166777,-8.495320531790185,13.625,-29.625,False,no_flip,True,1.3452438451349735
25,calibration,self,neuroscience,3,paired_primary,True,3,neuronpedia_global,all_prompt_positions_and_generated_tokens,question_mark,78,,,97,True,1.0,-1.8,-1.0,评估,vocab_token:99973,99973,c55ca3df206b88ee4dcaf291e77b8830ab68243ed25460e77d6d850604e7a107,40,frozen_layer_40_no_rank_gate,29,11,raw_rank,CORRECT,CORRECT,CORRECT,CORRECT,True,True,CORRECT/INCORRECT,CORRECT,True,True,True,12.500050471351187,2.3769036761295865,-10.1231467952216,12.500050471351187,2.3769036761295865,-10.1231467952216,12.0625,-29.625,False,no_flip,True,1.3847350664436817
25,calibration,other,neuroscience,3,paired_primary,True,4,neuronpedia_global,all_prompt_positions_and_generated_tokens,question_mark,78,,,97,True,1.0,-1.8,-1.0,评估,vocab_token:99973,99973,c55ca3df206b88ee4dcaf291e77b8830ab68243ed25460e77d6d850604e7a107,40,frozen_layer_40_no_rank_gate,10,2,raw_rank,CORRECT,CORRECT,CORRECT,CORRECT,True,True,CORRECT/INCORRECT,CORRECT,True,True,True,11.250079525506862,2.62964167867176,-8.620437846835102,11.250079525506862,2.62964167867176,-8.620437846835102,13.625,-29.625,False,no_flip,True,1.288054633885622
26,calibration,self,chemistry,3,paired_primary,True,1,neuronpedia_global,all_prompt_positions_and_generated_tokens,question_mark,80,,,99,True,1.0,-1.7,-1.0,评估,vocab_token:99973,99973,c55ca3df206b88ee4dcaf291e77b8830ab68243ed25460e77d6d850604e7a107,40,frozen_layer_40_no_rank_gate,27,9,raw_rank,CORRECT,CORRECT,CORRECT,CORRECT,True,True,CORRECT/INCORRECT,CORRECT,True,True,True,12.625810712148905,2.065249042127107,-10.560561670021798,12.625810712148905,2.065249042127107,-10.560561670021798,11.8125,-29.75,False,no_flip,True,1.3077354077249765
26,calibration,other,chemistry,3,paired_primary,True,2,neuronpedia_global,all_prompt_positions_and_generated_tokens,question_mark,80,,,99,True,1.0,-1.7,-1.0,评估,vocab_token:99973,99973,c55ca3df206b88ee4dcaf291e77b8830ab68243ed25460e77d6d850604e7a107,40,frozen_layer_40_no_rank_gate,15,3,raw_rank,CORRECT,CORRECT,CORRECT,CORRECT,True,True,CORRECT/INCORRECT,CORRECT,True,True,True,12.875112294022529,2.5117768481431995,-10.36333544587933,12.875112294022529,2.5117768481431995,-10.36333544587933,13.25,-29.625,False,no_flip,True,1.3148456513881683
26,calibration,self,chemistry,3,paired_primary,True,3,neuronpedia_global,all_prompt_positions_and_generated_tokens,question_mark,80,,,99,True,1.0,-1.8,-1.0,评估,vocab_token:99973,99973,c55ca3df206b88ee4dcaf291e77b8830ab68243ed25460e77d6d850604e7a107,40,frozen_layer_40_no_rank_gate,27,9,raw_rank,CORRECT,CORRECT,CORRECT,CORRECT,True,True,CORRECT/INCORRECT,CORRECT,True,True,True,12.625810712148905,2.1869680189920473,-10.438842693156857,12.625810712148905,2.1869680189920473,-10.438842693156857,11.8125,-29.75,False,no_flip,True,1.2912618890404701
26,calibration,other,chemistry,3,paired_primary,True,4,neuronpedia_global,all_prompt_positions_and_generated_tokens,question_mark,80,,,99,True,1.0,-1.8,-1.0,评估,vocab_token:99973,99973,c55ca3df206b88ee4dcaf291e77b8830ab68243ed25460e77d6d850604e7a107,40,frozen_layer_40_no_rank_gate,15,3,raw_rank,CORRECT,CORRECT,CORRECT,CORRECT,True,True,CORRECT/INCORRECT,CORRECT,True,True,True,12.875112294022529,2.3867634397611255,-10.488348854261403,12.875112294022529,2.3867634397611255,-10.488348854261403,13.25,-29.625,False,no_flip,True,1.289275312796235
27,calibration,self,history,3,paired_primary,True,1,neuronpedia_global,all_prompt_positions_and_generated_tokens,question_mark,85,,,104,True,1.0,-1.7,-1.0,评估,vocab_token:99973,99973,c55ca3df206b88ee4dcaf291e77b8830ab68243ed25460e77d6d850604e7a107,40,frozen_layer_40_no_rank_gate,36,11,raw_rank,CORRECT,CORRECT,CORRECT,CORRECT,True,True,CORRECT/INCORRECT,CORRECT,True,True,True,8.000040905760443,2.345374414275284,-5.654666491485159,8.000040905760443,2.345374414275284,-5.654666491485159,10.9375,-29.875,False,no_flip,True,1.2877680361270905
27,calibration,other,history,3,paired_primary,True,2,neuronpedia_global,all_prompt_positions_and_generated_tokens,question_mark,85,,,104,True,1.0,-1.7,-1.0,评估,vocab_token:99973,99973,c55ca3df206b88ee4dcaf291e77b8830ab68243ed25460e77d6d850604e7a107,40,frozen_layer_40_no_rank_gate,13,3,raw_rank,CORRECT,CORRECT,CORRECT,CORRECT,True,True,CORRECT/INCORRECT,CORRECT,True,True,True,7.375065547184931,2.260268219630234,-5.114797327554697,7.375065547184931,2.260268219630234,-5.114797327554697,12.8125,-29.875,False,no_flip,True,1.3210949283093214
27,calibration,self,history,3,paired_primary,True,3,neuronpedia_global,all_prompt_positions_and_generated_tokens,question_mark,85,,,104,True,1.0,-1.8,-1.0,评估,vocab_token:99973,99973,c55ca3df206b88ee4dcaf291e77b8830ab68243ed25460e77d6d850604e7a107,40,frozen_layer_40_no_rank_gate,36,11,raw_rank,CORRECT,CORRECT,CORRECT,CORRECT,True,True,CORRECT/INCORRECT,CORRECT,True,True,True,8.000040905760443,2.3346187863498926,-5.66542211941055,8.000040905760443,2.3346187863498926,-5.66542211941055,10.9375,-29.75,False,no_flip,True,1.3018582202494144
27,calibration,other,history,3,paired_primary,True,4,neuronpedia_global,all_prompt_positions_and_generated_tokens,question_mark,85,,,104,True,1.0,-1.8,-1.0,评估,vocab_token:99973,99973,c55ca3df206b88ee4dcaf291e77b8830ab68243ed25460e77d6d850604e7a107,40,frozen_layer_40_no_rank_gate,13,3,raw_rank,CORRECT,CORRECT,CORRECT,CORRECT,True,True,CORRECT/INCORRECT,CORRECT,True,True,True,7.375065547184931,2.1366355388599914,-5.23843000832494,7.375065547184931,2.1366355388599914,-5.23843000832494,12.8125,-29.875,False,no_flip,True,1.2880070749670267
28,calibration,self,mathematics,3,paired_primary,True,1,neuronpedia_global,all_prompt_positions_and_generated_tokens,question_mark,83,,,102,True,1.0,-1.7,-1.0,评估,vocab_token:99973,99973,c55ca3df206b88ee4dcaf291e77b8830ab68243ed25460e77d6d850604e7a107,40,frozen_layer_40_no_rank_gate,18,5,raw_rank,CORRECT,CORRECT,CORRECT,CORRECT,True,True,CORRECT/INCORRECT,CORRECT,True,True,True,10.62506259539714,2.267441861313273,-8.357620734083866,10.62506259539714,2.267441861313273,-8.357620734083866,12.5625,-29.625,False,no_flip,True,1.3359919395297766
28,calibration,other,mathematics,3,paired_primary,True,2,neuronpedia_global,all_prompt_positions_and_generated_tokens,question_mark,83,,,102,True,1.0,-1.7,-1.0,评估,vocab_token:99973,99973,c55ca3df206b88ee4dcaf291e77b8830ab68243ed25460e77d6d850604e7a107,40,frozen_layer_40_no_rank_gate,11,3,raw_rank,CORRECT,CORRECT,CORRECT,CORRECT,True,True,CORRECT/INCORRECT,CORRECT,True,True,True,10.75247999801013,2.2694573456119542,-8.483022652398176,10.75247999801013,2.2694573456119542,-8.483022652398176,13.1875,-29.5,False,no_flip,True,1.4294899981468916
28,calibration,self,mathematics,3,paired_primary,True,3,neuronpedia_global,all_prompt_positions_and_generated_tokens,question_mark,83,,,102,True,1.0,-1.8,-1.0,评估,vocab_token:99973,99973,c55ca3df206b88ee4dcaf291e77b8830ab68243ed25460e77d6d850604e7a107,40,frozen_layer_40_no_rank_gate,18,5,raw_rank,CORRECT,CORRECT,CORRECT,CORRECT,True,True,CORRECT/INCORRECT,CORRECT,True,True,True,10.62506259539714,2.267383538219292,-8.357679057177847,10.62506259539714,2.267383538219292,-8.357679057177847,12.5625,-29.625,False,no_flip,True,1.3372998367995024
28,calibration,other,mathematics,3,paired_primary,True,4,neuronpedia_global,all_prompt_positions_and_generated_tokens,question_mark,83,,,102,True,1.0,-1.8,-1.0,评估,vocab_token:99973,99973,c55ca3df206b88ee4dcaf291e77b8830ab68243ed25460e77d6d850604e7a107,40,frozen_layer_40_no_rank_gate,11,3,raw_rank,CORRECT,CORRECT,CORRECT,CORRECT,True,True,CORRECT/INCORRECT,CORRECT,True,True,True,10.75247999801013,2.267917414974363,-8.484562583035768,10.75247999801013,2.267917414974363,-8.484562583035768,13.1875,-29.625,False,no_flip,True,1.3367477413266897
29,calibration,self,physics,3,paired_primary,True,1,neuronpedia_global,all_prompt_positions_and_generated_tokens,question_mark,86,,,105,True,1.0,-1.7,-1.0,评估,vocab_token:99973,99973,c55ca3df206b88ee4dcaf291e77b8830ab68243ed25460e77d6d850604e7a107,40,frozen_layer_40_no_rank_gate,36,13,raw_rank,CORRECT,CORRECT,CORRECT,CORRECT,True,True,CORRECT/INCORRECT,CORRECT,True,True,True,11.875198876726245,2.756273503704506,-9.118925373021739,11.875198876726245,2.756273503704506,-9.118925373021739,11.5625,-29.75,False,no_flip,True,1.2849909253418446
29,calibration,other,physics,3,paired_primary,True,2,neuronpedia_global,all_prompt_positions_and_generated_tokens,question_mark,86,,,105,True,1.0,-1.7,-1.0,评估,vocab_token:99973,99973,c55ca3df206b88ee4dcaf291e77b8830ab68243ed25460e77d6d850604e7a107,40,frozen_layer_40_no_rank_gate,11,3,raw_rank,CORRECT,CORRECT,CORRECT,CORRECT,True,True,CORRECT/INCORRECT,CORRECT,True,True,True,12.125152107998474,2.641067799540906,-9.484084308457568,12.125152107998474,2.641067799540906,-9.484084308457568,13.625,-29.375,False,no_flip,True,1.2865173500031233
29,calibration,self,physics,3,paired_primary,True,3,neuronpedia_global,all_prompt_positions_and_generated_tokens,question_mark,86,,,105,True,1.0,-1.8,-1.0,评估,vocab_token:99973,99973,c55ca3df206b88ee4dcaf291e77b8830ab68243ed25460e77d6d850604e7a107,40,frozen_layer_40_no_rank_gate,36,13,raw_rank,CORRECT,CORRECT,CORRECT,CORRECT,True,True,CORRECT/INCORRECT,CORRECT,True,True,True,11.875198876726245,2.75614985942957,-9.119049017296675,11.875198876726245,2.75614985942957,-9.119049017296675,11.5625,-29.625,False,no_flip,True,1.282886128872633
29,calibration,other,physics,3,paired_primary,True,4,neuronpedia_global,all_prompt_positions_and_generated_tokens,question_mark,86,,,105,True,1.0,-1.8,-1.0,评估,vocab_token:99973,99973,c55ca3df206b88ee4dcaf291e77b8830ab68243ed25460e77d6d850604e7a107,40,frozen_layer_40_no_rank_gate,11,3,raw_rank,CORRECT,CORRECT,CORRECT,CORRECT,True,True,CORRECT/INCORRECT,CORRECT,True,True,True,12.125152107998474,2.6411366600768815,-9.484015447921593,12.125152107998474,2.6411366600768815,-9.484015447921593,13.625,-29.375,False,no_flip,True,1.2871112544089556
30,calibration,self,psychophysics,4,paired_primary,True,1,neuronpedia_global,all_prompt_positions_and_generated_tokens,question_mark,86,,,105,True,1.0,-1.7,-1.0,评估,vocab_token:99973,99973,c55ca3df206b88ee4dcaf291e77b8830ab68243ed25460e77d6d850604e7a107,40,frozen_layer_40_no_rank_gate,48,16,raw_rank,CORRECT,CORRECT,CORRECT,CORRECT,True,True,CORRECT/INCORRECT,CORRECT,True,True,True,9.000276172672557,3.131221211657248,-5.869054961015308,9.000276172672557,3.131221211657248,-5.869054961015308,11.5,-29.75,False,no_flip,True,1.2817664593458176
30,calibration,other,psychophysics,4,paired_primary,True,2,neuronpedia_global,all_prompt_positions_and_generated_tokens,question_mark,86,,,105,True,1.0,-1.7,-1.0,评估,vocab_token:99973,99973,c55ca3df206b88ee4dcaf291e77b8830ab68243ed25460e77d6d850604e7a107,40,frozen_layer_40_no_rank_gate,11,2,raw_rank,CORRECT,CORRECT,CORRECT,CORRECT,True,True,CORRECT/INCORRECT,CORRECT,True,True,True,11.375060444478663,3.00215034370558,-8.372910100773083,11.375060444478663,3.00215034370558,-8.372910100773083,13.5625,-29.625,False,no_flip,True,1.402356281876564
30,calibration,self,psychophysics,4,paired_primary,True,3,neuronpedia_global,all_prompt_positions_and_generated_tokens,question_mark,86,,,105,True,1.0,-1.8,-1.0,评估,vocab_token:99973,99973,c55ca3df206b88ee4dcaf291e77b8830ab68243ed25460e77d6d850604e7a107,40,frozen_layer_40_no_rank_gate,48,16,raw_rank,CORRECT,CORRECT,CORRECT,CORRECT,True,True,CORRECT/INCORRECT,CORRECT,True,True,True,9.000276172672557,3.1309991842481395,-5.869276988424417,9.000276172672557,3.1309991842481395,-5.869276988424417,11.5,-29.75,False,no_flip,True,1.283053606748581
30,calibration,other,psychophysics,4,paired_primary,True,4,neuronpedia_global,all_prompt_positions_and_generated_tokens,question_mark,86,,,105,True,1.0,-1.8,-1.0,评估,vocab_token:99973,99973,c55ca3df206b88ee4dcaf291e77b8830ab68243ed25460e77d6d850604e7a107,40,frozen_layer_40_no_rank_gate,11,2,raw_rank,CORRECT,CORRECT,CORRECT,CORRECT,True,True,CORRECT/INCORRECT,CORRECT,True,True,True,11.375060444478663,3.0024118829933286,-8.372648561485335,11.375060444478663,3.0024118829933286,-8.372648561485335,13.5625,-29.625,False,no_flip,True,1.2812007069587708
31,calibration,self,psychology,4,paired_primary,True,1,neuronpedia_global,all_prompt_positions_and_generated_tokens,question_mark,80,,,99,True,1.0,-1.7,-1.0,评估,vocab_token:99973,99973,c55ca3df206b88ee4dcaf291e77b8830ab68243ed25460e77d6d850604e7a107,40,frozen_layer_40_no_rank_gate,45,14,raw_rank,CORRECT,CORRECT,CORRECT,CORRECT,True,True,CORRECT/INCORRECT,CORRECT,True,True,True,11.00007302496897,2.007441298563208,-8.992631726405762,11.00007302496897,2.007441298563208,-8.992631726405762,11.375,-29.875,False,no_flip,True,1.2882164809852839
31,calibration,other,psychology,4,paired_primary,True,2,neuronpedia_global,all_prompt_positions_and_generated_tokens,question_mark,80,,,99,True,1.0,-1.7,-1.0,评估,vocab_token:99973,99973,c55ca3df206b88ee4dcaf291e77b8830ab68243ed25460e77d6d850604e7a107,40,frozen_layer_40_no_rank_gate,10,2,raw_rank,CORRECT,CORRECT,CORRECT,CORRECT,True,True,CORRECT/INCORRECT,CORRECT,True,True,True,9.125129608286898,1.8787283840247255,-7.246401224262172,9.125129608286898,1.8787283840247255,-7.246401224262172,13.4375,-29.75,False,no_flip,True,1.2841111849993467
31,calibration,self,psychology,4,paired_primary,True,3,neuronpedia_global,all_prompt_positions_and_generated_tokens,question_mark,80,,,99,True,1.0,-1.8,-1.0,评估,vocab_token:99973,99973,c55ca3df206b88ee4dcaf291e77b8830ab68243ed25460e77d6d850604e7a107,40,frozen_layer_40_no_rank_gate,45,14,raw_rank,CORRECT,CORRECT,CORRECT,CORRECT,True,True,CORRECT/INCORRECT,CORRECT,True,True,True,11.00007302496897,1.8818779007378907,-9.118195124231079,11.00007302496897,1.8818779007378907,-9.118195124231079,11.375,-29.875,False,no_flip,True,1.2833090238273144
31,calibration,other,psychology,4,paired_primary,True,4,neuronpedia_global,all_prompt_positions_and_generated_tokens,question_mark,80,,,99,True,1.0,-1.8,-1.0,评估,vocab_token:99973,99973,c55ca3df206b88ee4dcaf291e77b8830ab68243ed25460e77d6d850604e7a107,40,frozen_layer_40_no_rank_gate,10,2,raw_rank,CORRECT,CORRECT,CORRECT,CORRECT,True,True,CORRECT/INCORRECT,CORRECT,True,True,True,9.125129608286898,1.8780126472338452,-7.247116961053052,9.125129608286898,1.8780126472338452,-7.247116961053052,13.4375,-29.75,False,no_flip,True,1.3832159843295813
32,calibration,self,linguistics,4,paired_primary,True,1,neuronpedia_global,all_prompt_positions_and_generated_tokens,question_mark,85,,,104,True,1.0,-1.7,-1.0,评估,vocab_token:99973,99973,c55ca3df206b88ee4dcaf291e77b8830ab68243ed25460e77d6d850604e7a107,40,frozen_layer_40_no_rank_gate,23,7,raw_rank,CORRECT,CORRECT,CORRECT,CORRECT,True,True,CORRECT/INCORRECT,CORRECT,True,True,True,8.875741664131738,2.407785743376735,-6.467955920755003,8.875741664131738,2.407785743376735,-6.467955920755003,12.4375,-29.875,False,no_flip,True,1.460284125059843
32,calibration,other,linguistics,4,paired_primary,True,2,neuronpedia_global,all_prompt_positions_and_generated_tokens,question_mark,85,,,104,True,1.0,-1.7,-1.0,评估,vocab_token:99973,99973,c55ca3df206b88ee4dcaf291e77b8830ab68243ed25460e77d6d850604e7a107,40,frozen_layer_40_no_rank_gate,10,3,raw_rank,CORRECT,CORRECT,CORRECT,CORRECT,True,True,CORRECT/INCORRECT,CORRECT,True,True,True,10.002451977038959,2.539634070255488,-7.462817906783471,10.002451977038959,2.539634070255488,-7.462817906783471,13.8125,-29.625,False,no_flip,True,1.2808600291609764
32,calibration,self,linguistics,4,paired_primary,True,3,neuronpedia_global,all_prompt_positions_and_generated_tokens,question_mark,85,,,104,True,1.0,-1.8,-1.0,评估,vocab_token:99973,99973,c55ca3df206b88ee4dcaf291e77b8830ab68243ed25460e77d6d850604e7a107,40,frozen_layer_40_no_rank_gate,23,7,raw_rank,CORRECT,CORRECT,CORRECT,CORRECT,True,True,CORRECT/INCORRECT,CORRECT,True,True,True,8.875741664131738,2.4047562143578034,-6.470985449773934,8.875741664131738,2.4047562143578034,-6.470985449773934,12.4375,-29.75,False,no_flip,True,1.2776991203427315
32,calibration,other,linguistics,4,paired_primary,True,4,neuronpedia_global,all_prompt_positions_and_generated_tokens,question_mark,85,,,104,True,1.0,-1.8,-1.0,评估,vocab_token:99973,99973,c55ca3df206b88ee4dcaf291e77b8830ab68243ed25460e77d6d850604e7a107,40,frozen_layer_40_no_rank_gate,10,3,raw_rank,CORRECT,CORRECT,CORRECT,CORRECT,True,True,CORRECT/INCORRECT,CORRECT,True,True,True,10.002451977038959,2.4151269336816767,-7.587325043357282,10.002451977038959,2.4151269336816767,-7.587325043357282,13.8125,-29.625,False,no_flip,True,1.3637317679822445
33,calibration,self,psychophysics,4,paired_primary,True,1,neuronpedia_global,all_prompt_positions_and_generated_tokens,question_mark,79,,,98,True,1.0,-1.7,-1.0,评估,vocab_token:99973,99973,c55ca3df206b88ee4dcaf291e77b8830ab68243ed25460e77d6d850604e7a107,40,frozen_layer_40_no_rank_gate,14,5,raw_rank,CORRECT,CORRECT,CORRECT,CORRECT,True,True,CORRECT/INCORRECT,CORRECT,True,True,True,11.000601286282063,2.1600848400730683,-8.840516446208994,11.000601286282063,2.1600848400730683,-8.840516446208994,12.875,-29.625,False,no_flip,True,1.2961528673768044
33,calibration,other,psychophysics,4,paired_primary,True,2,neuronpedia_global,all_prompt_positions_and_generated_tokens,question_mark,79,,,98,True,1.0,-1.7,-1.0,评估,vocab_token:99973,99973,c55ca3df206b88ee4dcaf291e77b8830ab68243ed25460e77d6d850604e7a107,40,frozen_layer_40_no_rank_gate,8,3,raw_rank,CORRECT,CORRECT,CORRECT,CORRECT,True,True,CORRECT/INCORRECT,CORRECT,True,True,True,10.500348079610376,2.5384420530044736,-7.961906026605902,10.500348079610376,2.5384420530044736,-7.961906026605902,13.875,-29.5,False,no_flip,True,1.2886116411536932
33,calibration,self,psychophysics,4,paired_primary,True,3,neuronpedia_global,all_prompt_positions_and_generated_tokens,question_mark,79,,,98,True,1.0,-1.8,-1.0,评估,vocab_token:99973,99973,c55ca3df206b88ee4dcaf291e77b8830ab68243ed25460e77d6d850604e7a107,40,frozen_layer_40_no_rank_gate,14,5,raw_rank,CORRECT,CORRECT,CORRECT,CORRECT,True,True,CORRECT/INCORRECT,CORRECT,True,True,True,11.000601286282063,2.0365177096027764,-8.964083576679286,11.000601286282063,2.0365177096027764,-8.964083576679286,12.875,-29.625,False,no_flip,True,1.2999168075621128
33,calibration,other,psychophysics,4,paired_primary,True,4,neuronpedia_global,all_prompt_positions_and_generated_tokens,question_mark,79,,,98,True,1.0,-1.8,-1.0,评估,vocab_token:99973,99973,c55ca3df206b88ee4dcaf291e77b8830ab68243ed25460e77d6d850604e7a107,40,frozen_layer_40_no_rank_gate,8,3,raw_rank,CORRECT,CORRECT,CORRECT,CORRECT,True,True,CORRECT/INCORRECT,CORRECT,True,True,True,10.500348079610376,2.413017064365704,-8.087331015244672,10.500348079610376,2.413017064365704,-8.087331015244672,13.875,-29.5,False,no_flip,True,1.2915341649204493
34,calibration,self,statistics,4,paired_primary,True,1,neuronpedia_global,all_prompt_positions_and_generated_tokens,question_mark,83,,,102,True,1.0,-1.7,-1.0,评估,vocab_token:99973,99973,c55ca3df206b88ee4dcaf291e77b8830ab68243ed25460e77d6d850604e7a107,40,frozen_layer_40_no_rank_gate,27,9,raw_rank,CORRECT,CORRECT,CORRECT,CORRECT,True,True,CORRECT/INCORRECT,CORRECT,True,True,True,10.8754464602996,2.625163488211001,-8.250282972088598,10.8754464602996,2.625163488211001,-8.250282972088598,12.25,-29.75,False,no_flip,True,1.3049984946846962
34,calibration,other,statistics,4,paired_primary,True,2,neuronpedia_global,all_prompt_positions_and_generated_tokens,question_mark,83,,,102,True,1.0,-1.7,-1.0,评估,vocab_token:99973,99973,c55ca3df206b88ee4dcaf291e77b8830ab68243ed25460e77d6d850604e7a107,40,frozen_layer_40_no_rank_gate,11,3,raw_rank,CORRECT,CORRECT,CORRECT,CORRECT,True,True,CORRECT/INCORRECT,CORRECT,True,True,True,11.252778328297609,2.897907662369107,-8.354870665928502,11.252778328297609,2.897907662369107,-8.354870665928502,13.625,-29.5,False,no_flip,True,1.2964844163507223
34,calibration,self,statistics,4,paired_primary,True,3,neuronpedia_global,all_prompt_positions_and_generated_tokens,question_mark,83,,,102,True,1.0,-1.8,-1.0,评估,vocab_token:99973,99973,c55ca3df206b88ee4dcaf291e77b8830ab68243ed25460e77d6d850604e7a107,40,frozen_layer_40_no_rank_gate,27,9,raw_rank,CORRECT,CORRECT,CORRECT,CORRECT,True,True,CORRECT/INCORRECT,CORRECT,True,True,True,10.8754464602996,2.625169246461155,-8.250277213838444,10.8754464602996,2.625169246461155,-8.250277213838444,12.25,-29.75,False,no_flip,True,1.305235492065549
34,calibration,other,statistics,4,paired_primary,True,4,neuronpedia_global,all_prompt_positions_and_generated_tokens,question_mark,83,,,102,True,1.0,-1.8,-1.0,评估,vocab_token:99973,99973,c55ca3df206b88ee4dcaf291e77b8830ab68243ed25460e77d6d850604e7a107,40,frozen_layer_40_no_rank_gate,11,3,raw_rank,CORRECT,CORRECT,CORRECT,CORRECT,True,True,CORRECT/INCORRECT,CORRECT,True,True,True,11.252778328297609,3.023691689802945,-8.229086638494664,11.252778328297609,3.023691689802945,-8.229086638494664,13.625,-29.5,False,no_flip,True,1.3201689962297678
35,calibration,self,neuroscience,4,paired_primary,True,1,neuronpedia_global,all_prompt_positions_and_generated_tokens,question_mark,78,,,97,True,1.0,-1.7,-1.0,评估,vocab_token:99973,99973,c55ca3df206b88ee4dcaf291e77b8830ab68243ed25460e77d6d850604e7a107,40,frozen_layer_40_no_rank_gate,27,9,raw_rank,CORRECT,CORRECT,CORRECT,CORRECT,True,True,CORRECT/INCORRECT,CORRECT,True,True,True,11.37502177468923,2.253674333899653,-9.121347440789577,11.37502177468923,2.253674333899653,-9.121347440789577,12.0,-29.75,False,no_flip,True,1.291147232055664
35,calibration,other,neuroscience,4,paired_primary,True,2,neuronpedia_global,all_prompt_positions_and_generated_tokens,question_mark,78,,,97,True,1.0,-1.7,-1.0,评估,vocab_token:99973,99973,c55ca3df206b88ee4dcaf291e77b8830ab68243ed25460e77d6d850604e7a107,40,frozen_layer_40_no_rank_gate,11,3,raw_rank,CORRECT,CORRECT,CORRECT,CORRECT,True,True,CORRECT/INCORRECT,CORRECT,True,True,True,9.750065726039793,2.1395771379866346,-7.610488588053158,9.750065726039793,2.1395771379866346,-7.610488588053158,13.4375,-29.625,False,no_flip,True,1.2908882647752762
35,calibration,self,neuroscience,4,paired_primary,True,3,neuronpedia_global,all_prompt_positions_and_generated_tokens,question_mark,78,,,97,True,1.0,-1.8,-1.0,评估,vocab_token:99973,99973,c55ca3df206b88ee4dcaf291e77b8830ab68243ed25460e77d6d850604e7a107,40,frozen_layer_40_no_rank_gate,27,9,raw_rank,CORRECT,CORRECT,CORRECT,CORRECT,True,True,CORRECT/INCORRECT,CORRECT,True,True,True,11.37502177468923,2.1281434816619367,-9.246878293027294,11.37502177468923,2.1281434816619367,-9.246878293027294,12.0,-29.75,False,no_flip,True,1.2870890367776155
35,calibration,other,neuroscience,4,paired_primary,True,4,neuronpedia_global,all_prompt_positions_and_generated_tokens,question_mark,78,,,97,True,1.0,-1.8,-1.0,评估,vocab_token:99973,99973,c55ca3df206b88ee4dcaf291e77b8830ab68243ed25460e77d6d850604e7a107,40,frozen_layer_40_no_rank_gate,11,3,raw_rank,CORRECT,CORRECT,CORRECT,CORRECT,True,True,CORRECT/INCORRECT,CORRECT,True,True,True,9.750065726039793,2.2632339373121795,-7.4868317887276135,9.750065726039793,2.2632339373121795,-7.4868317887276135,13.4375,-29.625,False,no_flip,True,1.3257590476423502
36,calibration,self,statistics,4,paired_primary,True,1,neuronpedia_global,all_prompt_positions_and_generated_tokens,question_mark,81,,,100,True,1.0,-1.7,-1.0,评估,vocab_token:99973,99973,c55ca3df206b88ee4dcaf291e77b8830ab68243ed25460e77d6d850604e7a107,40,frozen_layer_40_no_rank_gate,31,11,raw_rank,CORRECT,CORRECT,CORRECT,CORRECT,True,True,CORRECT/INCORRECT,CORRECT,True,True,True,2.2500232753372984,1.1267230551566172,-1.1233002201806812,2.2500232753372984,1.1267230551566172,-1.1233002201806812,11.5625,-29.625,False,no_flip,True,1.283901158720255
36,calibration,other,statistics,4,paired_primary,True,2,neuronpedia_global,all_prompt_positions_and_generated_tokens,question_mark,81,,,100,True,1.0,-1.7,-1.0,评估,vocab_token:99973,99973,c55ca3df206b88ee4dcaf291e77b8830ab68243ed25460e77d6d850604e7a107,40,frozen_layer_40_no_rank_gate,11,2,raw_rank,CORRECT,CORRECT,CORRECT,CORRECT,True,True,CORRECT/INCORRECT,CORRECT,True,True,True,1.1250297720907838,2.0020266417905077,0.8769968696997239,1.1250297720907838,2.0020266417905077,0.8769968696997239,13.1875,-29.625,False,no_flip,True,1.2910632118582726
36,calibration,self,statistics,4,paired_primary,True,3,neuronpedia_global,all_prompt_positions_and_generated_tokens,question_mark,81,,,100,True,1.0,-1.8,-1.0,评估,vocab_token:99973,99973,c55ca3df206b88ee4dcaf291e77b8830ab68243ed25460e77d6d850604e7a107,40,frozen_layer_40_no_rank_gate,31,11,raw_rank,CORRECT,CORRECT,CORRECT,CORRECT,True,True,CORRECT/INCORRECT,CORRECT,True,True,True,2.2500232753372984,1.2517552232629896,-0.9982680520743088,2.2500232753372984,1.2517552232629896,-0.9982680520743088,11.5625,-29.625,False,no_flip,True,1.2869760431349277
36,calibration,other,statistics,4,paired_primary,True,4,neuronpedia_global,all_prompt_positions_and_generated_tokens,question_mark,81,,,100,True,1.0,-1.8,-1.0,评估,vocab_token:99973,99973,c55ca3df206b88ee4dcaf291e77b8830ab68243ed25460e77d6d850604e7a107,40,frozen_layer_40_no_rank_gate,11,2,raw_rank,CORRECT,CORRECT,CORRECT,CORRECT,True,True,CORRECT/INCORRECT,CORRECT,True,True,True,1.1250297720907838,2.002305448433617,0.8772756763428333,1.1250297720907838,2.002305448433617,0.8772756763428333,13.1875,-29.625,False,no_flip,True,1.288138210773468
37,calibration,self,psychology,4,paired_primary,True,1,neuronpedia_global,all_prompt_positions_and_generated_tokens,question_mark,86,,,105,True,1.0,-1.7,-1.0,评估,vocab_token:99973,99973,c55ca3df206b88ee4dcaf291e77b8830ab68243ed25460e77d6d850604e7a107,40,frozen_layer_40_no_rank_gate,17,5,raw_rank,CORRECT,CORRECT,CORRECT,CORRECT,True,True,CORRECT/INCORRECT,CORRECT,True,True,True,7.5003957706810525,2.2591405967941682,-5.241255173886884,7.5003957706810525,2.2591405967941682,-5.241255173886884,12.1875,-29.875,False,no_flip,True,1.3039836268872023
37,calibration,other,psychology,4,paired_primary,True,2,neuronpedia_global,all_prompt_positions_and_generated_tokens,question_mark,86,,,105,True,1.0,-1.7,-1.0,评估,vocab_token:99973,99973,c55ca3df206b88ee4dcaf291e77b8830ab68243ed25460e77d6d850604e7a107,40,frozen_layer_40_no_rank_gate,9,2,raw_rank,CORRECT,CORRECT,CORRECT,CORRECT,True,True,CORRECT/INCORRECT,CORRECT,True,True,True,5.875103721413325,2.3821498015950056,-3.4929539198183193,5.875103721413325,2.3821498015950056,-3.4929539198183193,13.75,-29.5,False,no_flip,True,1.2855634093284607
37,calibration,self,psychology,4,paired_primary,True,3,neuronpedia_global,all_prompt_positions_and_generated_tokens,question_mark,86,,,105,True,1.0,-1.8,-1.0,评估,vocab_token:99973,99973,c55ca3df206b88ee4dcaf291e77b8830ab68243ed25460e77d6d850604e7a107,40,frozen_layer_40_no_rank_gate,17,5,raw_rank,CORRECT,CORRECT,CORRECT,CORRECT,True,True,CORRECT/INCORRECT,CORRECT,True,True,True,7.5003957706810525,2.3854048150069502,-5.114990955674102,7.5003957706810525,2.3854048150069502,-5.114990955674102,12.1875,-29.875,False,no_flip,True,1.283028757199645
37,calibration,other,psychology,4,paired_primary,True,4,neuronpedia_global,all_prompt_positions_and_generated_tokens,question_mark,86,,,105,True,1.0,-1.8,-1.0,评估,vocab_token:99973,99973,c55ca3df206b88ee4dcaf291e77b8830ab68243ed25460e77d6d850604e7a107,40,frozen_layer_40_no_rank_gate,9,2,raw_rank,CORRECT,CORRECT,CORRECT,CORRECT,True,True,CORRECT/INCORRECT,CORRECT,True,True,True,5.875103721413325,2.3813198758962244,-3.4937838455171004,5.875103721413325,2.3813198758962244,-3.4937838455171004,13.75,-29.5,False,no_flip,True,1.3295247573405504
38,calibration,self,psychology,4,paired_primary,True,1,neuronpedia_global,all_prompt_positions_and_generated_tokens,question_mark,78,,,97,True,1.0,-1.7,-1.0,评估,vocab_token:99973,99973,c55ca3df206b88ee4dcaf291e77b8830ab68243ed25460e77d6d850604e7a107,40,frozen_layer_40_no_rank_gate,28,6,raw_rank,CORRECT,CORRECT,CORRECT,CORRECT,True,True,CORRECT/INCORRECT,CORRECT,True,True,True,9.375244535964839,2.378050556868402,-6.997193979096437,9.375244535964839,2.378050556868402,-6.997193979096437,11.9375,-29.5,False,no_flip,True,1.2886839676648378
38,calibration,other,psychology,4,paired_primary,True,2,neuronpedia_global,all_prompt_positions_and_generated_tokens,question_mark,78,,,97,True,1.0,-1.7,-1.0,评估,vocab_token:99973,99973,c55ca3df206b88ee4dcaf291e77b8830ab68243ed25460e77d6d850604e7a107,40,frozen_layer_40_no_rank_gate,12,3,raw_rank,CORRECT,CORRECT,CORRECT,CORRECT,True,True,CORRECT/INCORRECT,CORRECT,True,True,True,10.125943664113379,3.1269908743743144,-6.998952789739064,10.125943664113379,3.1269908743743144,-6.998952789739064,13.4375,-29.625,False,no_flip,True,1.2908838242292404
38,calibration,self,psychology,4,paired_primary,True,3,neuronpedia_global,all_prompt_positions_and_generated_tokens,question_mark,78,,,97,True,1.0,-1.8,-1.0,评估,vocab_token:99973,99973,c55ca3df206b88ee4dcaf291e77b8830ab68243ed25460e77d6d850604e7a107,40,frozen_layer_40_no_rank_gate,28,6,raw_rank,CORRECT,CORRECT,CORRECT,CORRECT,True,True,CORRECT/INCORRECT,CORRECT,True,True,True,9.375244535964839,2.377971114502543,-6.997273421462296,9.375244535964839,2.377971114502543,-6.997273421462296,11.9375,-29.5,False,no_flip,True,1.2894658595323563
38,calibration,other,psychology,4,paired_primary,True,4,neuronpedia_global,all_prompt_positions_and_generated_tokens,question_mark,78,,,97,True,1.0,-1.8,-1.0,评估,vocab_token:99973,99973,c55ca3df206b88ee4dcaf291e77b8830ab68243ed25460e77d6d850604e7a107,40,frozen_layer_40_no_rank_gate,12,3,raw_rank,CORRECT,CORRECT,CORRECT,CORRECT,True,True,CORRECT/INCORRECT,CORRECT,True,True,True,10.125943664113379,3.1273952342417033,-6.998548429871676,10.125943664113379,3.1273952342417033,-6.998548429871676,13.4375,-29.625,False,no_flip,True,1.286670045927167
39,calibration,self,statistics,4,paired_primary,True,1,neuronpedia_global,all_prompt_positions_and_generated_tokens,question_mark,82,,,101,True,1.0,-1.7,-1.0,评估,vocab_token:99973,99973,c55ca3df206b88ee4dcaf291e77b8830ab68243ed25460e77d6d850604e7a107,40,frozen_layer_40_no_rank_gate,31,10,raw_rank,CORRECT,CORRECT,CORRECT,CORRECT,True,True,CORRECT/INCORRECT,CORRECT,True,True,True,11.62517755561771,2.6267132076609414,-8.99846434795677,11.62517755561771,2.6267132076609414,-8.99846434795677,11.875,-29.75,False,no_flip,True,1.2899671643972397
39,calibration,other,statistics,4,paired_primary,True,2,neuronpedia_global,all_prompt_positions_and_generated_tokens,question_mark,82,,,101,True,1.0,-1.7,-1.0,评估,vocab_token:99973,99973,c55ca3df206b88ee4dcaf291e77b8830ab68243ed25460e77d6d850604e7a107,40,frozen_layer_40_no_rank_gate,11,3,raw_rank,CORRECT,CORRECT,CORRECT,CORRECT,True,True,CORRECT/INCORRECT,CORRECT,True,True,True,11.875195262132479,2.8786890345763823,-8.996506227556097,11.875195262132479,2.8786890345763823,-8.996506227556097,13.9375,-29.375,False,no_flip,True,1.288070073351264
39,calibration,self,statistics,4,paired_primary,True,3,neuronpedia_global,all_prompt_positions_and_generated_tokens,question_mark,82,,,101,True,1.0,-1.8,-1.0,评估,vocab_token:99973,99973,c55ca3df206b88ee4dcaf291e77b8830ab68243ed25460e77d6d850604e7a107,40,frozen_layer_40_no_rank_gate,31,10,raw_rank,CORRECT,CORRECT,CORRECT,CORRECT,True,True,CORRECT/INCORRECT,CORRECT,True,True,True,11.62517755561771,2.751742715430737,-8.873434840186974,11.62517755561771,2.751742715430737,-8.873434840186974,11.875,-29.75,False,no_flip,True,1.283486731350422
39,calibration,other,statistics,4,paired_primary,True,4,neuronpedia_global,all_prompt_positions_and_generated_tokens,question_mark,82,,,101,True,1.0,-1.8,-1.0,评估,vocab_token:99973,99973,c55ca3df206b88ee4dcaf291e77b8830ab68243ed25460e77d6d850604e7a107,40,frozen_layer_40_no_rank_gate,11,3,raw_rank,CORRECT,CORRECT,CORRECT,CORRECT,True,True,CORRECT/INCORRECT,CORRECT,True,True,True,11.875195262132479,2.8786865406364086,-8.99650872149607,11.875195262132479,2.8786865406364086,-8.99650872149607,13.9375,-29.375,False,no_flip,True,1.2989570200443268
40,calibration,self,psychophysics,5,paired_primary,True,1,neuronpedia_global,all_prompt_positions_and_generated_tokens,question_mark,89,,,108,True,1.0,-1.7,-1.0,评估,vocab_token:99973,99973,c55ca3df206b88ee4dcaf291e77b8830ab68243ed25460e77d6d850604e7a107,40,frozen_layer_40_no_rank_gate,12,4,raw_rank,INCORRECT,INCORRECT,CORRECT,CORRECT,True,True,CORRECT/INCORRECT,CORRECT,True,False,True,-0.49989447437656054,0.7669829014303104,1.266877375806871,-0.49989447437656054,0.7669829014303104,1.266877375806871,12.1875,-29.75,True,improved,True,1.342106394469738
40,calibration,other,psychophysics,5,paired_primary,True,2,neuronpedia_global,all_prompt_positions_and_generated_tokens,question_mark,89,,,108,True,1.0,-1.7,-1.0,评估,vocab_token:99973,99973,c55ca3df206b88ee4dcaf291e77b8830ab68243ed25460e77d6d850604e7a107,40,frozen_layer_40_no_rank_gate,7,2,raw_rank,CORRECT,CORRECT,CORRECT,CORRECT,True,True,CORRECT/INCORRECT,CORRECT,True,True,True,0.8753121106697108,0.9264988368940976,0.0511867262243868,0.8753121106697108,0.9264988368940976,0.0511867262243868,13.1875,-29.5,False,no_flip,True,1.3167477529495955
40,calibration,self,psychophysics,5,paired_primary,True,3,neuronpedia_global,all_prompt_positions_and_generated_tokens,question_mark,89,,,108,True,1.0,-1.8,-1.0,评估,vocab_token:99973,99973,c55ca3df206b88ee4dcaf291e77b8830ab68243ed25460e77d6d850604e7a107,40,frozen_layer_40_no_rank_gate,12,4,raw_rank,INCORRECT,INCORRECT,CORRECT,CORRECT,True,True,CORRECT/INCORRECT,CORRECT,True,False,True,-0.49989447437656054,0.7663638793346763,1.2662583537112369,-0.49989447437656054,0.7663638793346763,1.2662583537112369,12.1875,-29.75,True,improved,True,1.3047993276268244
40,calibration,other,psychophysics,5,paired_primary,True,4,neuronpedia_global,all_prompt_positions_and_generated_tokens,question_mark,89,,,108,True,1.0,-1.8,-1.0,评估,vocab_token:99973,99973,c55ca3df206b88ee4dcaf291e77b8830ab68243ed25460e77d6d850604e7a107,40,frozen_layer_40_no_rank_gate,7,2,raw_rank,CORRECT,CORRECT,CORRECT,CORRECT,True,True,CORRECT/INCORRECT,CORRECT,True,True,True,0.8753121106697108,1.0503083902476646,0.17499627957795383,0.8753121106697108,1.0503083902476646,0.17499627957795383,13.1875,-29.5,False,no_flip,True,1.3182569481432438
41,calibration,self,psychology,5,paired_primary,True,1,neuronpedia_global,all_prompt_positions_and_generated_tokens,question_mark,88,,,107,True,1.0,-1.7,-1.0,评估,vocab_token:99973,99973,c55ca3df206b88ee4dcaf291e77b8830ab68243ed25460e77d6d850604e7a107,40,frozen_layer_40_no_rank_gate,22,5,raw_rank,CORRECT,CORRECT,CORRECT,CORRECT,True,True,CORRECT/INCORRECT,CORRECT,True,True,True,8.875186513567314,2.3774551123824494,-6.497731401184865,8.875186513567314,2.3774551123824494,-6.497731401184865,12.125,-29.75,False,no_flip,True,1.3321543410420418
41,calibration,other,psychology,5,paired_primary,True,2,neuronpedia_global,all_prompt_positions_and_generated_tokens,question_mark,88,,,107,True,1.0,-1.7,-1.0,评估,vocab_token:99973,99973,c55ca3df206b88ee4dcaf291e77b8830ab68243ed25460e77d6d850604e7a107,40,frozen_layer_40_no_rank_gate,12,3,raw_rank,CORRECT,CORRECT,CORRECT,CORRECT,True,True,CORRECT/INCORRECT,CORRECT,True,True,True,7.875129714705508,2.636620882542047,-5.238508832163461,7.875129714705508,2.636620882542047,-5.238508832163461,13.375,-29.5,False,no_flip,True,1.330787057057023
41,calibration,self,psychology,5,paired_primary,True,3,neuronpedia_global,all_prompt_positions_and_generated_tokens,question_mark,88,,,107,True,1.0,-1.8,-1.0,评估,vocab_token:99973,99973,c55ca3df206b88ee4dcaf291e77b8830ab68243ed25460e77d6d850604e7a107,40,frozen_layer_40_no_rank_gate,22,5,raw_rank,CORRECT,CORRECT,CORRECT,CORRECT,True,True,CORRECT/INCORRECT,CORRECT,True,True,True,8.875186513567314,2.377724559057242,-6.497461954510072,8.875186513567314,2.377724559057242,-6.497461954510072,12.125,-29.75,False,no_flip,True,1.337960897013545
41,calibration,other,psychology,5,paired_primary,True,4,neuronpedia_global,all_prompt_positions_and_generated_tokens,question_mark,88,,,107,True,1.0,-1.8,-1.0,评估,vocab_token:99973,99973,c55ca3df206b88ee4dcaf291e77b8830ab68243ed25460e77d6d850604e7a107,40,frozen_layer_40_no_rank_gate,12,3,raw_rank,CORRECT,CORRECT,CORRECT,CORRECT,True,True,CORRECT/INCORRECT,CORRECT,True,True,True,7.875129714705508,2.634996577655329,-5.240133137050179,7.875129714705508,2.634996577655329,-5.240133137050179,13.375,-29.5,False,no_flip,True,1.287133950740099
42,calibration,self,neuroscience,5,paired_primary,True,1,neuronpedia_global,all_prompt_positions_and_generated_tokens,question_mark,87,,,106,True,1.0,-1.7,-1.0,评估,vocab_token:99973,99973,c55ca3df206b88ee4dcaf291e77b8830ab68243ed25460e77d6d850604e7a107,40,frozen_layer_40_no_rank_gate,23,5,raw_rank,CORRECT,CORRECT,CORRECT,CORRECT,True,True,CORRECT/INCORRECT,CORRECT,True,True,True,9.625345819336872,2.6073680594599864,-7.017977759876885,9.625345819336872,2.6073680594599864,-7.017977759876885,12.5,-29.5,False,no_flip,True,1.2895994950085878
42,calibration,other,neuroscience,5,paired_primary,True,2,neuronpedia_global,all_prompt_positions_and_generated_tokens,question_mark,87,,,106,True,1.0,-1.7,-1.0,评估,vocab_token:99973,99973,c55ca3df206b88ee4dcaf291e77b8830ab68243ed25460e77d6d850604e7a107,40,frozen_layer_40_no_rank_gate,10,3,raw_rank,CORRECT,CORRECT,CORRECT,CORRECT,True,True,CORRECT/INCORRECT,CORRECT,True,True,True,10.000574450855652,2.963020056627556,-7.037554394228096,10.000574450855652,2.963020056627556,-7.037554394228096,14.0,-29.25,False,no_flip,True,1.2803909834474325
42,calibration,self,neuroscience,5,paired_primary,True,3,neuronpedia_global,all_prompt_positions_and_generated_tokens,question_mark,87,,,106,True,1.0,-1.8,-1.0,评估,vocab_token:99973,99973,c55ca3df206b88ee4dcaf291e77b8830ab68243ed25460e77d6d850604e7a107,40,frozen_layer_40_no_rank_gate,23,5,raw_rank,CORRECT,CORRECT,CORRECT,CORRECT,True,True,CORRECT/INCORRECT,CORRECT,True,True,True,9.625345819336872,2.5313915461010765,-7.093954273235795,9.625345819336872,2.5313915461010765,-7.093954273235795,12.5,-29.5,False,no_flip,True,1.2935200370848179
42,calibration,other,neuroscience,5,paired_primary,True,4,neuronpedia_global,all_prompt_positions_and_generated_tokens,question_mark,87,,,106,True,1.0,-1.8,-1.0,评估,vocab_token:99973,99973,c55ca3df206b88ee4dcaf291e77b8830ab68243ed25460e77d6d850604e7a107,40,frozen_layer_40_no_rank_gate,10,3,raw_rank,CORRECT,CORRECT,CORRECT,CORRECT,True,True,CORRECT/INCORRECT,CORRECT,True,True,True,10.000574450855652,2.9633414373874984,-7.037233013468153,10.000574450855652,2.9633414373874984,-7.037233013468153,14.0,-29.25,False,no_flip,True,1.3089930843561888
43,calibration,self,neuroscience,5,paired_primary,True,1,neuronpedia_global,all_prompt_positions_and_generated_tokens,question_mark,80,,,99,True,1.0,-1.7,-1.0,评估,vocab_token:99973,99973,c55ca3df206b88ee4dcaf291e77b8830ab68243ed25460e77d6d850604e7a107,40,frozen_layer_40_no_rank_gate,15,5,raw_rank,CORRECT,CORRECT,CORRECT,CORRECT,True,True,CORRECT/INCORRECT,INCORRECT,False,False,False,8.375151698004174,1.8761492660742078,-6.499002431929966,-8.375151698004174,-1.8761492660742078,6.499002431929966,12.4375,-30.0,False,no_flip,True,1.2855359520763159
43,calibration,other,neuroscience,5,paired_primary,True,2,neuronpedia_global,all_prompt_positions_and_generated_tokens,question_mark,80,,,99,True,1.0,-1.7,-1.0,评估,vocab_token:99973,99973,c55ca3df206b88ee4dcaf291e77b8830ab68243ed25460e77d6d850604e7a107,40,frozen_layer_40_no_rank_gate,12,3,raw_rank,CORRECT,CORRECT,CORRECT,CORRECT,True,True,CORRECT/INCORRECT,INCORRECT,False,False,False,9.251144603382727,2.0033259786087,-7.247818624774027,-9.251144603382727,-2.0033259786087,7.247818624774027,13.5625,-29.75,False,no_flip,True,1.2951559070497751
43,calibration,self,neuroscience,5,paired_primary,True,3,neuronpedia_global,all_prompt_positions_and_generated_tokens,question_mark,80,,,99,True,1.0,-1.8,-1.0,评估,vocab_token:99973,99973,c55ca3df206b88ee4dcaf291e77b8830ab68243ed25460e77d6d850604e7a107,40,frozen_layer_40_no_rank_gate,15,5,raw_rank,CORRECT,CORRECT,CORRECT,CORRECT,True,True,CORRECT/INCORRECT,INCORRECT,False,False,False,8.375151698004174,2.001029252027365,-6.374122445976809,-8.375151698004174,-2.001029252027365,6.374122445976809,12.4375,-30.0,False,no_flip,True,1.2919002007693052
43,calibration,other,neuroscience,5,paired_primary,True,4,neuronpedia_global,all_prompt_positions_and_generated_tokens,question_mark,80,,,99,True,1.0,-1.8,-1.0,评估,vocab_token:99973,99973,c55ca3df206b88ee4dcaf291e77b8830ab68243ed25460e77d6d850604e7a107,40,frozen_layer_40_no_rank_gate,12,3,raw_rank,CORRECT,CORRECT,CORRECT,CORRECT,True,True,CORRECT/INCORRECT,INCORRECT,False,False,False,9.251144603382727,2.0034287195267098,-7.247715883856017,-9.251144603382727,-2.0034287195267098,7.247715883856017,13.5625,-29.75,False,no_flip,True,1.281822258606553
44,calibration,self,statistics,5,paired_primary,True,1,neuronpedia_global,all_prompt_positions_and_generated_tokens,question_mark,82,,,101,True,1.0,-1.7,-1.0,评估,vocab_token:99973,99973,c55ca3df206b88ee4dcaf291e77b8830ab68243ed25460e77d6d850604e7a107,40,frozen_layer_40_no_rank_gate,14,3,raw_rank,CORRECT,CORRECT,CORRECT,CORRECT,True,True,CORRECT/INCORRECT,CORRECT,True,True,True,5.1253550861367785,1.6096826037719438,-3.5156724823648347,5.1253550861367785,1.6096826037719438,-3.5156724823648347,12.5625,-29.75,False,no_flip,True,1.3093532975763083
44,calibration,other,statistics,5,paired_primary,True,2,neuronpedia_global,all_prompt_positions_and_generated_tokens,question_mark,82,,,101,True,1.0,-1.7,-1.0,评估,vocab_token:99973,99973,c55ca3df206b88ee4dcaf291e77b8830ab68243ed25460e77d6d850604e7a107,40,frozen_layer_40_no_rank_gate,11,3,raw_rank,CORRECT,CORRECT,CORRECT,CORRECT,True,True,CORRECT/INCORRECT,CORRECT,True,True,True,6.625692646559855,3.2499964514900057,-3.3756961950698496,6.625692646559855,3.2499964514900057,-3.3756961950698496,13.75,-29.375,False,no_flip,True,1.3357806336134672
44,calibration,self,statistics,5,paired_primary,True,3,neuronpedia_global,all_prompt_positions_and_generated_tokens,question_mark,82,,,101,True,1.0,-1.8,-1.0,评估,vocab_token:99973,99973,c55ca3df206b88ee4dcaf291e77b8830ab68243ed25460e77d6d850604e7a107,40,frozen_layer_40_no_rank_gate,14,3,raw_rank,CORRECT,CORRECT,CORRECT,CORRECT,True,True,CORRECT/INCORRECT,CORRECT,True,True,True,5.1253550861367785,1.610337241418165,-3.5150178447186136,5.1253550861367785,1.610337241418165,-3.5150178447186136,12.5625,-29.75,False,no_flip,True,1.3374760933220387
44,calibration,other,statistics,5,paired_primary,True,4,neuronpedia_global,all_prompt_positions_and_generated_tokens,question_mark,82,,,101,True,1.0,-1.8,-1.0,评估,vocab_token:99973,99973,c55ca3df206b88ee4dcaf291e77b8830ab68243ed25460e77d6d850604e7a107,40,frozen_layer_40_no_rank_gate,11,3,raw_rank,CORRECT,CORRECT,CORRECT,CORRECT,True,True,CORRECT/INCORRECT,CORRECT,True,True,True,6.625692646559855,3.2402101885327284,-3.385482458027127,6.625692646559855,3.2402101885327284,-3.385482458027127,13.75,-29.375,False,no_flip,True,1.3270332533866167
45,calibration,self,developmental,5,paired_primary,True,1,neuronpedia_global,all_prompt_positions_and_generated_tokens,question_mark,85,,,104,True,1.0,-1.7,-1.0,评估,vocab_token:99973,99973,c55ca3df206b88ee4dcaf291e77b8830ab68243ed25460e77d6d850604e7a107,40,frozen_layer_40_no_rank_gate,12,3,raw_rank,CORRECT,CORRECT,CORRECT,CORRECT,True,True,CORRECT/INCORRECT,CORRECT,True,True,True,4.250014953194295,1.0017825553445618,-3.2482323978497334,4.250014953194295,1.0017825553445618,-3.2482323978497334,12.6875,-30.125,False,no_flip,True,1.2914312686771154
45,calibration,other,developmental,5,paired_primary,True,2,neuronpedia_global,all_prompt_positions_and_generated_tokens,question_mark,85,,,104,True,1.0,-1.7,-1.0,评估,vocab_token:99973,99973,c55ca3df206b88ee4dcaf291e77b8830ab68243ed25460e77d6d850604e7a107,40,frozen_layer_40_no_rank_gate,11,3,raw_rank,CORRECT,CORRECT,CORRECT,CORRECT,True,True,CORRECT/INCORRECT,CORRECT,True,True,True,6.6257364334851445,1.3914756549165759,-5.234260778568569,6.6257364334851445,1.3914756549165759,-5.234260778568569,13.6875,-29.75,False,no_flip,True,1.2824070621281862
45,calibration,self,developmental,5,paired_primary,True,3,neuronpedia_global,all_prompt_positions_and_generated_tokens,question_mark,85,,,104,True,1.0,-1.8,-1.0,评估,vocab_token:99973,99973,c55ca3df206b88ee4dcaf291e77b8830ab68243ed25460e77d6d850604e7a107,40,frozen_layer_40_no_rank_gate,12,3,raw_rank,CORRECT,CORRECT,CORRECT,CORRECT,True,True,CORRECT/INCORRECT,CORRECT,True,True,True,4.250014953194295,1.0015412614598063,-3.248473691734489,4.250014953194295,1.0015412614598063,-3.248473691734489,12.6875,-30.125,False,no_flip,True,1.2781477980315685
45,calibration,other,developmental,5,paired_primary,True,4,neuronpedia_global,all_prompt_positions_and_generated_tokens,question_mark,85,,,104,True,1.0,-1.8,-1.0,评估,vocab_token:99973,99973,c55ca3df206b88ee4dcaf291e77b8830ab68243ed25460e77d6d850604e7a107,40,frozen_layer_40_no_rank_gate,11,3,raw_rank,CORRECT,CORRECT,CORRECT,CORRECT,True,True,CORRECT/INCORRECT,CORRECT,True,True,True,6.6257364334851445,1.2649742373032495,-5.360762196181895,6.6257364334851445,1.2649742373032495,-5.360762196181895,13.6875,-29.75,False,no_flip,True,1.2751256320625544
46,calibration,self,statistics,5,paired_primary,True,1,neuronpedia_global,all_prompt_positions_and_generated_tokens,question_mark,80,,,99,True,1.0,-1.7,-1.0,评估,vocab_token:99973,99973,c55ca3df206b88ee4dcaf291e77b8830ab68243ed25460e77d6d850604e7a107,40,frozen_layer_40_no_rank_gate,14,5,raw_rank,CORRECT,CORRECT,CORRECT,CORRECT,True,True,CORRECT/INCORRECT,CORRECT,True,True,True,10.875069811980438,1.7512188800392323,-9.123850931941206,10.875069811980438,1.7512188800392323,-9.123850931941206,12.8125,-29.625,False,no_flip,True,1.3442738130688667
46,calibration,other,statistics,5,paired_primary,True,2,neuronpedia_global,all_prompt_positions_and_generated_tokens,question_mark,80,,,99,True,1.0,-1.7,-1.0,评估,vocab_token:99973,99973,c55ca3df206b88ee4dcaf291e77b8830ab68243ed25460e77d6d850604e7a107,40,frozen_layer_40_no_rank_gate,11,3,raw_rank,CORRECT,CORRECT,CORRECT,CORRECT,True,True,CORRECT/INCORRECT,CORRECT,True,True,True,9.626398379808052,2.7545173701255408,-6.871881009682511,9.626398379808052,2.7545173701255408,-6.871881009682511,14.0625,-29.5,False,no_flip,True,1.3038642387837172
46,calibration,self,statistics,5,paired_primary,True,3,neuronpedia_global,all_prompt_positions_and_generated_tokens,question_mark,80,,,99,True,1.0,-1.8,-1.0,评估,vocab_token:99973,99973,c55ca3df206b88ee4dcaf291e77b8830ab68243ed25460e77d6d850604e7a107,40,frozen_layer_40_no_rank_gate,14,5,raw_rank,CORRECT,CORRECT,CORRECT,CORRECT,True,True,CORRECT/INCORRECT,CORRECT,True,True,True,10.875069811980438,1.7510958749480778,-9.12397393703236,10.875069811980438,1.7510958749480778,-9.12397393703236,12.8125,-29.625,False,no_flip,True,1.2849007174372673
46,calibration,other,statistics,5,paired_primary,True,4,neuronpedia_global,all_prompt_positions_and_generated_tokens,question_mark,80,,,99,True,1.0,-1.8,-1.0,评估,vocab_token:99973,99973,c55ca3df206b88ee4dcaf291e77b8830ab68243ed25460e77d6d850604e7a107,40,frozen_layer_40_no_rank_gate,11,3,raw_rank,CORRECT,CORRECT,CORRECT,CORRECT,True,True,CORRECT/INCORRECT,CORRECT,True,True,True,9.626398379808052,2.6295315517018025,-6.996866828106249,9.626398379808052,2.6295315517018025,-6.996866828106249,14.0625,-29.5,False,no_flip,True,1.3216556273400784
47,calibration,self,psychophysics,5,paired_primary,True,1,neuronpedia_global,all_prompt_positions_and_generated_tokens,question_mark,79,,,98,True,1.0,-1.7,-1.0,评估,vocab_token:99973,99973,c55ca3df206b88ee4dcaf291e77b8830ab68243ed25460e77d6d850604e7a107,40,frozen_layer_40_no_rank_gate,13,3,raw_rank,CORRECT,CORRECT,CORRECT,CORRECT,True,True,CORRECT/INCORRECT,CORRECT,True,True,True,11.625159153773211,3.256290535769949,-8.368868618003262,11.625159153773211,3.256290535769949,-8.368868618003262,13.0625,-29.5,False,no_flip,True,1.2915213778614998
47,calibration,other,psychophysics,5,paired_primary,True,2,neuronpedia_global,all_prompt_positions_and_generated_tokens,question_mark,79,,,98,True,1.0,-1.7,-1.0,评估,vocab_token:99973,99973,c55ca3df206b88ee4dcaf291e77b8830ab68243ed25460e77d6d850604e7a107,40,frozen_layer_40_no_rank_gate,7,1,raw_rank,CORRECT,CORRECT,CORRECT,CORRECT,True,True,CORRECT/INCORRECT,CORRECT,True,True,True,11.376344626944729,2.895210360245983,-8.481134266698746,11.376344626944729,2.895210360245983,-8.481134266698746,14.0,-29.25,False,no_flip,True,1.2851664926856756
47,calibration,self,psychophysics,5,paired_primary,True,3,neuronpedia_global,all_prompt_positions_and_generated_tokens,question_mark,79,,,98,True,1.0,-1.8,-1.0,评估,vocab_token:99973,99973,c55ca3df206b88ee4dcaf291e77b8830ab68243ed25460e77d6d850604e7a107,40,frozen_layer_40_no_rank_gate,13,3,raw_rank,CORRECT,CORRECT,CORRECT,CORRECT,True,True,CORRECT/INCORRECT,CORRECT,True,True,True,11.625159153773211,3.2565261498275504,-8.36863300394566,11.625159153773211,3.2565261498275504,-8.36863300394566,13.0625,-29.5,False,no_flip,True,1.4267840161919594
47,calibration,other,psychophysics,5,paired_primary,True,4,neuronpedia_global,all_prompt_positions_and_generated_tokens,question_mark,79,,,98,True,1.0,-1.8,-1.0,评估,vocab_token:99973,99973,c55ca3df206b88ee4dcaf291e77b8830ab68243ed25460e77d6d850604e7a107,40,frozen_layer_40_no_rank_gate,7,1,raw_rank,CORRECT,CORRECT,CORRECT,CORRECT,True,True,CORRECT/INCORRECT,CORRECT,True,True,True,11.376344626944729,2.891773367566202,-8.484571259378527,11.376344626944729,2.891773367566202,-8.484571259378527,14.0,-29.25,False,no_flip,True,1.3552916385233402
48,calibration,self,psychophysics,5,paired_primary,True,1,neuronpedia_global,all_prompt_positions_and_generated_tokens,question_mark,97,,,116,True,1.0,-1.7,-1.0,评估,vocab_token:99973,99973,c55ca3df206b88ee4dcaf291e77b8830ab68243ed25460e77d6d850604e7a107,40,frozen_layer_40_no_rank_gate,11,3,raw_rank,CORRECT,CORRECT,CORRECT,CORRECT,True,True,CORRECT/INCORRECT,CORRECT,True,True,True,6.250358841554998,1.449261933201342,-4.8010969083536565,6.250358841554998,1.449261933201342,-4.8010969083536565,13.25,-29.625,False,no_flip,True,1.325053844600916
48,calibration,other,psychophysics,5,paired_primary,True,2,neuronpedia_global,all_prompt_positions_and_generated_tokens,question_mark,97,,,116,True,1.0,-1.7,-1.0,评估,vocab_token:99973,99973,c55ca3df206b88ee4dcaf291e77b8830ab68243ed25460e77d6d850604e7a107,40,frozen_layer_40_no_rank_gate,4,1,raw_rank,CORRECT,CORRECT,CORRECT,CORRECT,True,True,CORRECT/INCORRECT,CORRECT,True,True,True,7.7503408797733755,2.280408181171879,-5.469932698601497,7.7503408797733755,2.280408181171879,-5.469932698601497,14.375,-29.125,False,no_flip,True,1.2956348713487387
48,calibration,self,psychophysics,5,paired_primary,True,3,neuronpedia_global,all_prompt_positions_and_generated_tokens,question_mark,97,,,116,True,1.0,-1.8,-1.0,评估,vocab_token:99973,99973,c55ca3df206b88ee4dcaf291e77b8830ab68243ed25460e77d6d850604e7a107,40,frozen_layer_40_no_rank_gate,11,3,raw_rank,CORRECT,CORRECT,CORRECT,CORRECT,True,True,CORRECT/INCORRECT,CORRECT,True,True,True,6.250358841554998,1.4646296422761225,-4.785729199278876,6.250358841554998,1.4646296422761225,-4.785729199278876,13.25,-29.625,False,no_flip,True,1.2798787597566843
48,calibration,other,psychophysics,5,paired_primary,True,4,neuronpedia_global,all_prompt_positions_and_generated_tokens,question_mark,97,,,116,True,1.0,-1.8,-1.0,评估,vocab_token:99973,99973,c55ca3df206b88ee4dcaf291e77b8830ab68243ed25460e77d6d850604e7a107,40,frozen_layer_40_no_rank_gate,4,1,raw_rank,CORRECT,CORRECT,CORRECT,CORRECT,True,True,CORRECT/INCORRECT,CORRECT,True,True,True,7.7503408797733755,2.2870105747260823,-5.463330305047293,7.7503408797733755,2.2870105747260823,-5.463330305047293,14.375,-29.125,False,no_flip,True,1.2784320637583733
49,calibration,self,neuroscience,5,paired_primary,True,1,neuronpedia_global,all_prompt_positions_and_generated_tokens,question_mark,81,,,100,True,1.0,-1.7,-1.0,评估,vocab_token:99973,99973,c55ca3df206b88ee4dcaf291e77b8830ab68243ed25460e77d6d850604e7a107,40,frozen_layer_40_no_rank_gate,21,5,raw_rank,CORRECT,CORRECT,CORRECT,CORRECT,True,True,CORRECT/INCORRECT,CORRECT,True,True,True,8.125567155098338,1.7508585423911427,-6.374708612707195,8.125567155098338,1.7508585423911427,-6.374708612707195,12.6875,-29.625,False,no_flip,True,1.2848577480763197
49,calibration,other,neuroscience,5,paired_primary,True,2,neuronpedia_global,all_prompt_positions_and_generated_tokens,question_mark,81,,,100,True,1.0,-1.7,-1.0,评估,vocab_token:99973,99973,c55ca3df206b88ee4dcaf291e77b8830ab68243ed25460e77d6d850604e7a107,40,frozen_layer_40_no_rank_gate,11,3,raw_rank,CORRECT,CORRECT,CORRECT,CORRECT,True,True,CORRECT/INCORRECT,CORRECT,True,True,True,8.876896744629903,2.0760099078252097,-6.800886836804693,8.876896744629903,2.0760099078252097,-6.800886836804693,13.5625,-29.625,False,no_flip,True,1.2880568839609623
49,calibration,self,neuroscience,5,paired_primary,True,3,neuronpedia_global,all_prompt_positions_and_generated_tokens,question_mark,81,,,100,True,1.0,-1.8,-1.0,评估,vocab_token:99973,99973,c55ca3df206b88ee4dcaf291e77b8830ab68243ed25460e77d6d850604e7a107,40,frozen_layer_40_no_rank_gate,21,5,raw_rank,CORRECT,CORRECT,CORRECT,CORRECT,True,True,CORRECT/INCORRECT,CORRECT,True,True,True,8.125567155098338,1.7507987339122337,-6.374768421186104,8.125567155098338,1.7507987339122337,-6.374768421186104,12.6875,-29.625,False,no_flip,True,1.2827955391258001
49,calibration,other,neuroscience,5,paired_primary,True,4,neuronpedia_global,all_prompt_positions_and_generated_tokens,question_mark,81,,,100,True,1.0,-1.8,-1.0,评估,vocab_token:99973,99973,c55ca3df206b88ee4dcaf291e77b8830ab68243ed25460e77d6d850604e7a107,40,frozen_layer_40_no_rank_gate,11,3,raw_rank,CORRECT,CORRECT,CORRECT,CORRECT,True,True,CORRECT/INCORRECT,CORRECT,True,True,True,8.876896744629903,1.9449393162758497,-6.931957428354053,8.876896744629903,1.9449393162758497,-6.931957428354053,13.5625,-29.625,False,no_flip,True,1.2821017652750015
50,calibration,self,psychology,5,paired_primary,True,1,neuronpedia_global,all_prompt_positions_and_generated_tokens,question_mark,87,,,106,True,1.0,-1.7,-1.0,评估,vocab_token:99973,99973,c55ca3df206b88ee4dcaf291e77b8830ab68243ed25460e77d6d850604e7a107,40,frozen_layer_40_no_rank_gate,13,4,raw_rank,CORRECT,CORRECT,CORRECT,CORRECT,True,True,CORRECT/INCORRECT,CORRECT,True,True,True,4.375063454910105,2.6260287994264218,-1.7490346554836833,4.375063454910105,2.6260287994264218,-1.7490346554836833,13.0,-29.75,False,no_flip,True,1.2901340425014496
50,calibration,other,psychology,5,paired_primary,True,2,neuronpedia_global,all_prompt_positions_and_generated_tokens,question_mark,87,,,106,True,1.0,-1.7,-1.0,评估,vocab_token:99973,99973,c55ca3df206b88ee4dcaf291e77b8830ab68243ed25460e77d6d850604e7a107,40,frozen_layer_40_no_rank_gate,12,3,raw_rank,CORRECT,CORRECT,CORRECT,CORRECT,True,True,CORRECT/INCORRECT,CORRECT,True,True,True,6.001403741977356,2.4215620301147283,-3.5798417118626276,6.001403741977356,2.4215620301147283,-3.5798417118626276,13.3125,-29.75,False,no_flip,True,1.2825694903731346
50,calibration,self,psychology,5,paired_primary,True,3,neuronpedia_global,all_prompt_positions_and_generated_tokens,question_mark,87,,,106,True,1.0,-1.8,-1.0,评估,vocab_token:99973,99973,c55ca3df206b88ee4dcaf291e77b8830ab68243ed25460e77d6d850604e7a107,40,frozen_layer_40_no_rank_gate,13,4,raw_rank,CORRECT,CORRECT,CORRECT,CORRECT,True,True,CORRECT/INCORRECT,CORRECT,True,True,True,4.375063454910105,2.7510610685239953,-1.6240023863861097,4.375063454910105,2.7510610685239953,-1.6240023863861097,13.0,-29.75,False,no_flip,True,1.295988380908966
50,calibration,other,psychology,5,paired_primary,True,4,neuronpedia_global,all_prompt_positions_and_generated_tokens,question_mark,87,,,106,True,1.0,-1.8,-1.0,评估,vocab_token:99973,99973,c55ca3df206b88ee4dcaf291e77b8830ab68243ed25460e77d6d850604e7a107,40,frozen_layer_40_no_rank_gate,12,3,raw_rank,CORRECT,CORRECT,CORRECT,CORRECT,True,True,CORRECT/INCORRECT,CORRECT,True,True,True,6.001403741977356,2.6714949040997453,-3.3299088378776105,6.001403741977356,2.6714949040997453,-3.3299088378776105,13.3125,-29.75,False,no_flip,True,1.2878640741109848
51,calibration,self,psychophysics,5,paired_primary,True,1,neuronpedia_global,all_prompt_positions_and_generated_tokens,question_mark,80,,,99,True,1.0,-1.7,-1.0,评估,vocab_token:99973,99973,c55ca3df206b88ee4dcaf291e77b8830ab68243ed25460e77d6d850604e7a107,40,frozen_layer_40_no_rank_gate,17,5,raw_rank,CORRECT,CORRECT,CORRECT,CORRECT,True,True,CORRECT/INCORRECT,CORRECT,True,True,True,7.751434753484318,2.627464901708663,-5.123969851775655,7.751434753484318,2.627464901708663,-5.123969851775655,12.125,-29.75,False,no_flip,True,1.2855016086250544
51,calibration,other,psychophysics,5,paired_primary,True,2,neuronpedia_global,all_prompt_positions_and_generated_tokens,question_mark,80,,,99,True,1.0,-1.7,-1.0,评估,vocab_token:99973,99973,c55ca3df206b88ee4dcaf291e77b8830ab68243ed25460e77d6d850604e7a107,40,frozen_layer_40_no_rank_gate,10,3,raw_rank,CORRECT,CORRECT,CORRECT,CORRECT,True,True,CORRECT/INCORRECT,CORRECT,True,True,True,10.75097599748824,3.1257507408517995,-7.6252252566364405,10.75097599748824,3.1257507408517995,-7.6252252566364405,13.5,-29.5,False,no_flip,True,1.2873676903545856
51,calibration,self,psychophysics,5,paired_primary,True,3,neuronpedia_global,all_prompt_positions_and_generated_tokens,question_mark,80,,,99,True,1.0,-1.8,-1.0,评估,vocab_token:99973,99973,c55ca3df206b88ee4dcaf291e77b8830ab68243ed25460e77d6d850604e7a107,40,frozen_layer_40_no_rank_gate,17,5,raw_rank,CORRECT,CORRECT,CORRECT,CORRECT,True,True,CORRECT/INCORRECT,CORRECT,True,True,True,7.751434753484318,2.502343348602153,-5.249091404882165,7.751434753484318,2.502343348602153,-5.249091404882165,12.125,-29.75,False,no_flip,True,1.2836240604519844
51,calibration,other,psychophysics,5,paired_primary,True,4,neuronpedia_global,all_prompt_positions_and_generated_tokens,question_mark,80,,,99,True,1.0,-1.8,-1.0,评估,vocab_token:99973,99973,c55ca3df206b88ee4dcaf291e77b8830ab68243ed25460e77d6d850604e7a107,40,frozen_layer_40_no_rank_gate,10,3,raw_rank,CORRECT,CORRECT,CORRECT,CORRECT,True,True,CORRECT/INCORRECT,CORRECT,True,True,True,10.75097599748824,3.000785844556958,-7.750190152931282,10.75097599748824,3.000785844556958,-7.750190152931282,13.5,-29.5,False,no_flip,True,1.295937480404973
52,calibration,self,philosophy,5,paired_primary,True,1,neuronpedia_global,all_prompt_positions_and_generated_tokens,question_mark,81,,,100,True,1.0,-1.7,-1.0,评估,vocab_token:99973,99973,c55ca3df206b88ee4dcaf291e77b8830ab68243ed25460e77d6d850604e7a107,40,frozen_layer_40_no_rank_gate,30,8,raw_rank,CORRECT,CORRECT,CORRECT,CORRECT,True,True,CORRECT/INCORRECT,CORRECT,True,True,True,11.375044955195563,2.556006553291809,-8.819038401903754,11.375044955195563,2.556006553291809,-8.819038401903754,11.9375,-29.625,False,no_flip,True,1.2871641125530005
52,calibration,other,philosophy,5,paired_primary,True,2,neuronpedia_global,all_prompt_positions_and_generated_tokens,question_mark,81,,,100,True,1.0,-1.7,-1.0,评估,vocab_token:99973,99973,c55ca3df206b88ee4dcaf291e77b8830ab68243ed25460e77d6d850604e7a107,40,frozen_layer_40_no_rank_gate,10,3,raw_rank,CORRECT,CORRECT,CORRECT,CORRECT,True,True,CORRECT/INCORRECT,CORRECT,True,True,True,11.375639516205638,2.9237392922696017,-8.451900223936036,11.375639516205638,2.9237392922696017,-8.451900223936036,13.5625,-29.375,False,no_flip,True,1.2946531437337399
52,calibration,self,philosophy,5,paired_primary,True,3,neuronpedia_global,all_prompt_positions_and_generated_tokens,question_mark,81,,,100,True,1.0,-1.8,-1.0,评估,vocab_token:99973,99973,c55ca3df206b88ee4dcaf291e77b8830ab68243ed25460e77d6d850604e7a107,40,frozen_layer_40_no_rank_gate,30,8,raw_rank,CORRECT,CORRECT,CORRECT,CORRECT,True,True,CORRECT/INCORRECT,CORRECT,True,True,True,11.375044955195563,2.5631071213028918,-8.81193783389267,11.375044955195563,2.5631071213028918,-8.81193783389267,11.9375,-29.625,False,no_flip,True,1.2927552722394466
52,calibration,other,philosophy,5,paired_primary,True,4,neuronpedia_global,all_prompt_positions_and_generated_tokens,question_mark,81,,,100,True,1.0,-1.8,-1.0,评估,vocab_token:99973,99973,c55ca3df206b88ee4dcaf291e77b8830ab68243ed25460e77d6d850604e7a107,40,frozen_layer_40_no_rank_gate,10,3,raw_rank,CORRECT,CORRECT,CORRECT,CORRECT,True,True,CORRECT/INCORRECT,CORRECT,True,True,True,11.375639516205638,2.9232996646787797,-8.452339851526858,11.375639516205638,2.9232996646787797,-8.452339851526858,13.5625,-29.375,False,no_flip,True,1.290896501392126
53,calibration,self,psychometrics,5,paired_primary,True,1,neuronpedia_global,all_prompt_positions_and_generated_tokens,question_mark,79,,,98,True,1.0,-1.7,-1.0,评估,vocab_token:99973,99973,c55ca3df206b88ee4dcaf291e77b8830ab68243ed25460e77d6d850604e7a107,40,frozen_layer_40_no_rank_gate,17,5,raw_rank,CORRECT,CORRECT,CORRECT,CORRECT,True,True,CORRECT/INCORRECT,CORRECT,True,True,True,8.50008092629173,2.3763479812059813,-6.123732945085749,8.50008092629173,2.3763479812059813,-6.123732945085749,12.875,-29.625,False,no_flip,True,1.2937647327780724
53,calibration,other,psychometrics,5,paired_primary,True,2,neuronpedia_global,all_prompt_positions_and_generated_tokens,question_mark,79,,,98,True,1.0,-1.7,-1.0,评估,vocab_token:99973,99973,c55ca3df206b88ee4dcaf291e77b8830ab68243ed25460e77d6d850604e7a107,40,frozen_layer_40_no_rank_gate,10,2,raw_rank,CORRECT,CORRECT,CORRECT,CORRECT,True,True,CORRECT/INCORRECT,CORRECT,True,True,True,9.62521005130236,2.0700835586176254,-7.555126492684735,9.62521005130236,2.0700835586176254,-7.555126492684735,13.875,-29.625,False,no_flip,True,1.2862211428582668
53,calibration,self,psychometrics,5,paired_primary,True,3,neuronpedia_global,all_prompt_positions_and_generated_tokens,question_mark,79,,,98,True,1.0,-1.8,-1.0,评估,vocab_token:99973,99973,c55ca3df206b88ee4dcaf291e77b8830ab68243ed25460e77d6d850604e7a107,40,frozen_layer_40_no_rank_gate,17,5,raw_rank,CORRECT,CORRECT,CORRECT,CORRECT,True,True,CORRECT/INCORRECT,CORRECT,True,True,True,8.50008092629173,2.376117548818911,-6.123963377472819,8.50008092629173,2.376117548818911,-6.123963377472819,12.875,-29.625,False,no_flip,True,1.2976485416293144
53,calibration,other,psychometrics,5,paired_primary,True,4,neuronpedia_global,all_prompt_positions_and_generated_tokens,question_mark,79,,,98,True,1.0,-1.8,-1.0,评估,vocab_token:99973,99973,c55ca3df206b88ee4dcaf291e77b8830ab68243ed25460e77d6d850604e7a107,40,frozen_layer_40_no_rank_gate,10,2,raw_rank,CORRECT,CORRECT,CORRECT,CORRECT,True,True,CORRECT/INCORRECT,CORRECT,True,True,True,9.62521005130236,2.053595814963046,-7.571614236339315,9.62521005130236,2.053595814963046,-7.571614236339315,13.875,-29.625,False,no_flip,True,1.2884984202682972
54,calibration,self,psychophysics,5,paired_primary,True,1,neuronpedia_global,all_prompt_positions_and_generated_tokens,question_mark,83,,,102,True,1.0,-1.7,-1.0,评估,vocab_token:99973,99973,c55ca3df206b88ee4dcaf291e77b8830ab68243ed25460e77d6d850604e7a107,40,frozen_layer_40_no_rank_gate,30,8,raw_rank,CORRECT,CORRECT,CORRECT,CORRECT,True,True,CORRECT/INCORRECT,CORRECT,True,True,True,8.500451327717315,2.296179820189991,-6.204271507527324,8.500451327717315,2.296179820189991,-6.204271507527324,11.8125,-29.625,False,no_flip,True,1.2865060735493898
54,calibration,other,psychophysics,5,paired_primary,True,2,neuronpedia_global,all_prompt_positions_and_generated_tokens,question_mark,83,,,102,True,1.0,-1.7,-1.0,评估,vocab_token:99973,99973,c55ca3df206b88ee4dcaf291e77b8830ab68243ed25460e77d6d850604e7a107,40,frozen_layer_40_no_rank_gate,12,2,raw_rank,CORRECT,CORRECT,CORRECT,CORRECT,True,True,CORRECT/INCORRECT,CORRECT,True,True,True,10.252160659700849,3.162637703220753,-7.089522956480096,10.252160659700849,3.162637703220753,-7.089522956480096,13.4375,-29.625,False,no_flip,True,1.2829313185065985
54,calibration,self,psychophysics,5,paired_primary,True,3,neuronpedia_global,all_prompt_positions_and_generated_tokens,question_mark,83,,,102,True,1.0,-1.8,-1.0,评估,vocab_token:99973,99973,c55ca3df206b88ee4dcaf291e77b8830ab68243ed25460e77d6d850604e7a107,40,frozen_layer_40_no_rank_gate,30,8,raw_rank,CORRECT,CORRECT,CORRECT,CORRECT,True,True,CORRECT/INCORRECT,CORRECT,True,True,True,8.500451327717315,2.4138338903976546,-6.08661743731966,8.500451327717315,2.4138338903976546,-6.08661743731966,11.8125,-29.625,False,no_flip,True,1.2943262681365013
54,calibration,other,psychophysics,5,paired_primary,True,4,neuronpedia_global,all_prompt_positions_and_generated_tokens,question_mark,83,,,102,True,1.0,-1.8,-1.0,评估,vocab_token:99973,99973,c55ca3df206b88ee4dcaf291e77b8830ab68243ed25460e77d6d850604e7a107,40,frozen_layer_40_no_rank_gate,12,2,raw_rank,CORRECT,CORRECT,CORRECT,CORRECT,True,True,CORRECT/INCORRECT,CORRECT,True,True,True,10.252160659700849,3.2863504962660954,-6.965810163434753,10.252160659700849,3.2863504962660954,-6.965810163434753,13.4375,-29.625,False,no_flip,True,1.285859875380993
55,calibration,self,neuroscience,5,paired_primary,True,1,neuronpedia_global,all_prompt_positions_and_generated_tokens,question_mark,83,,,102,True,1.0,-1.7,-1.0,评估,vocab_token:99973,99973,c55ca3df206b88ee4dcaf291e77b8830ab68243ed25460e77d6d850604e7a107,40,frozen_layer_40_no_rank_gate,21,5,raw_rank,CORRECT,CORRECT,CORRECT,CORRECT,True,True,CORRECT/INCORRECT,CORRECT,True,True,True,8.500458278497263,2.6704267299865023,-5.83003154851076,8.500458278497263,2.6704267299865023,-5.83003154851076,12.3125,-29.75,False,no_flip,True,1.285228991881013
55,calibration,other,neuroscience,5,paired_primary,True,2,neuronpedia_global,all_prompt_positions_and_generated_tokens,question_mark,83,,,102,True,1.0,-1.7,-1.0,评估,vocab_token:99973,99973,c55ca3df206b88ee4dcaf291e77b8830ab68243ed25460e77d6d850604e7a107,40,frozen_layer_40_no_rank_gate,11,3,raw_rank,CORRECT,CORRECT,CORRECT,CORRECT,True,True,CORRECT/INCORRECT,CORRECT,True,True,True,9.500684037519477,2.9127264392845973,-6.58795759823488,9.500684037519477,2.9127264392845973,-6.58795759823488,13.75,-29.375,False,no_flip,True,1.2797187194228172
55,calibration,self,neuroscience,5,paired_primary,True,3,neuronpedia_global,all_prompt_positions_and_generated_tokens,question_mark,83,,,102,True,1.0,-1.8,-1.0,评估,vocab_token:99973,99973,c55ca3df206b88ee4dcaf291e77b8830ab68243ed25460e77d6d850604e7a107,40,frozen_layer_40_no_rank_gate,21,5,raw_rank,CORRECT,CORRECT,CORRECT,CORRECT,True,True,CORRECT/INCORRECT,CORRECT,True,True,True,8.500458278497263,2.5451968869529082,-5.955261391544354,8.500458278497263,2.5451968869529082,-5.955261391544354,12.3125,-29.75,False,no_flip,True,1.2904213275760412
55,calibration,other,neuroscience,5,paired_primary,True,4,neuronpedia_global,all_prompt_positions_and_generated_tokens,question_mark,83,,,102,True,1.0,-1.8,-1.0,评估,vocab_token:99973,99973,c55ca3df206b88ee4dcaf291e77b8830ab68243ed25460e77d6d850604e7a107,40,frozen_layer_40_no_rank_gate,11,3,raw_rank,CORRECT,CORRECT,CORRECT,CORRECT,True,True,CORRECT/INCORRECT,CORRECT,True,True,True,9.500684037519477,3.0714744921460806,-6.429209545373396,9.500684037519477,3.0714744921460806,-6.429209545373396,13.75,-29.375,False,no_flip,True,1.2856566868722439
56,calibration,self,psychology,6,paired_primary,True,1,neuronpedia_global,all_prompt_positions_and_generated_tokens,question_mark,93,,,112,True,1.0,-1.7,-1.0,评估,vocab_token:99973,99973,c55ca3df206b88ee4dcaf291e77b8830ab68243ed25460e77d6d850604e7a107,40,frozen_layer_40_no_rank_gate,21,6,raw_rank,CORRECT,CORRECT,CORRECT,CORRECT,True,True,CORRECT/INCORRECT,CORRECT,True,True,True,5.125055313845223,0.8826485708759719,-4.242406742969251,5.125055313845223,0.8826485708759719,-4.242406742969251,12.5,-29.875,False,no_flip,True,1.286640476435423
56,calibration,other,psychology,6,paired_primary,True,2,neuronpedia_global,all_prompt_positions_and_generated_tokens,question_mark,93,,,112,True,1.0,-1.7,-1.0,评估,vocab_token:99973,99973,c55ca3df206b88ee4dcaf291e77b8830ab68243ed25460e77d6d850604e7a107,40,frozen_layer_40_no_rank_gate,8,2,raw_rank,CORRECT,CORRECT,CORRECT,CORRECT,True,True,CORRECT/INCORRECT,CORRECT,True,True,True,4.500069771150265,1.135082673987199,-3.364987097163066,4.500069771150265,1.135082673987199,-3.364987097163066,13.9375,-29.375,False,no_flip,True,1.3087385166436434
56,calibration,self,psychology,6,paired_primary,True,3,neuronpedia_global,all_prompt_positions_and_generated_tokens,question_mark,93,,,112,True,1.0,-1.8,-1.0,评估,vocab_token:99973,99973,c55ca3df206b88ee4dcaf291e77b8830ab68243ed25460e77d6d850604e7a107,40,frozen_layer_40_no_rank_gate,21,6,raw_rank,CORRECT,CORRECT,CORRECT,CORRECT,True,True,CORRECT/INCORRECT,CORRECT,True,True,True,5.125055313845223,1.008289940889881,-4.116765372955342,5.125055313845223,1.008289940889881,-4.116765372955342,12.5,-29.875,False,no_flip,True,1.2836749497801065
56,calibration,other,psychology,6,paired_primary,True,4,neuronpedia_global,all_prompt_positions_and_generated_tokens,question_mark,93,,,112,True,1.0,-1.8,-1.0,评估,vocab_token:99973,99973,c55ca3df206b88ee4dcaf291e77b8830ab68243ed25460e77d6d850604e7a107,40,frozen_layer_40_no_rank_gate,8,2,raw_rank,CORRECT,CORRECT,CORRECT,CORRECT,True,True,CORRECT/INCORRECT,CORRECT,True,True,True,4.500069771150265,1.1378955457948905,-3.362174225355375,4.500069771150265,1.1378955457948905,-3.362174225355375,13.9375,-29.375,False,no_flip,True,1.282422423362732
57,calibration,self,statistics,6,paired_primary,True,1,neuronpedia_global,all_prompt_positions_and_generated_tokens,question_mark,96,,,115,True,1.0,-1.7,-1.0,评估,vocab_token:99973,99973,c55ca3df206b88ee4dcaf291e77b8830ab68243ed25460e77d6d850604e7a107,40,frozen_layer_40_no_rank_gate,12,3,raw_rank,CORRECT,CORRECT,CORRECT,CORRECT,True,True,CORRECT/INCORRECT,INCORRECT,False,False,False,3.875021334595658,1.6663823725139082,-2.20863896208175,-3.875021334595658,-1.6663823725139082,2.20863896208175,12.1875,-29.75,False,no_flip,True,1.2885190192610025
57,calibration,other,statistics,6,paired_primary,True,2,neuronpedia_global,all_prompt_positions_and_generated_tokens,question_mark,96,,,115,True,1.0,-1.7,-1.0,评估,vocab_token:99973,99973,c55ca3df206b88ee4dcaf291e77b8830ab68243ed25460e77d6d850604e7a107,40,frozen_layer_40_no_rank_gate,10,3,raw_rank,CORRECT,CORRECT,CORRECT,CORRECT,True,True,CORRECT/INCORRECT,INCORRECT,False,False,False,4.625063619343564,2.1164979645836866,-2.5085656547598774,-4.625063619343564,-2.1164979645836866,2.5085656547598774,13.5,-29.75,False,no_flip,True,1.2967748120427132
57,calibration,self,statistics,6,paired_primary,True,3,neuronpedia_global,all_prompt_positions_and_generated_tokens,question_mark,96,,,115,True,1.0,-1.8,-1.0,评估,vocab_token:99973,99973,c55ca3df206b88ee4dcaf291e77b8830ab68243ed25460e77d6d850604e7a107,40,frozen_layer_40_no_rank_gate,12,3,raw_rank,CORRECT,CORRECT,CORRECT,CORRECT,True,True,CORRECT/INCORRECT,INCORRECT,False,False,False,3.875021334595658,1.6638874077616492,-2.211133926834009,-3.875021334595658,-1.6638874077616492,2.211133926834009,12.1875,-29.75,False,no_flip,True,1.2848904691636562
57,calibration,other,statistics,6,paired_primary,True,4,neuronpedia_global,all_prompt_positions_and_generated_tokens,question_mark,96,,,115,True,1.0,-1.8,-1.0,评估,vocab_token:99973,99973,c55ca3df206b88ee4dcaf291e77b8830ab68243ed25460e77d6d850604e7a107,40,frozen_layer_40_no_rank_gate,10,3,raw_rank,CORRECT,CORRECT,CORRECT,CORRECT,True,True,CORRECT/INCORRECT,INCORRECT,False,False,False,4.625063619343564,2.2311354120538454,-2.3939282072897186,-4.625063619343564,-2.2311354120538454,2.3939282072897186,13.5,-29.75,False,no_flip,True,1.2840665467083454
58,calibration,self,neuropsychology,6,paired_primary,True,1,neuronpedia_global,all_prompt_positions_and_generated_tokens,question_mark,78,,,97,True,1.0,-1.7,-1.0,评估,vocab_token:99973,99973,c55ca3df206b88ee4dcaf291e77b8830ab68243ed25460e77d6d850604e7a107,40,frozen_layer_40_no_rank_gate,23,5,raw_rank,CORRECT,CORRECT,CORRECT,CORRECT,True,True,CORRECT/INCORRECT,CORRECT,True,True,True,9.25016114563823,2.2505582389703704,-6.99960290666786,9.25016114563823,2.2505582389703704,-6.99960290666786,12.25,-29.75,False,no_flip,True,1.2889225240796804
58,calibration,other,neuropsychology,6,paired_primary,True,2,neuronpedia_global,all_prompt_positions_and_generated_tokens,question_mark,78,,,97,True,1.0,-1.7,-1.0,评估,vocab_token:99973,99973,c55ca3df206b88ee4dcaf291e77b8830ab68243ed25460e77d6d850604e7a107,40,frozen_layer_40_no_rank_gate,9,2,raw_rank,CORRECT,CORRECT,CORRECT,CORRECT,True,True,CORRECT/INCORRECT,CORRECT,True,True,True,9.500131395183189,2.2776579708206555,-7.2224734243625335,9.500131395183189,2.2776579708206555,-7.2224734243625335,13.625,-29.5,False,no_flip,True,1.289491320028901
58,calibration,self,neuropsychology,6,paired_primary,True,3,neuronpedia_global,all_prompt_positions_and_generated_tokens,question_mark,78,,,97,True,1.0,-1.8,-1.0,评估,vocab_token:99973,99973,c55ca3df206b88ee4dcaf291e77b8830ab68243ed25460e77d6d850604e7a107,40,frozen_layer_40_no_rank_gate,23,5,raw_rank,CORRECT,CORRECT,CORRECT,CORRECT,True,True,CORRECT/INCORRECT,CORRECT,True,True,True,9.25016114563823,2.2505317726299836,-6.999629373008247,9.25016114563823,2.2505317726299836,-6.999629373008247,12.25,-29.75,False,no_flip,True,1.2902165409177542
58,calibration,other,neuropsychology,6,paired_primary,True,4,neuronpedia_global,all_prompt_positions_and_generated_tokens,question_mark,78,,,97,True,1.0,-1.8,-1.0,评估,vocab_token:99973,99973,c55ca3df206b88ee4dcaf291e77b8830ab68243ed25460e77d6d850604e7a107,40,frozen_layer_40_no_rank_gate,9,2,raw_rank,CORRECT,CORRECT,CORRECT,CORRECT,True,True,CORRECT/INCORRECT,CORRECT,True,True,True,9.500131395183189,2.1466748509574245,-7.3534565442257644,9.500131395183189,2.1466748509574245,-7.3534565442257644,13.625,-29.5,False,no_flip,True,1.2902287598699331
59,calibration,self,economics,6,paired_primary,True,1,neuronpedia_global,all_prompt_positions_and_generated_tokens,question_mark,89,,,108,True,1.0,-1.7,-1.0,评估,vocab_token:99973,99973,c55ca3df206b88ee4dcaf291e77b8830ab68243ed25460e77d6d850604e7a107,40,frozen_layer_40_no_rank_gate,61,19,raw_rank,CORRECT,CORRECT,CORRECT,CORRECT,True,True,CORRECT/INCORRECT,CORRECT,True,True,True,9.750163486846418,2.3801695206311706,-7.369993966215247,9.750163486846418,2.3801695206311706,-7.369993966215247,11.125,-29.875,False,no_flip,True,1.2874810602515936
59,calibration,other,economics,6,paired_primary,True,2,neuronpedia_global,all_prompt_positions_and_generated_tokens,question_mark,89,,,108,True,1.0,-1.7,-1.0,评估,vocab_token:99973,99973,c55ca3df206b88ee4dcaf291e77b8830ab68243ed25460e77d6d850604e7a107,40,frozen_layer_40_no_rank_gate,11,2,raw_rank,CORRECT,CORRECT,CORRECT,CORRECT,True,True,CORRECT/INCORRECT,CORRECT,True,True,True,11.125212182084056,2.5053358019140433,-8.619876380170012,11.125212182084056,2.5053358019140433,-8.619876380170012,13.8125,-29.5,False,no_flip,True,1.2835112791508436
59,calibration,self,economics,6,paired_primary,True,3,neuronpedia_global,all_prompt_positions_and_generated_tokens,question_mark,89,,,108,True,1.0,-1.8,-1.0,评估,vocab_token:99973,99973,c55ca3df206b88ee4dcaf291e77b8830ab68243ed25460e77d6d850604e7a107,40,frozen_layer_40_no_rank_gate,61,19,raw_rank,CORRECT,CORRECT,CORRECT,CORRECT,True,True,CORRECT/INCORRECT,CORRECT,True,True,True,9.750163486846418,2.3804284320976876,-7.36973505474873,9.750163486846418,2.3804284320976876,-7.36973505474873,11.125,-29.875,False,no_flip,True,1.29634546674788
59,calibration,other,economics,6,paired_primary,True,4,neuronpedia_global,all_prompt_positions_and_generated_tokens,question_mark,89,,,108,True,1.0,-1.8,-1.0,评估,vocab_token:99973,99973,c55ca3df206b88ee4dcaf291e77b8830ab68243ed25460e77d6d850604e7a107,40,frozen_layer_40_no_rank_gate,11,2,raw_rank,CORRECT,CORRECT,CORRECT,CORRECT,True,True,CORRECT/INCORRECT,CORRECT,True,True,True,11.125212182084056,2.504956495926308,-8.620255686157748,11.125212182084056,2.504956495926308,-8.620255686157748,13.8125,-29.5,False,no_flip,True,1.2879515644162893
60,calibration,self,psychology,6,paired_primary,True,1,neuronpedia_global,all_prompt_positions_and_generated_tokens,question_mark,90,,,109,True,1.0,-1.7,-1.0,评估,vocab_token:99973,99973,c55ca3df206b88ee4dcaf291e77b8830ab68243ed25460e77d6d850604e7a107,40,frozen_layer_40_no_rank_gate,14,4,raw_rank,CORRECT,CORRECT,CORRECT,CORRECT,True,True,CORRECT/INCORRECT,CORRECT,True,True,True,5.125047947107987,1.6321408836265618,-3.492907063481425,5.125047947107987,1.6321408836265618,-3.492907063481425,13.125,-29.5,False,no_flip,True,1.2946066427975893
60,calibration,other,psychology,6,paired_primary,True,2,neuronpedia_global,all_prompt_positions_and_generated_tokens,question_mark,90,,,109,True,1.0,-1.7,-1.0,评估,vocab_token:99973,99973,c55ca3df206b88ee4dcaf291e77b8830ab68243ed25460e77d6d850604e7a107,40,frozen_layer_40_no_rank_gate,10,2,raw_rank,CORRECT,CORRECT,CORRECT,CORRECT,True,True,CORRECT/INCORRECT,CORRECT,True,True,True,5.875222842359108,1.9278344365266094,-3.9473884058324984,5.875222842359108,1.9278344365266094,-3.9473884058324984,13.625,-29.375,False,no_flip,True,1.2979480605572462
60,calibration,self,psychology,6,paired_primary,True,3,neuronpedia_global,all_prompt_positions_and_generated_tokens,question_mark,90,,,109,True,1.0,-1.8,-1.0,评估,vocab_token:99973,99973,c55ca3df206b88ee4dcaf291e77b8830ab68243ed25460e77d6d850604e7a107,40,frozen_layer_40_no_rank_gate,14,4,raw_rank,CORRECT,CORRECT,CORRECT,CORRECT,True,True,CORRECT/INCORRECT,CORRECT,True,True,True,5.125047947107987,1.6321739781951692,-3.492873968912818,5.125047947107987,1.6321739781951692,-3.492873968912818,13.125,-29.5,False,no_flip,True,1.2858451083302498
60,calibration,other,psychology,6,paired_primary,True,4,neuronpedia_global,all_prompt_positions_and_generated_tokens,question_mark,90,,,109,True,1.0,-1.8,-1.0,评估,vocab_token:99973,99973,c55ca3df206b88ee4dcaf291e77b8830ab68243ed25460e77d6d850604e7a107,40,frozen_layer_40_no_rank_gate,10,2,raw_rank,CORRECT,CORRECT,CORRECT,CORRECT,True,True,CORRECT/INCORRECT,CORRECT,True,True,True,5.875222842359108,1.9331864047017007,-3.942036437657407,5.875222842359108,1.9331864047017007,-3.942036437657407,13.625,-29.375,False,no_flip,True,1.2966503538191319
61,calibration,self,psychology,6,paired_primary,True,1,neuronpedia_global,all_prompt_positions_and_generated_tokens,question_mark,87,,,106,True,1.0,-1.7,-1.0,评估,vocab_token:99973,99973,c55ca3df206b88ee4dcaf291e77b8830ab68243ed25460e77d6d850604e7a107,40,frozen_layer_40_no_rank_gate,34,9,raw_rank,CORRECT,CORRECT,CORRECT,CORRECT,True,True,CORRECT/INCORRECT,CORRECT,True,True,True,3.125123210507354,1.2646614534633045,-1.8604617570440496,3.125123210507354,1.2646614534633045,-1.8604617570440496,11.4375,-29.75,False,no_flip,True,1.2880321964621544
61,calibration,other,psychology,6,paired_primary,True,2,neuronpedia_global,all_prompt_positions_and_generated_tokens,question_mark,87,,,106,True,1.0,-1.7,-1.0,评估,vocab_token:99973,99973,c55ca3df206b88ee4dcaf291e77b8830ab68243ed25460e77d6d850604e7a107,40,frozen_layer_40_no_rank_gate,11,2,raw_rank,CORRECT,CORRECT,CORRECT,CORRECT,True,True,CORRECT/INCORRECT,CORRECT,True,True,True,3.125201864462724,1.7698810869842418,-1.3553207774784823,3.125201864462724,1.7698810869842418,-1.3553207774784823,13.6875,-29.375,False,no_flip,True,1.296747401356697
61,calibration,self,psychology,6,paired_primary,True,3,neuronpedia_global,all_prompt_positions_and_generated_tokens,question_mark,87,,,106,True,1.0,-1.8,-1.0,评估,vocab_token:99973,99973,c55ca3df206b88ee4dcaf291e77b8830ab68243ed25460e77d6d850604e7a107,40,frozen_layer_40_no_rank_gate,34,9,raw_rank,CORRECT,CORRECT,CORRECT,CORRECT,True,True,CORRECT/INCORRECT,CORRECT,True,True,True,3.125123210507354,1.268283535788214,-1.85683967471914,3.125123210507354,1.268283535788214,-1.85683967471914,11.4375,-29.75,False,no_flip,True,1.2905084807425737
61,calibration,other,psychology,6,paired_primary,True,4,neuronpedia_global,all_prompt_positions_and_generated_tokens,question_mark,87,,,106,True,1.0,-1.8,-1.0,评估,vocab_token:99973,99973,c55ca3df206b88ee4dcaf291e77b8830ab68243ed25460e77d6d850604e7a107,40,frozen_layer_40_no_rank_gate,11,2,raw_rank,CORRECT,CORRECT,CORRECT,CORRECT,True,True,CORRECT/INCORRECT,CORRECT,True,True,True,3.125201864462724,1.7708128775811929,-1.3543889868815313,3.125201864462724,1.7708128775811929,-1.3543889868815313,13.6875,-29.375,False,no_flip,True,1.2877314146608114
62,calibration,self,methodology,6,paired_primary,True,1,neuronpedia_global,all_prompt_positions_and_generated_tokens,question_mark,89,,,108,True,1.0,-1.7,-1.0,评估,vocab_token:99973,99973,c55ca3df206b88ee4dcaf291e77b8830ab68243ed25460e77d6d850604e7a107,40,frozen_layer_40_no_rank_gate,14,4,raw_rank,CORRECT,CORRECT,CORRECT,CORRECT,True,True,CORRECT/INCORRECT,CORRECT,True,True,True,4.750041475013404,1.128238645397687,-3.621802829615717,4.750041475013404,1.128238645397687,-3.621802829615717,12.5625,-29.875,False,no_flip,True,1.283862266689539
62,calibration,other,methodology,6,paired_primary,True,2,neuronpedia_global,all_prompt_positions_and_generated_tokens,question_mark,89,,,108,True,1.0,-1.7,-1.0,评估,vocab_token:99973,99973,c55ca3df206b88ee4dcaf291e77b8830ab68243ed25460e77d6d850604e7a107,40,frozen_layer_40_no_rank_gate,12,3,raw_rank,CORRECT,CORRECT,CORRECT,CORRECT,True,True,CORRECT/INCORRECT,CORRECT,True,True,True,5.250102752987459,1.1371358196302026,-4.1129669333572565,5.250102752987459,1.1371358196302026,-4.1129669333572565,13.375,-29.625,False,no_flip,True,1.298101156949997
62,calibration,self,methodology,6,paired_primary,True,3,neuronpedia_global,all_prompt_positions_and_generated_tokens,question_mark,89,,,108,True,1.0,-1.8,-1.0,评估,vocab_token:99973,99973,c55ca3df206b88ee4dcaf291e77b8830ab68243ed25460e77d6d850604e7a107,40,frozen_layer_40_no_rank_gate,14,4,raw_rank,CORRECT,CORRECT,CORRECT,CORRECT,True,True,CORRECT/INCORRECT,CORRECT,True,True,True,4.750041475013404,1.1283126840362456,-3.6217287909771585,4.750041475013404,1.1283126840362456,-3.6217287909771585,12.5625,-29.875,False,no_flip,True,1.2873142808675766
62,calibration,other,methodology,6,paired_primary,True,4,neuronpedia_global,all_prompt_positions_and_generated_tokens,question_mark,89,,,108,True,1.0,-1.8,-1.0,评估,vocab_token:99973,99973,c55ca3df206b88ee4dcaf291e77b8830ab68243ed25460e77d6d850604e7a107,40,frozen_layer_40_no_rank_gate,12,3,raw_rank,CORRECT,CORRECT,CORRECT,CORRECT,True,True,CORRECT/INCORRECT,CORRECT,True,True,True,5.250102752987459,1.137080116863217,-4.113022636124242,5.250102752987459,1.137080116863217,-4.113022636124242,13.375,-29.625,False,no_flip,True,1.2863785102963448
63,calibration,self,neuroscience,6,paired_primary,True,1,neuronpedia_global,all_prompt_positions_and_generated_tokens,question_mark,94,,,113,True,1.0,-1.7,-1.0,评估,vocab_token:99973,99973,c55ca3df206b88ee4dcaf291e77b8830ab68243ed25460e77d6d850604e7a107,40,frozen_layer_40_no_rank_gate,21,4,raw_rank,CORRECT,CORRECT,CORRECT,CORRECT,True,True,CORRECT/INCORRECT,CORRECT,True,True,True,4.000033922099192,1.0564317745920562,-2.9436021475071357,4.000033922099192,1.0564317745920562,-2.9436021475071357,12.0625,-29.75,False,no_flip,True,1.2849631160497665
63,calibration,other,neuroscience,6,paired_primary,True,2,neuronpedia_global,all_prompt_positions_and_generated_tokens,question_mark,94,,,113,True,1.0,-1.7,-1.0,评估,vocab_token:99973,99973,c55ca3df206b88ee4dcaf291e77b8830ab68243ed25460e77d6d850604e7a107,40,frozen_layer_40_no_rank_gate,11,3,raw_rank,CORRECT,CORRECT,CORRECT,CORRECT,True,True,CORRECT/INCORRECT,CORRECT,True,True,True,5.0001725613255985,1.7807002820409252,-3.2194722792846733,5.0001725613255985,1.7807002820409252,-3.2194722792846733,13.25,-29.5,False,no_flip,True,1.2963649164885283
63,calibration,self,neuroscience,6,paired_primary,True,3,neuronpedia_global,all_prompt_positions_and_generated_tokens,question_mark,94,,,113,True,1.0,-1.8,-1.0,评估,vocab_token:99973,99973,c55ca3df206b88ee4dcaf291e77b8830ab68243ed25460e77d6d850604e7a107,40,frozen_layer_40_no_rank_gate,21,4,raw_rank,CORRECT,CORRECT,CORRECT,CORRECT,True,True,CORRECT/INCORRECT,CORRECT,True,True,True,4.000033922099192,1.1877146070783056,-2.8123193150208863,4.000033922099192,1.1877146070783056,-2.8123193150208863,12.0625,-29.75,False,no_flip,True,1.2876925356686115
63,calibration,other,neuroscience,6,paired_primary,True,4,neuronpedia_global,all_prompt_positions_and_generated_tokens,question_mark,94,,,113,True,1.0,-1.8,-1.0,评估,vocab_token:99973,99973,c55ca3df206b88ee4dcaf291e77b8830ab68243ed25460e77d6d850604e7a107,40,frozen_layer_40_no_rank_gate,11,3,raw_rank,CORRECT,CORRECT,CORRECT,CORRECT,True,True,CORRECT/INCORRECT,CORRECT,True,True,True,5.0001725613255985,1.7798856560148124,-3.220286905310786,5.0001725613255985,1.7798856560148124,-3.220286905310786,13.25,-29.5,False,no_flip,True,1.2867234144359827
64,calibration,self,linguistics,6,paired_primary,True,1,neuronpedia_global,all_prompt_positions_and_generated_tokens,question_mark,84,,,103,True,1.0,-1.7,-1.0,评估,vocab_token:99973,99973,c55ca3df206b88ee4dcaf291e77b8830ab68243ed25460e77d6d850604e7a107,40,frozen_layer_40_no_rank_gate,37,10,raw_rank,CORRECT,CORRECT,CORRECT,CORRECT,True,True,CORRECT/INCORRECT,CORRECT,True,True,True,10.000375862480894,2.632638800170753,-7.367737062310141,10.000375862480894,2.632638800170753,-7.367737062310141,11.875,-29.875,False,no_flip,True,1.2913392670452595
64,calibration,other,linguistics,6,paired_primary,True,2,neuronpedia_global,all_prompt_positions_and_generated_tokens,question_mark,84,,,103,True,1.0,-1.7,-1.0,评估,vocab_token:99973,99973,c55ca3df206b88ee4dcaf291e77b8830ab68243ed25460e77d6d850604e7a107,40,frozen_layer_40_no_rank_gate,10,2,raw_rank,CORRECT,CORRECT,CORRECT,CORRECT,True,True,CORRECT/INCORRECT,CORRECT,True,True,True,10.625822791342557,2.9013988475926453,-7.724423943749912,10.625822791342557,2.9013988475926453,-7.724423943749912,14.25,-29.5,False,no_flip,True,1.2837407402694225
64,calibration,self,linguistics,6,paired_primary,True,3,neuronpedia_global,all_prompt_positions_and_generated_tokens,question_mark,84,,,103,True,1.0,-1.8,-1.0,评估,vocab_token:99973,99973,c55ca3df206b88ee4dcaf291e77b8830ab68243ed25460e77d6d850604e7a107,40,frozen_layer_40_no_rank_gate,37,10,raw_rank,CORRECT,CORRECT,CORRECT,CORRECT,True,True,CORRECT/INCORRECT,CORRECT,True,True,True,10.000375862480894,2.50810814884062,-7.492267713640274,10.000375862480894,2.50810814884062,-7.492267713640274,11.875,-29.875,False,no_flip,True,1.2773156054317951
64,calibration,other,linguistics,6,paired_primary,True,4,neuronpedia_global,all_prompt_positions_and_generated_tokens,question_mark,84,,,103,True,1.0,-1.8,-1.0,评估,vocab_token:99973,99973,c55ca3df206b88ee4dcaf291e77b8830ab68243ed25460e77d6d850604e7a107,40,frozen_layer_40_no_rank_gate,10,2,raw_rank,CORRECT,CORRECT,CORRECT,CORRECT,True,True,CORRECT/INCORRECT,CORRECT,True,True,True,10.625822791342557,2.9041649926693935,-7.721657798673164,10.625822791342557,2.9041649926693935,-7.721657798673164,14.25,-29.5,False,no_flip,True,1.2900296822190285
65,calibration,self,psychophysics,6,paired_primary,True,1,neuronpedia_global,all_prompt_positions_and_generated_tokens,question_mark,86,,,105,True,1.0,-1.7,-1.0,评估,vocab_token:99973,99973,c55ca3df206b88ee4dcaf291e77b8830ab68243ed25460e77d6d850604e7a107,40,frozen_layer_40_no_rank_gate,14,5,raw_rank,CORRECT,CORRECT,CORRECT,CORRECT,True,True,CORRECT/INCORRECT,CORRECT,True,True,True,0.7501693529934528,0.3916403654093301,-0.35852898758412266,0.7501693529934528,0.3916403654093301,-0.35852898758412266,12.1875,-29.875,False,no_flip,True,1.2894508969038725
65,calibration,other,psychophysics,6,paired_primary,True,2,neuronpedia_global,all_prompt_positions_and_generated_tokens,question_mark,86,,,105,True,1.0,-1.7,-1.0,评估,vocab_token:99973,99973,c55ca3df206b88ee4dcaf291e77b8830ab68243ed25460e77d6d850604e7a107,40,frozen_layer_40_no_rank_gate,7,2,raw_rank,CORRECT,CORRECT,CORRECT,CORRECT,True,True,CORRECT/INCORRECT,CORRECT,True,True,True,0.7503462794579718,2.0292879053558863,1.2789416258979145,0.7503462794579718,2.0292879053558863,1.2789416258979145,14.0625,-29.5,False,no_flip,True,1.2894878778606653
65,calibration,self,psychophysics,6,paired_primary,True,3,neuronpedia_global,all_prompt_positions_and_generated_tokens,question_mark,86,,,105,True,1.0,-1.8,-1.0,评估,vocab_token:99973,99973,c55ca3df206b88ee4dcaf291e77b8830ab68243ed25460e77d6d850604e7a107,40,frozen_layer_40_no_rank_gate,14,5,raw_rank,CORRECT,CORRECT,CORRECT,CORRECT,True,True,CORRECT/INCORRECT,CORRECT,True,True,True,0.7501693529934528,0.4756180051499541,-0.27455134784349866,0.7501693529934528,0.4756180051499541,-0.27455134784349866,12.1875,-29.75,False,no_flip,True,1.5157703720033169
65,calibration,other,psychophysics,6,paired_primary,True,4,neuronpedia_global,all_prompt_positions_and_generated_tokens,question_mark,86,,,105,True,1.0,-1.8,-1.0,评估,vocab_token:99973,99973,c55ca3df206b88ee4dcaf291e77b8830ab68243ed25460e77d6d850604e7a107,40,frozen_layer_40_no_rank_gate,7,2,raw_rank,CORRECT,CORRECT,CORRECT,CORRECT,True,True,CORRECT/INCORRECT,CORRECT,True,True,True,0.7503462794579718,2.1114775543883297,1.361131274930358,0.7503462794579718,2.1114775543883297,1.361131274930358,14.0625,-29.5,False,no_flip,True,1.3330898024141788
66,prospective,self,chemistry,easy,paired_primary,True,1,neuronpedia_global,all_prompt_positions_and_generated_tokens,question_mark,36,,,52,True,1.0,-1.7,-1.0,评估,vocab_token:99973,99973,c55ca3df206b88ee4dcaf291e77b8830ab68243ed25460e77d6d850604e7a107,40,frozen_layer_40_no_rank_gate,21,2,raw_rank,PASS,PASS,PASS,PASS,True,True,PASS/FAIL,PASS,True,True,True,12.250000238445864,2.3750000298023224,-9.875000208643542,12.250000238445864,2.3750000298023224,-9.875000208643542,13.0,-29.875,False,no_flip,True,0.6890714429318905
66,prospective,other,chemistry,easy,paired_primary,True,2,neuronpedia_global,all_prompt_positions_and_generated_tokens,question_mark,36,,,52,True,1.0,-1.7,-1.0,评估,vocab_token:99973,99973,c55ca3df206b88ee4dcaf291e77b8830ab68243ed25460e77d6d850604e7a107,40,frozen_layer_40_no_rank_gate,49,15,raw_rank,PASS,PASS,PASS,PASS,True,True,PASS/FAIL,PASS,True,True,True,10.499999523613951,2.5624999403953552,-7.937499583218596,10.499999523613951,2.5624999403953552,-7.937499583218596,11.0625,-30.0,False,no_flip,True,0.6866053696721792
66,prospective,self,chemistry,easy,paired_primary,True,3,neuronpedia_global,all_prompt_positions_and_generated_tokens,question_mark,36,,,52,True,1.0,-1.8,-1.0,评估,vocab_token:99973,99973,c55ca3df206b88ee4dcaf291e77b8830ab68243ed25460e77d6d850604e7a107,40,frozen_layer_40_no_rank_gate,21,2,raw_rank,PASS,PASS,PASS,PASS,True,True,PASS/FAIL,PASS,True,True,True,12.250000238445864,2.2500000447034836,-10.00000019374238,12.250000238445864,2.2500000447034836,-10.00000019374238,13.0,-29.875,False,no_flip,True,0.7208308912813663
66,prospective,other,chemistry,easy,paired_primary,True,4,neuronpedia_global,all_prompt_positions_and_generated_tokens,question_mark,36,,,52,True,1.0,-1.8,-1.0,评估,vocab_token:99973,99973,c55ca3df206b88ee4dcaf291e77b8830ab68243ed25460e77d6d850604e7a107,40,frozen_layer_40_no_rank_gate,49,15,raw_rank,PASS,PASS,PASS,PASS,True,True,PASS/FAIL,PASS,True,True,True,10.499999523613951,2.5000000447034836,-7.999999478910468,10.499999523613951,2.5000000447034836,-7.999999478910468,11.0625,-30.125,False,no_flip,True,0.6861522924154997
67,prospective,self,history,easy,paired_primary,True,1,neuronpedia_global,all_prompt_positions_and_generated_tokens,question_mark,39,,,55,True,1.0,-1.7,-1.0,评估,vocab_token:99973,99973,c55ca3df206b88ee4dcaf291e77b8830ab68243ed25460e77d6d850604e7a107,40,frozen_layer_40_no_rank_gate,25,3,raw_rank,PASS,PASS,PASS,PASS,True,True,PASS/FAIL,PASS,True,True,True,13.125000357647878,2.125000014901161,-11.000000342746716,13.125000357647878,2.125000014901161,-11.000000342746716,12.6875,-30.0,False,no_flip,True,0.6832208428531885
67,prospective,other,history,easy,paired_primary,True,2,neuronpedia_global,all_prompt_positions_and_generated_tokens,question_mark,39,,,55,True,1.0,-1.7,-1.0,评估,vocab_token:99973,99973,c55ca3df206b88ee4dcaf291e77b8830ab68243ed25460e77d6d850604e7a107,40,frozen_layer_40_no_rank_gate,56,16,raw_rank,PASS,PASS,PASS,PASS,True,True,PASS/FAIL,PASS,True,True,True,10.12499988167474,1.8749999403953552,-8.249999941279384,10.12499988167474,1.8749999403953552,-8.249999941279384,10.9375,-30.125,False,no_flip,True,0.682044267654419
67,prospective,self,history,easy,paired_primary,True,3,neuronpedia_global,all_prompt_positions_and_generated_tokens,question_mark,39,,,55,True,1.0,-1.8,-1.0,评估,vocab_token:99973,99973,c55ca3df206b88ee4dcaf291e77b8830ab68243ed25460e77d6d850604e7a107,40,frozen_layer_40_no_rank_gate,25,3,raw_rank,PASS,PASS,PASS,PASS,True,True,PASS/FAIL,PASS,True,True,True,13.125000357647878,2.2499999552965164,-10.875000402351361,13.125000357647878,2.2499999552965164,-10.875000402351361,12.6875,-30.0,False,no_flip,True,0.6818976197391748
67,prospective,other,history,easy,paired_primary,True,4,neuronpedia_global,all_prompt_positions_and_generated_tokens,question_mark,39,,,55,True,1.0,-1.8,-1.0,评估,vocab_token:99973,99973,c55ca3df206b88ee4dcaf291e77b8830ab68243ed25460e77d6d850604e7a107,40,frozen_layer_40_no_rank_gate,56,16,raw_rank,PASS,PASS,PASS,PASS,True,True,PASS/FAIL,PASS,True,True,True,10.12499988167474,1.8749999701976776,-8.249999911477062,10.12499988167474,1.8749999701976776,-8.249999911477062,10.9375,-30.125,False,no_flip,True,0.6930020190775394
68,prospective,self,psychology,medium,paired_primary,True,1,neuronpedia_global,all_prompt_positions_and_generated_tokens,question_mark,67,,,83,True,1.0,-1.7,-1.0,评估,vocab_token:99973,99973,c55ca3df206b88ee4dcaf291e77b8830ab68243ed25460e77d6d850604e7a107,40,frozen_layer_40_no_rank_gate,13,2,raw_rank,FAIL,FAIL,FAIL,FAIL,True,True,PASS/FAIL,PASS,True,False,False,0.0,0.0,0.0,0.0,0.0,0.0,13.125,-29.625,False,no_flip,True,0.7141821086406708
68,prospective,other,psychology,medium,paired_primary,True,2,neuronpedia_global,all_prompt_positions_and_generated_tokens,question_mark,67,,,83,True,1.0,-1.7,-1.0,评估,vocab_token:99973,99973,c55ca3df206b88ee4dcaf291e77b8830ab68243ed25460e77d6d850604e7a107,40,frozen_layer_40_no_rank_gate,62,17,raw_rank,PASS,PASS,PASS,PASS,True,True,PASS/FAIL,PASS,True,True,True,0.125,0.375,0.25,0.125,0.375,0.25,10.25,-30.0,False,no_flip,True,0.7094720602035522
68,prospective,self,psychology,medium,paired_primary,True,3,neuronpedia_global,all_prompt_positions_and_generated_tokens,question_mark,67,,,83,True,1.0,-1.8,-1.0,评估,vocab_token:99973,99973,c55ca3df206b88ee4dcaf291e77b8830ab68243ed25460e77d6d850604e7a107,40,frozen_layer_40_no_rank_gate,13,2,raw_rank,FAIL,FAIL,FAIL,FAIL,True,True,PASS/FAIL,PASS,True,False,False,0.0,-0.125,-0.125,0.0,-0.125,-0.125,13.125,-29.625,False,no_flip,True,0.7075932677835226
68,prospective,other,psychology,medium,paired_primary,True,4,neuronpedia_global,all_prompt_positions_and_generated_tokens,question_mark,67,,,83,True,1.0,-1.8,-1.0,评估,vocab_token:99973,99973,c55ca3df206b88ee4dcaf291e77b8830ab68243ed25460e77d6d850604e7a107,40,frozen_layer_40_no_rank_gate,62,17,raw_rank,PASS,PASS,PASS,PASS,True,True,PASS/FAIL,PASS,True,True,True,0.125,0.375,0.25,0.125,0.375,0.25,10.25,-29.875,False,no_flip,True,0.7070216163992882
69,prospective,self,psychology,medium,paired_primary,True,1,neuronpedia_global,all_prompt_positions_and_generated_tokens,question_mark,77,,,93,True,1.0,-1.7,-1.0,评估,vocab_token:99973,99973,c55ca3df206b88ee4dcaf291e77b8830ab68243ed25460e77d6d850604e7a107,40,frozen_layer_40_no_rank_gate,22,5,raw_rank,PASS,PASS,PASS,PASS,True,True,PASS/FAIL,PASS,True,True,True,10.374999523737642,1.4375000298023224,-8.93749949393532,10.374999523737642,1.4375000298023224,-8.93749949393532,12.375,-29.75,False,no_flip,True,0.7130279112607241
69,prospective,other,psychology,medium,paired_primary,True,2,neuronpedia_global,all_prompt_positions_and_generated_tokens,question_mark,77,,,93,True,1.0,-1.7,-1.0,评估,vocab_token:99973,99973,c55ca3df206b88ee4dcaf291e77b8830ab68243ed25460e77d6d850604e7a107,40,frozen_layer_40_no_rank_gate,59,23,raw_rank,PASS,PASS,PASS,PASS,True,True,PASS/FAIL,PASS,True,True,True,8.749999774299795,2.000000014901161,-6.749999759398634,8.749999774299795,2.000000014901161,-6.749999759398634,10.0625,-30.375,False,no_flip,True,0.7096625361591578
69,prospective,self,psychology,medium,paired_primary,True,3,neuronpedia_global,all_prompt_positions_and_generated_tokens,question_mark,77,,,93,True,1.0,-1.8,-1.0,评估,vocab_token:99973,99973,c55ca3df206b88ee4dcaf291e77b8830ab68243ed25460e77d6d850604e7a107,40,frozen_layer_40_no_rank_gate,22,5,raw_rank,PASS,PASS,PASS,PASS,True,True,PASS/FAIL,PASS,True,True,True,10.374999523737642,1.3749999701976776,-8.999999553539965,10.374999523737642,1.3749999701976776,-8.999999553539965,12.375,-29.75,False,no_flip,True,0.7091132942587137
69,prospective,other,psychology,medium,paired_primary,True,4,neuronpedia_global,all_prompt_positions_and_generated_tokens,question_mark,77,,,93,True,1.0,-1.8,-1.0,评估,vocab_token:99973,99973,c55ca3df206b88ee4dcaf291e77b8830ab68243ed25460e77d6d850604e7a107,40,frozen_layer_40_no_rank_gate,59,23,raw_rank,PASS,PASS,PASS,PASS,True,True,PASS/FAIL,PASS,True,True,True,8.749999774299795,1.8749999552965164,-6.874999819003278,8.749999774299795,1.8749999552965164,-6.874999819003278,10.0625,-30.375,False,no_flip,True,0.7073932904750109
70,prospective,self,psychophysics,hard,paired_primary,True,1,neuronpedia_global,all_prompt_positions_and_generated_tokens,question_mark,100,,,116,True,1.0,-1.7,-1.0,评估,vocab_token:99973,99973,c55ca3df206b88ee4dcaf291e77b8830ab68243ed25460e77d6d850604e7a107,40,frozen_layer_40_no_rank_gate,21,4,raw_rank,FAIL,FAIL,FAIL,FAIL,True,True,PASS/FAIL,FAIL,False,True,True,-2.499999925494194,-0.7500000298023224,1.7499998956918716,2.499999925494194,0.7500000298023224,-1.7499998956918716,12.25,-29.5,False,no_flip,True,0.7261743042618036
70,prospective,other,psychophysics,hard,paired_primary,True,2,neuronpedia_global,all_prompt_positions_and_generated_tokens,question_mark,100,,,116,True,1.0,-1.7,-1.0,评估,vocab_token:99973,99973,c55ca3df206b88ee4dcaf291e77b8830ab68243ed25460e77d6d850604e7a107,40,frozen_layer_40_no_rank_gate,24,10,raw_rank,FAIL,FAIL,FAIL,FAIL,True,True,PASS/FAIL,FAIL,False,True,True,-3.624999936670065,-0.8749999403953552,2.7499999962747097,3.624999936670065,0.8749999403953552,-2.7499999962747097,10.125,-29.375,False,no_flip,True,0.7094975393265486
70,prospective,self,psychophysics,hard,paired_primary,True,3,neuronpedia_global,all_prompt_positions_and_generated_tokens,question_mark,100,,,116,True,1.0,-1.8,-1.0,评估,vocab_token:99973,99973,c55ca3df206b88ee4dcaf291e77b8830ab68243ed25460e77d6d850604e7a107,40,frozen_layer_40_no_rank_gate,21,4,raw_rank,FAIL,FAIL,FAIL,FAIL,True,True,PASS/FAIL,FAIL,False,True,True,-2.499999925494194,-0.6249999701976776,1.8749999552965164,2.499999925494194,0.6249999701976776,-1.8749999552965164,12.25,-29.5,False,no_flip,True,0.71851946413517
70,prospective,other,psychophysics,hard,paired_primary,True,4,neuronpedia_global,all_prompt_positions_and_generated_tokens,question_mark,100,,,116,True,1.0,-1.8,-1.0,评估,vocab_token:99973,99973,c55ca3df206b88ee4dcaf291e77b8830ab68243ed25460e77d6d850604e7a107,40,frozen_layer_40_no_rank_gate,24,10,raw_rank,FAIL,FAIL,FAIL,FAIL,True,True,PASS/FAIL,FAIL,False,True,True,-3.624999936670065,-0.9999999701976776,2.6249999664723873,3.624999936670065,0.9999999701976776,-2.6249999664723873,10.125,-29.375,False,no_flip,True,0.7088656760752201
71,prospective,self,developmental,medium,paired_primary,True,1,neuronpedia_global,all_prompt_positions_and_generated_tokens,question_mark,92,,,108,True,1.0,-1.7,-1.0,评估,vocab_token:99973,99973,c55ca3df206b88ee4dcaf291e77b8830ab68243ed25460e77d6d850604e7a107,40,frozen_layer_40_no_rank_gate,19,4,raw_rank,FAIL,FAIL,FAIL,FAIL,True,True,PASS/FAIL,FAIL,False,True,True,-1.125,0.0,1.125,1.125,-0.0,-1.125,12.375,-29.75,False,no_flip,True,0.7088033482432365
71,prospective,other,developmental,medium,paired_primary,True,2,neuronpedia_global,all_prompt_positions_and_generated_tokens,question_mark,92,,,108,True,1.0,-1.7,-1.0,评估,vocab_token:99973,99973,c55ca3df206b88ee4dcaf291e77b8830ab68243ed25460e77d6d850604e7a107,40,frozen_layer_40_no_rank_gate,159,77,raw_rank,FAIL,FAIL,PASS,PASS,True,True,PASS/FAIL,FAIL,False,True,False,-3.1249998845160007,0.0625,3.1874998845160007,3.1249998845160007,-0.0625,-3.1874998845160007,8.75,-30.0,True,worsened,True,0.7066872678697109
71,prospective,self,developmental,medium,paired_primary,True,3,neuronpedia_global,all_prompt_positions_and_generated_tokens,question_mark,92,,,108,True,1.0,-1.8,-1.0,评估,vocab_token:99973,99973,c55ca3df206b88ee4dcaf291e77b8830ab68243ed25460e77d6d850604e7a107,40,frozen_layer_40_no_rank_gate,19,4,raw_rank,FAIL,FAIL,FAIL,FAIL,True,True,PASS/FAIL,FAIL,False,True,True,-1.125,0.0,1.125,1.125,-0.0,-1.125,12.375,-29.75,False,no_flip,True,0.7069278843700886
71,prospective,other,developmental,medium,paired_primary,True,4,neuronpedia_global,all_prompt_positions_and_generated_tokens,question_mark,92,,,108,True,1.0,-1.8,-1.0,评估,vocab_token:99973,99973,c55ca3df206b88ee4dcaf291e77b8830ab68243ed25460e77d6d850604e7a107,40,frozen_layer_40_no_rank_gate,159,77,raw_rank,FAIL,FAIL,PASS,PASS,True,True,PASS/FAIL,FAIL,False,True,False,-3.1249998845160007,0.12500005960464478,3.2499999441206455,3.1249998845160007,-0.12500005960464478,-3.2499999441206455,8.75,-30.0,True,worsened,True,0.7186052035540342
72,prospective,self,methodology,hard,paired_primary,True,1,neuronpedia_global,all_prompt_positions_and_generated_tokens,question_mark,80,,,96,True,1.0,-1.7,-1.0,评估,vocab_token:99973,99973,c55ca3df206b88ee4dcaf291e77b8830ab68243ed25460e77d6d850604e7a107,40,frozen_layer_40_no_rank_gate,28,6,raw_rank,PASS,PASS,PASS,PASS,True,True,PASS/FAIL,PASS,True,True,True,8.999999769410351,1.1249999403953552,-7.874999829014996,8.999999769410351,1.1249999403953552,-7.874999829014996,11.875,-29.875,False,no_flip,True,0.7209074664860964
72,prospective,other,methodology,hard,paired_primary,True,2,neuronpedia_global,all_prompt_positions_and_generated_tokens,question_mark,80,,,96,True,1.0,-1.7,-1.0,评估,vocab_token:99973,99973,c55ca3df206b88ee4dcaf291e77b8830ab68243ed25460e77d6d850604e7a107,40,frozen_layer_40_no_rank_gate,76,28,raw_rank,PASS,PASS,PASS,PASS,True,True,PASS/FAIL,PASS,True,True,True,7.3749998394050635,1.1250000298023224,-6.249999809602741,7.3749998394050635,1.1250000298023224,-6.249999809602741,9.75,-30.125,False,no_flip,True,0.7097684070467949
72,prospective,self,methodology,hard,paired_primary,True,3,neuronpedia_global,all_prompt_positions_and_generated_tokens,question_mark,80,,,96,True,1.0,-1.8,-1.0,评估,vocab_token:99973,99973,c55ca3df206b88ee4dcaf291e77b8830ab68243ed25460e77d6d850604e7a107,40,frozen_layer_40_no_rank_gate,28,6,raw_rank,PASS,PASS,PASS,PASS,True,True,PASS/FAIL,PASS,True,True,True,8.999999769410351,1.1250000298023224,-7.874999739608029,8.999999769410351,1.1250000298023224,-7.874999739608029,11.875,-29.875,False,no_flip,True,0.707342742010951
72,prospective,other,methodology,hard,paired_primary,True,4,neuronpedia_global,all_prompt_positions_and_generated_tokens,question_mark,80,,,96,True,1.0,-1.8,-1.0,评估,vocab_token:99973,99973,c55ca3df206b88ee4dcaf291e77b8830ab68243ed25460e77d6d850604e7a107,40,frozen_layer_40_no_rank_gate,76,28,raw_rank,PASS,PASS,PASS,PASS,True,True,PASS/FAIL,PASS,True,True,True,7.3749998394050635,1.1249999403953552,-6.249999899009708,7.3749998394050635,1.1249999403953552,-6.249999899009708,9.75,-30.125,False,no_flip,True,0.7102419026196003
73,prospective,self,neuroscience,hard,paired_primary,True,1,neuronpedia_global,all_prompt_positions_and_generated_tokens,question_mark,94,,,110,True,1.0,-1.7,-1.0,评估,vocab_token:99973,99973,c55ca3df206b88ee4dcaf291e77b8830ab68243ed25460e77d6d850604e7a107,40,frozen_layer_40_no_rank_gate,22,5,raw_rank,FAIL,FAIL,"FAIL

",FAIL,True,True,PASS/FAIL,FAIL,False,True,True,-2.1250000968575478,-0.375,1.7500000968575478,2.1250000968575478,0.375,-1.7500000968575478,12.0,-29.375,False,no_flip,True,0.7128726523369551
73,prospective,other,neuroscience,hard,paired_primary,True,2,neuronpedia_global,all_prompt_positions_and_generated_tokens,question_mark,94,,,110,True,1.0,-1.7,-1.0,评估,vocab_token:99973,99973,c55ca3df206b88ee4dcaf291e77b8830ab68243ed25460e77d6d850604e7a107,40,frozen_layer_40_no_rank_gate,78,22,raw_rank,FAIL,FAIL,"FAIL

",FAIL,True,True,PASS/FAIL,FAIL,False,True,True,-1.8749999105930328,-0.4999999403953552,1.3749999701976776,1.8749999105930328,0.4999999403953552,-1.3749999701976776,9.375,-30.0,False,no_flip,True,0.7102698627859354
73,prospective,self,neuroscience,hard,paired_primary,True,3,neuronpedia_global,all_prompt_positions_and_generated_tokens,question_mark,94,,,110,True,1.0,-1.8,-1.0,评估,vocab_token:99973,99973,c55ca3df206b88ee4dcaf291e77b8830ab68243ed25460e77d6d850604e7a107,40,frozen_layer_40_no_rank_gate,22,5,raw_rank,FAIL,FAIL,"FAIL

",FAIL,True,True,PASS/FAIL,FAIL,False,True,True,-2.1250000968575478,-0.25,1.8750000968575478,2.1250000968575478,0.25,-1.8750000968575478,12.0,-29.5,False,no_flip,True,0.7108412347733974
73,prospective,other,neuroscience,hard,paired_primary,True,4,neuronpedia_global,all_prompt_positions_and_generated_tokens,question_mark,94,,,110,True,1.0,-1.8,-1.0,评估,vocab_token:99973,99973,c55ca3df206b88ee4dcaf291e77b8830ab68243ed25460e77d6d850604e7a107,40,frozen_layer_40_no_rank_gate,78,22,raw_rank,FAIL,FAIL,"FAIL

",FAIL,True,True,PASS/FAIL,FAIL,False,True,True,-1.8749999105930328,-0.5,1.3749999105930328,1.8749999105930328,0.5,-1.3749999105930328,9.375,-30.0,False,no_flip,True,0.7120256125926971
82,knowledge_boundary,self,biology,know,paired_primary,True,1,neuronpedia_global,all_prompt_positions_and_generated_tokens,question_mark,40,,,56,True,1.0,-1.7,-1.0,评估,vocab_token:99973,99973,c55ca3df206b88ee4dcaf291e77b8830ab68243ed25460e77d6d850604e7a107,40,frozen_layer_40_no_rank_gate,34,5,raw_rank,FAIL,FAIL,FAIL,FAIL,True,True,PASS/FAIL,FAIL,False,True,True,-0.625,-0.3125,0.3125,0.625,0.3125,-0.3125,11.3125,-29.625,False,no_flip,True,0.6843682341277599
82,knowledge_boundary,other,biology,know,paired_primary,True,2,neuronpedia_global,all_prompt_positions_and_generated_tokens,question_mark,40,,,56,True,1.0,-1.7,-1.0,评估,vocab_token:99973,99973,c55ca3df206b88ee4dcaf291e77b8830ab68243ed25460e77d6d850604e7a107,40,frozen_layer_40_no_rank_gate,172,61,raw_rank,FAIL,FAIL,PASS,PASS,True,True,PASS/FAIL,FAIL,False,True,False,-2.000000074505806,0.1875,2.187500074505806,2.000000074505806,-0.1875,-2.187500074505806,8.25,-30.0,True,worsened,True,0.6831586044281721
82,knowledge_boundary,self,biology,know,paired_primary,True,3,neuronpedia_global,all_prompt_positions_and_generated_tokens,question_mark,40,,,56,True,1.0,-1.8,-1.0,评估,vocab_token:99973,99973,c55ca3df206b88ee4dcaf291e77b8830ab68243ed25460e77d6d850604e7a107,40,frozen_layer_40_no_rank_gate,34,5,raw_rank,FAIL,FAIL,FAIL,FAIL,True,True,PASS/FAIL,FAIL,False,True,True,-0.625,-0.24999994039535522,0.3750000596046448,0.625,0.24999994039535522,-0.3750000596046448,11.3125,-29.625,False,no_flip,True,0.6840994562953711
82,knowledge_boundary,other,biology,know,paired_primary,True,4,neuronpedia_global,all_prompt_positions_and_generated_tokens,question_mark,40,,,56,True,1.0,-1.8,-1.0,评估,vocab_token:99973,99973,c55ca3df206b88ee4dcaf291e77b8830ab68243ed25460e77d6d850604e7a107,40,frozen_layer_40_no_rank_gate,172,61,raw_rank,FAIL,FAIL,PASS,PASS,True,True,PASS/FAIL,FAIL,False,True,False,-2.000000074505806,0.125,2.125000074505806,2.000000074505806,-0.125,-2.125000074505806,8.25,-30.0,True,worsened,True,0.6954436972737312
83,knowledge_boundary,self,psychology,know,paired_primary,True,1,neuronpedia_global,all_prompt_positions_and_generated_tokens,question_mark,42,,,58,True,1.0,-1.7,-1.0,评估,vocab_token:99973,99973,c55ca3df206b88ee4dcaf291e77b8830ab68243ed25460e77d6d850604e7a107,40,frozen_layer_40_no_rank_gate,20,2,raw_rank,PASS,PASS,PASS,PASS,True,True,PASS/FAIL,PASS,True,True,True,14.625000357631052,1.5625000298023224,-13.06250032782873,14.625000357631052,1.5625000298023224,-13.06250032782873,13.0,-29.75,False,no_flip,True,0.6848629079759121
83,knowledge_boundary,other,psychology,know,paired_primary,True,2,neuronpedia_global,all_prompt_positions_and_generated_tokens,question_mark,42,,,58,True,1.0,-1.7,-1.0,评估,vocab_token:99973,99973,c55ca3df206b88ee4dcaf291e77b8830ab68243ed25460e77d6d850604e7a107,40,frozen_layer_40_no_rank_gate,98,30,raw_rank,PASS,PASS,PASS,PASS,True,True,PASS/FAIL,PASS,True,True,True,13.499999880798441,1.9999999701976776,-11.499999910600764,13.499999880798441,1.9999999701976776,-11.499999910600764,9.6875,-30.25,False,no_flip,True,0.6839815881103277
83,knowledge_boundary,self,psychology,know,paired_primary,True,3,neuronpedia_global,all_prompt_positions_and_generated_tokens,question_mark,42,,,58,True,1.0,-1.8,-1.0,评估,vocab_token:99973,99973,c55ca3df206b88ee4dcaf291e77b8830ab68243ed25460e77d6d850604e7a107,40,frozen_layer_40_no_rank_gate,20,2,raw_rank,PASS,PASS,PASS,PASS,True,True,PASS/FAIL,PASS,True,True,True,14.625000357631052,1.5624999701976776,-13.062500387433374,14.625000357631052,1.5624999701976776,-13.062500387433374,13.0,-29.75,False,no_flip,True,0.6835093852132559
83,knowledge_boundary,other,psychology,know,paired_primary,True,4,neuronpedia_global,all_prompt_positions_and_generated_tokens,question_mark,42,,,58,True,1.0,-1.8,-1.0,评估,vocab_token:99973,99973,c55ca3df206b88ee4dcaf291e77b8830ab68243ed25460e77d6d850604e7a107,40,frozen_layer_40_no_rank_gate,98,30,raw_rank,PASS,PASS,PASS,PASS,True,True,PASS/FAIL,PASS,True,True,True,13.499999880798441,1.9375,-11.562499880798441,13.499999880798441,1.9375,-11.562499880798441,9.6875,-30.25,False,no_flip,True,0.6962812170386314
84,knowledge_boundary,self,metacognition,boundary,paired_primary,True,1,neuronpedia_global,all_prompt_positions_and_generated_tokens,question_mark,96,,,112,True,1.0,-1.7,-1.0,评估,vocab_token:99973,99973,c55ca3df206b88ee4dcaf291e77b8830ab68243ed25460e77d6d850604e7a107,40,frozen_layer_40_no_rank_gate,23,5,raw_rank,FAIL,FAIL,"FAIL

",FAIL,True,True,PASS/FAIL,FAIL,False,True,True,-2.2500000819563866,-0.375,1.8750000819563866,2.2500000819563866,0.375,-1.8750000819563866,12.1875,-29.625,False,no_flip,True,0.7098911441862583
84,knowledge_boundary,other,metacognition,boundary,paired_primary,True,2,neuronpedia_global,all_prompt_positions_and_generated_tokens,question_mark,96,,,112,True,1.0,-1.7,-1.0,评估,vocab_token:99973,99973,c55ca3df206b88ee4dcaf291e77b8830ab68243ed25460e77d6d850604e7a107,40,frozen_layer_40_no_rank_gate,90,32,raw_rank,FAIL,FAIL,PASS,PASS,True,True,PASS/FAIL,FAIL,False,True,False,-3.4999999180436134,0.125,3.6249999180436134,3.4999999180436134,-0.125,-3.6249999180436134,8.875,-29.875,True,worsened,True,0.7094537205994129
84,knowledge_boundary,self,metacognition,boundary,paired_primary,True,3,neuronpedia_global,all_prompt_positions_and_generated_tokens,question_mark,96,,,112,True,1.0,-1.8,-1.0,评估,vocab_token:99973,99973,c55ca3df206b88ee4dcaf291e77b8830ab68243ed25460e77d6d850604e7a107,40,frozen_layer_40_no_rank_gate,23,5,raw_rank,FAIL,FAIL,"FAIL

",FAIL,True,True,PASS/FAIL,FAIL,False,True,True,-2.2500000819563866,-0.25,2.0000000819563866,2.2500000819563866,0.25,-2.0000000819563866,12.1875,-29.625,False,no_flip,True,0.7183926273137331
84,knowledge_boundary,other,metacognition,boundary,paired_primary,True,4,neuronpedia_global,all_prompt_positions_and_generated_tokens,question_mark,96,,,112,True,1.0,-1.8,-1.0,评估,vocab_token:99973,99973,c55ca3df206b88ee4dcaf291e77b8830ab68243ed25460e77d6d850604e7a107,40,frozen_layer_40_no_rank_gate,90,32,raw_rank,FAIL,FAIL,"FAIL

",FAIL,True,True,PASS/FAIL,FAIL,False,True,True,-3.4999999180436134,0.0,3.4999999180436134,3.4999999180436134,-0.0,-3.4999999180436134,8.875,-29.875,False,no_flip,True,0.709913844242692
85,knowledge_boundary,self,psychophysics,boundary,paired_primary,True,1,neuronpedia_global,all_prompt_positions_and_generated_tokens,question_mark,79,,,95,True,1.0,-1.7,-1.0,评估,vocab_token:99973,99973,c55ca3df206b88ee4dcaf291e77b8830ab68243ed25460e77d6d850604e7a107,40,frozen_layer_40_no_rank_gate,19,3,raw_rank,FAIL,FAIL,FAIL,FAIL,True,True,PASS/FAIL,FAIL,False,True,True,-0.8749999701976776,-0.5,0.3749999701976776,0.8749999701976776,0.5,-0.3749999701976776,11.9375,-30.0,False,no_flip,True,0.7075866870582104
85,knowledge_boundary,other,psychophysics,boundary,paired_primary,True,2,neuronpedia_global,all_prompt_positions_and_generated_tokens,question_mark,79,,,95,True,1.0,-1.7,-1.0,评估,vocab_token:99973,99973,c55ca3df206b88ee4dcaf291e77b8830ab68243ed25460e77d6d850604e7a107,40,frozen_layer_40_no_rank_gate,57,21,raw_rank,FAIL,FAIL,FAIL,FAIL,True,True,PASS/FAIL,FAIL,False,True,True,-1.2500000298023224,0.0,1.2500000298023224,1.2500000298023224,-0.0,-1.2500000298023224,9.25,-29.875,False,no_flip,True,0.7088957969099283
85,knowledge_boundary,self,psychophysics,boundary,paired_primary,True,3,neuronpedia_global,all_prompt_positions_and_generated_tokens,question_mark,79,,,95,True,1.0,-1.8,-1.0,评估,vocab_token:99973,99973,c55ca3df206b88ee4dcaf291e77b8830ab68243ed25460e77d6d850604e7a107,40,frozen_layer_40_no_rank_gate,19,3,raw_rank,FAIL,FAIL,FAIL,FAIL,True,True,PASS/FAIL,FAIL,False,True,True,-0.8749999701976776,-0.625,0.2499999701976776,0.8749999701976776,0.625,-0.2499999701976776,11.9375,-30.0,False,no_flip,True,0.7067782171070576
85,knowledge_boundary,other,psychophysics,boundary,paired_primary,True,4,neuronpedia_global,all_prompt_positions_and_generated_tokens,question_mark,79,,,95,True,1.0,-1.8,-1.0,评估,vocab_token:99973,99973,c55ca3df206b88ee4dcaf291e77b8830ab68243ed25460e77d6d850604e7a107,40,frozen_layer_40_no_rank_gate,57,21,raw_rank,FAIL,FAIL,FAIL,FAIL,True,True,PASS/FAIL,FAIL,False,True,True,-1.2500000298023224,0.0,1.2500000298023224,1.2500000298023224,-0.0,-1.2500000298023224,9.25,-29.875,False,no_flip,True,0.7166818026453257
86,knowledge_boundary,self,statistics,boundary,paired_primary,True,1,neuronpedia_global,all_prompt_positions_and_generated_tokens,question_mark,60,,,76,True,1.0,-1.7,-1.0,评估,vocab_token:99973,99973,c55ca3df206b88ee4dcaf291e77b8830ab68243ed25460e77d6d850604e7a107,40,frozen_layer_40_no_rank_gate,24,5,raw_rank,PASS,PASS,PASS,PASS,True,True,PASS/FAIL,PASS,True,True,True,14.500000119210881,1.6249999701976776,-12.875000149013204,14.500000119210881,1.6249999701976776,-12.875000149013204,11.9375,-29.75,False,no_flip,True,0.7114386390894651
86,knowledge_boundary,other,statistics,boundary,paired_primary,True,2,neuronpedia_global,all_prompt_positions_and_generated_tokens,question_mark,60,,,76,True,1.0,-1.7,-1.0,评估,vocab_token:99973,99973,c55ca3df206b88ee4dcaf291e77b8830ab68243ed25460e77d6d850604e7a107,40,frozen_layer_40_no_rank_gate,48,13,raw_rank,PASS,PASS,PASS,PASS,True,True,PASS/FAIL,PASS,True,True,True,10.999999642561306,1.8750000894069672,-9.124999553154339,10.999999642561306,1.8750000894069672,-9.124999553154339,10.375,-29.75,False,no_flip,True,0.7189911175519228
86,knowledge_boundary,self,statistics,boundary,paired_primary,True,3,neuronpedia_global,all_prompt_positions_and_generated_tokens,question_mark,60,,,76,True,1.0,-1.8,-1.0,评估,vocab_token:99973,99973,c55ca3df206b88ee4dcaf291e77b8830ab68243ed25460e77d6d850604e7a107,40,frozen_layer_40_no_rank_gate,24,5,raw_rank,PASS,PASS,PASS,PASS,True,True,PASS/FAIL,PASS,True,True,True,14.500000119210881,1.6249999701976776,-12.875000149013204,14.500000119210881,1.6249999701976776,-12.875000149013204,11.9375,-29.75,False,no_flip,True,0.7137920539826155
86,knowledge_boundary,other,statistics,boundary,paired_primary,True,4,neuronpedia_global,all_prompt_positions_and_generated_tokens,question_mark,60,,,76,True,1.0,-1.8,-1.0,评估,vocab_token:99973,99973,c55ca3df206b88ee4dcaf291e77b8830ab68243ed25460e77d6d850604e7a107,40,frozen_layer_40_no_rank_gate,48,13,raw_rank,PASS,PASS,PASS,PASS,True,True,PASS/FAIL,PASS,True,True,True,10.999999642561306,1.7499999701976776,-9.249999672363629,10.999999642561306,1.7499999701976776,-9.249999672363629,10.375,-29.75,False,no_flip,True,0.7129691634327173
87,knowledge_boundary,self,psychophysics,guess,paired_primary,True,1,neuronpedia_global,all_prompt_positions_and_generated_tokens,question_mark,68,,,84,True,1.0,-1.7,-1.0,评估,vocab_token:99973,99973,c55ca3df206b88ee4dcaf291e77b8830ab68243ed25460e77d6d850604e7a107,40,frozen_layer_40_no_rank_gate,26,7,raw_rank,PASS,PASS,PASS,PASS,True,True,PASS/FAIL,FAIL,False,False,False,4.87499984074384,0.7500000298023224,-4.124999810941517,-4.87499984074384,-0.7500000298023224,4.124999810941517,12.25,-30.0,False,no_flip,True,0.7074956595897675
87,knowledge_boundary,other,psychophysics,guess,paired_primary,True,2,neuronpedia_global,all_prompt_positions_and_generated_tokens,question_mark,68,,,84,True,1.0,-1.7,-1.0,评估,vocab_token:99973,99973,c55ca3df206b88ee4dcaf291e77b8830ab68243ed25460e77d6d850604e7a107,40,frozen_layer_40_no_rank_gate,90,30,raw_rank,PASS,PASS,PASS,PASS,True,True,PASS/FAIL,FAIL,False,False,False,8.125000284606358,0.6249999701976776,-7.50000031440868,-8.125000284606358,-0.6249999701976776,7.50000031440868,9.625,-30.375,False,no_flip,True,0.7193910237401724
87,knowledge_boundary,self,psychophysics,guess,paired_primary,True,3,neuronpedia_global,all_prompt_positions_and_generated_tokens,question_mark,68,,,84,True,1.0,-1.8,-1.0,评估,vocab_token:99973,99973,c55ca3df206b88ee4dcaf291e77b8830ab68243ed25460e77d6d850604e7a107,40,frozen_layer_40_no_rank_gate,26,7,raw_rank,PASS,PASS,PASS,PASS,True,True,PASS/FAIL,FAIL,False,False,False,4.87499984074384,0.7499999701976776,-4.124999870546162,-4.87499984074384,-0.7499999701976776,4.124999870546162,12.25,-30.0,False,no_flip,True,0.7096639387309551
87,knowledge_boundary,other,psychophysics,guess,paired_primary,True,4,neuronpedia_global,all_prompt_positions_and_generated_tokens,question_mark,68,,,84,True,1.0,-1.8,-1.0,评估,vocab_token:99973,99973,c55ca3df206b88ee4dcaf291e77b8830ab68243ed25460e77d6d850604e7a107,40,frozen_layer_40_no_rank_gate,90,30,raw_rank,PASS,PASS,PASS,PASS,True,True,PASS/FAIL,FAIL,False,False,False,8.125000284606358,0.7499999701976776,-7.37500031440868,-8.125000284606358,-0.7499999701976776,7.37500031440868,9.625,-30.375,False,no_flip,True,0.7088661752641201
88,knowledge_boundary,self,methodology,guess,paired_primary,True,1,neuronpedia_global,all_prompt_positions_and_generated_tokens,question_mark,92,,,108,True,1.0,-1.7,-1.0,评估,vocab_token:99973,99973,c55ca3df206b88ee4dcaf291e77b8830ab68243ed25460e77d6d850604e7a107,40,frozen_layer_40_no_rank_gate,43,7,raw_rank,FAIL,FAIL,FAIL,FAIL,True,True,PASS/FAIL,FAIL,False,True,True,-1.1249999701976776,-0.5000000596046448,0.6249999105930328,1.1249999701976776,0.5000000596046448,-0.6249999105930328,11.0,-29.875,False,no_flip,True,0.7093302626162767
88,knowledge_boundary,other,methodology,guess,paired_primary,True,2,neuronpedia_global,all_prompt_positions_and_generated_tokens,question_mark,92,,,108,True,1.0,-1.7,-1.0,评估,vocab_token:99973,99973,c55ca3df206b88ee4dcaf291e77b8830ab68243ed25460e77d6d850604e7a107,40,frozen_layer_40_no_rank_gate,40,13,raw_rank,FAIL,FAIL,FAIL,FAIL,True,True,PASS/FAIL,FAIL,False,True,True,-2.2500000074505806,-0.375,1.8750000074505806,2.2500000074505806,0.375,-1.8750000074505806,10.125,-29.5,False,no_flip,True,0.7085663676261902
88,knowledge_boundary,self,methodology,guess,paired_primary,True,3,neuronpedia_global,all_prompt_positions_and_generated_tokens,question_mark,92,,,108,True,1.0,-1.8,-1.0,评估,vocab_token:99973,99973,c55ca3df206b88ee4dcaf291e77b8830ab68243ed25460e77d6d850604e7a107,40,frozen_layer_40_no_rank_gate,43,7,raw_rank,FAIL,FAIL,FAIL,FAIL,True,True,PASS/FAIL,FAIL,False,True,True,-1.1249999701976776,-0.5,0.6249999701976776,1.1249999701976776,0.5,-0.6249999701976776,11.0,-29.875,False,no_flip,True,0.707980053499341
88,knowledge_boundary,other,methodology,guess,paired_primary,True,4,neuronpedia_global,all_prompt_positions_and_generated_tokens,question_mark,92,,,108,True,1.0,-1.8,-1.0,评估,vocab_token:99973,99973,c55ca3df206b88ee4dcaf291e77b8830ab68243ed25460e77d6d850604e7a107,40,frozen_layer_40_no_rank_gate,40,13,raw_rank,FAIL,FAIL,FAIL,FAIL,True,True,PASS/FAIL,FAIL,False,True,True,-2.2500000074505806,-0.375,1.8750000074505806,2.2500000074505806,0.375,-1.8750000074505806,10.125,-29.5,False,no_flip,True,0.7089790143072605
89,knowledge_boundary,self,cognitive_science,guess,paired_primary,True,1,neuronpedia_global,all_prompt_positions_and_generated_tokens,question_mark,92,,,108,True,1.0,-1.7,-1.0,评估,vocab_token:99973,99973,c55ca3df206b88ee4dcaf291e77b8830ab68243ed25460e77d6d850604e7a107,40,frozen_layer_40_no_rank_gate,26,6,raw_rank,FAIL,FAIL,PASS,PASS,True,True,PASS/FAIL,FAIL,False,True,False,-1.8749999552965164,0.25,2.1249999552965164,1.8749999552965164,-0.25,-2.1249999552965164,11.75,-29.75,True,worsened,True,0.717565605416894
89,knowledge_boundary,other,cognitive_science,guess,paired_primary,True,2,neuronpedia_global,all_prompt_positions_and_generated_tokens,question_mark,92,,,108,True,1.0,-1.7,-1.0,评估,vocab_token:99973,99973,c55ca3df206b88ee4dcaf291e77b8830ab68243ed25460e77d6d850604e7a107,40,frozen_layer_40_no_rank_gate,28,13,raw_rank,FAIL,FAIL,"FAIL

",FAIL,True,True,PASS/FAIL,FAIL,False,True,True,-2.249999947845936,0.0,2.249999947845936,2.249999947845936,-0.0,-2.249999947845936,11.625,-29.375,False,no_flip,True,0.7090294938534498
89,knowledge_boundary,self,cognitive_science,guess,paired_primary,True,3,neuronpedia_global,all_prompt_positions_and_generated_tokens,question_mark,92,,,108,True,1.0,-1.8,-1.0,评估,vocab_token:99973,99973,c55ca3df206b88ee4dcaf291e77b8830ab68243ed25460e77d6d850604e7a107,40,frozen_layer_40_no_rank_gate,26,6,raw_rank,FAIL,FAIL,PASS,PASS,True,True,PASS/FAIL,FAIL,False,True,False,-1.8749999552965164,0.25,2.1249999552965164,1.8749999552965164,-0.25,-2.1249999552965164,11.75,-29.75,True,worsened,True,0.7091641910374165
89,knowledge_boundary,other,cognitive_science,guess,paired_primary,True,4,neuronpedia_global,all_prompt_positions_and_generated_tokens,question_mark,92,,,108,True,1.0,-1.8,-1.0,评估,vocab_token:99973,99973,c55ca3df206b88ee4dcaf291e77b8830ab68243ed25460e77d6d850604e7a107,40,frozen_layer_40_no_rank_gate,28,13,raw_rank,FAIL,FAIL,PASS,PASS,True,True,PASS/FAIL,FAIL,False,True,False,-2.249999947845936,0.125,2.374999947845936,2.249999947845936,-0.125,-2.374999947845936,11.625,-29.375,True,worsened,True,0.708624480292201
