item_id,item_type,condition,domain,difficulty,analysis_family,is_primary_estimand,attempt_order,intervention_mode,intervention_scope,direction_source_selector,direction_source_position,localized_target_selector,localized_target_position,applied_prompt_position_count,steer_generated,max_injection_fraction,requested_strength,effective_strength_after_cap,feature_label,feature_id,token_id,direction_sha256,layer,layer_selection_reason,raw_rank,word_filtered_rank,rank_policy,baseline_output_raw,baseline_output_normalized,intervened_output_raw,intervened_output_normalized,baseline_valid,intervened_valid,labels,expected_judgment,factual_correct,baseline_judgment_correct,intervened_judgment_correct,baseline_margin,intervened_margin,delta_margin,baseline_oriented_margin,intervened_oriented_margin,delta_oriented_margin,candidate_score_before,candidate_score_after,flipped,flip_effect,generated_positions_steered,duration_seconds
0,calibration,self,physics,1,paired_primary,True,1,neuronpedia_global,all_prompt_positions_and_generated_tokens,question_mark,81,,,100,True,1.0,-1.7,-1.0,评价,vocab_token:97817,97817,8a87e6e3f1867b77d6b1e41a3304949df1310120316964b73eb3391f0877cfb6,40,frozen_layer_40_no_rank_gate,74,28,raw_rank,CORRECT,CORRECT,CORRECT,CORRECT,True,True,CORRECT/INCORRECT,CORRECT,True,True,True,11.125120193619978,2.265556201877189,-8.859563991742789,11.125120193619978,2.265556201877189,-8.859563991742789,10.5625,-28.625,False,no_flip,True,1.309644676744938
0,calibration,other,physics,1,paired_primary,True,2,neuronpedia_global,all_prompt_positions_and_generated_tokens,question_mark,81,,,100,True,1.0,-1.7,-1.0,评价,vocab_token:97817,97817,8a87e6e3f1867b77d6b1e41a3304949df1310120316964b73eb3391f0877cfb6,40,frozen_layer_40_no_rank_gate,14,3,raw_rank,CORRECT,CORRECT,CORRECT,CORRECT,True,True,CORRECT/INCORRECT,CORRECT,True,True,True,9.750137330415896,0.8795450066681951,-8.870592323747701,9.750137330415896,0.8795450066681951,-8.870592323747701,13.125,-28.0,False,no_flip,True,1.5700150523334742
0,calibration,self,physics,1,paired_primary,True,3,neuronpedia_global,all_prompt_positions_and_generated_tokens,question_mark,81,,,100,True,1.0,-1.8,-1.0,评价,vocab_token:97817,97817,8a87e6e3f1867b77d6b1e41a3304949df1310120316964b73eb3391f0877cfb6,40,frozen_layer_40_no_rank_gate,74,28,raw_rank,CORRECT,CORRECT,CORRECT,CORRECT,True,True,CORRECT/INCORRECT,CORRECT,True,True,True,11.125120193619978,2.193521945606335,-8.931598248013643,11.125120193619978,2.193521945606335,-8.931598248013643,10.5625,-28.625,False,no_flip,True,1.2984854839742184
0,calibration,other,physics,1,paired_primary,True,4,neuronpedia_global,all_prompt_positions_and_generated_tokens,question_mark,81,,,100,True,1.0,-1.8,-1.0,评价,vocab_token:97817,97817,8a87e6e3f1867b77d6b1e41a3304949df1310120316964b73eb3391f0877cfb6,40,frozen_layer_40_no_rank_gate,14,3,raw_rank,CORRECT,CORRECT,CORRECT,CORRECT,True,True,CORRECT/INCORRECT,CORRECT,True,True,True,9.750137330415896,0.8800366036302876,-8.870100726785608,9.750137330415896,0.8800366036302876,-8.870100726785608,13.125,-28.0,False,no_flip,True,1.3014103639870882
1,calibration,self,astronomy,1,paired_primary,True,1,neuronpedia_global,all_prompt_positions_and_generated_tokens,question_mark,74,,,93,True,1.0,-1.7,-1.0,评价,vocab_token:97817,97817,8a87e6e3f1867b77d6b1e41a3304949df1310120316964b73eb3391f0877cfb6,40,frozen_layer_40_no_rank_gate,59,27,raw_rank,CORRECT,CORRECT,CORRECT,CORRECT,True,True,CORRECT/INCORRECT,CORRECT,True,True,True,12.750043398727712,2.1567870343569666,-10.593256364370745,12.750043398727712,2.1567870343569666,-10.593256364370745,10.875,-28.5,False,no_flip,True,1.278976820409298
1,calibration,other,astronomy,1,paired_primary,True,2,neuronpedia_global,all_prompt_positions_and_generated_tokens,question_mark,74,,,93,True,1.0,-1.7,-1.0,评价,vocab_token:97817,97817,8a87e6e3f1867b77d6b1e41a3304949df1310120316964b73eb3391f0877cfb6,40,frozen_layer_40_no_rank_gate,15,3,raw_rank,CORRECT,CORRECT,CORRECT,CORRECT,True,True,CORRECT/INCORRECT,CORRECT,True,True,True,10.625119209112881,1.0430270694196224,-9.582092139693259,10.625119209112881,1.0430270694196224,-9.582092139693259,12.875,-28.0,False,no_flip,True,1.2921240627765656
1,calibration,self,astronomy,1,paired_primary,True,3,neuronpedia_global,all_prompt_positions_and_generated_tokens,question_mark,74,,,93,True,1.0,-1.8,-1.0,评价,vocab_token:97817,97817,8a87e6e3f1867b77d6b1e41a3304949df1310120316964b73eb3391f0877cfb6,40,frozen_layer_40_no_rank_gate,59,27,raw_rank,CORRECT,CORRECT,CORRECT,CORRECT,True,True,CORRECT/INCORRECT,CORRECT,True,True,True,12.750043398727712,2.1540062890635454,-10.596037109664167,12.750043398727712,2.1540062890635454,-10.596037109664167,10.875,-28.5,False,no_flip,True,1.300468472763896
1,calibration,other,astronomy,1,paired_primary,True,4,neuronpedia_global,all_prompt_positions_and_generated_tokens,question_mark,74,,,93,True,1.0,-1.8,-1.0,评价,vocab_token:97817,97817,8a87e6e3f1867b77d6b1e41a3304949df1310120316964b73eb3391f0877cfb6,40,frozen_layer_40_no_rank_gate,15,3,raw_rank,CORRECT,CORRECT,CORRECT,CORRECT,True,True,CORRECT/INCORRECT,CORRECT,True,True,True,10.625119209112881,1.0347326664777938,-9.590386542635088,10.625119209112881,1.0347326664777938,-9.590386542635088,12.875,-28.0,False,no_flip,True,1.3749566115438938
2,calibration,self,geography,1,paired_primary,True,1,neuronpedia_global,all_prompt_positions_and_generated_tokens,question_mark,75,,,94,True,1.0,-1.7,-1.0,评价,vocab_token:97817,97817,8a87e6e3f1867b77d6b1e41a3304949df1310120316964b73eb3391f0877cfb6,40,frozen_layer_40_no_rank_gate,75,32,raw_rank,CORRECT,CORRECT,CORRECT,CORRECT,True,True,CORRECT/INCORRECT,CORRECT,True,True,True,6.250055580101389,0.87934259751637,-5.370712982585019,6.250055580101389,0.87934259751637,-5.370712982585019,10.5625,-28.5,False,no_flip,True,1.2878200747072697
2,calibration,other,geography,1,paired_primary,True,2,neuronpedia_global,all_prompt_positions_and_generated_tokens,question_mark,75,,,94,True,1.0,-1.7,-1.0,评价,vocab_token:97817,97817,8a87e6e3f1867b77d6b1e41a3304949df1310120316964b73eb3391f0877cfb6,40,frozen_layer_40_no_rank_gate,18,3,raw_rank,CORRECT,CORRECT,CORRECT,CORRECT,True,True,CORRECT/INCORRECT,CORRECT,True,True,True,8.37507897664409,0.629958454563166,-7.745120522080924,8.37507897664409,0.629958454563166,-7.745120522080924,12.75,-27.875,False,no_flip,True,1.2810361478477716
2,calibration,self,geography,1,paired_primary,True,3,neuronpedia_global,all_prompt_positions_and_generated_tokens,question_mark,75,,,94,True,1.0,-1.8,-1.0,评价,vocab_token:97817,97817,8a87e6e3f1867b77d6b1e41a3304949df1310120316964b73eb3391f0877cfb6,40,frozen_layer_40_no_rank_gate,75,32,raw_rank,CORRECT,CORRECT,CORRECT,CORRECT,True,True,CORRECT/INCORRECT,CORRECT,True,True,True,6.250055580101389,0.8789349212747766,-5.371120658826612,6.250055580101389,0.8789349212747766,-5.371120658826612,10.5625,-28.5,False,no_flip,True,1.2776204217225313
2,calibration,other,geography,1,paired_primary,True,4,neuronpedia_global,all_prompt_positions_and_generated_tokens,question_mark,75,,,94,True,1.0,-1.8,-1.0,评价,vocab_token:97817,97817,8a87e6e3f1867b77d6b1e41a3304949df1310120316964b73eb3391f0877cfb6,40,frozen_layer_40_no_rank_gate,18,3,raw_rank,CORRECT,CORRECT,CORRECT,CORRECT,True,True,CORRECT/INCORRECT,CORRECT,True,True,True,8.37507897664409,0.629631743664504,-7.745447232979586,8.37507897664409,0.629631743664504,-7.745447232979586,12.75,-27.875,False,no_flip,True,1.2857486195862293
3,calibration,self,biology,1,paired_primary,True,1,neuronpedia_global,all_prompt_positions_and_generated_tokens,question_mark,72,,,91,True,1.0,-1.7,-1.0,评价,vocab_token:97817,97817,8a87e6e3f1867b77d6b1e41a3304949df1310120316964b73eb3391f0877cfb6,40,frozen_layer_40_no_rank_gate,52,24,raw_rank,CORRECT,CORRECT,CORRECT,CORRECT,True,True,CORRECT/INCORRECT,CORRECT,True,True,True,13.187558110143073,2.142060109632439,-11.045498000510634,13.187558110143073,2.142060109632439,-11.045498000510634,11.5,-28.75,False,no_flip,True,1.283749608322978
3,calibration,other,biology,1,paired_primary,True,2,neuronpedia_global,all_prompt_positions_and_generated_tokens,question_mark,72,,,91,True,1.0,-1.7,-1.0,评价,vocab_token:97817,97817,8a87e6e3f1867b77d6b1e41a3304949df1310120316964b73eb3391f0877cfb6,40,frozen_layer_40_no_rank_gate,11,3,raw_rank,CORRECT,CORRECT,CORRECT,CORRECT,True,True,CORRECT/INCORRECT,CORRECT,True,True,True,10.12513876683397,0.8906857861438766,-9.234452980690094,10.12513876683397,0.8906857861438766,-9.234452980690094,13.375,-28.0,False,no_flip,True,1.2795192748308182
3,calibration,self,biology,1,paired_primary,True,3,neuronpedia_global,all_prompt_positions_and_generated_tokens,question_mark,72,,,91,True,1.0,-1.8,-1.0,评价,vocab_token:97817,97817,8a87e6e3f1867b77d6b1e41a3304949df1310120316964b73eb3391f0877cfb6,40,frozen_layer_40_no_rank_gate,52,24,raw_rank,CORRECT,CORRECT,CORRECT,CORRECT,True,True,CORRECT/INCORRECT,CORRECT,True,True,True,13.187558110143073,2.2654921819485025,-10.92206592819457,13.187558110143073,2.2654921819485025,-10.92206592819457,11.5,-28.75,False,no_flip,True,1.2789921388030052
3,calibration,other,biology,1,paired_primary,True,4,neuronpedia_global,all_prompt_positions_and_generated_tokens,question_mark,72,,,91,True,1.0,-1.8,-1.0,评价,vocab_token:97817,97817,8a87e6e3f1867b77d6b1e41a3304949df1310120316964b73eb3391f0877cfb6,40,frozen_layer_40_no_rank_gate,11,3,raw_rank,CORRECT,CORRECT,CORRECT,CORRECT,True,True,CORRECT/INCORRECT,CORRECT,True,True,True,10.12513876683397,1.0181731128250249,-9.106965654008945,10.12513876683397,1.0181731128250249,-9.106965654008945,13.375,-28.0,False,no_flip,True,1.2911643497645855
4,calibration,self,chemistry,1,paired_primary,True,1,neuronpedia_global,all_prompt_positions_and_generated_tokens,question_mark,75,,,94,True,1.0,-1.7,-1.0,评价,vocab_token:97817,97817,8a87e6e3f1867b77d6b1e41a3304949df1310120316964b73eb3391f0877cfb6,40,frozen_layer_40_no_rank_gate,85,32,raw_rank,CORRECT,CORRECT,CORRECT,CORRECT,True,True,CORRECT/INCORRECT,CORRECT,True,True,True,11.062635756588406,2.40389564986981,-8.658740106718597,11.062635756588406,2.40389564986981,-8.658740106718597,10.3125,-28.625,False,no_flip,True,1.2826075721532106
4,calibration,other,chemistry,1,paired_primary,True,2,neuronpedia_global,all_prompt_positions_and_generated_tokens,question_mark,75,,,94,True,1.0,-1.7,-1.0,评价,vocab_token:97817,97817,8a87e6e3f1867b77d6b1e41a3304949df1310120316964b73eb3391f0877cfb6,40,frozen_layer_40_no_rank_gate,12,2,raw_rank,CORRECT,CORRECT,CORRECT,CORRECT,True,True,CORRECT/INCORRECT,CORRECT,True,True,True,11.000142574426945,1.25231398975302,-9.747828584673925,11.000142574426945,1.25231398975302,-9.747828584673925,13.375,-28.0,False,no_flip,True,1.276288628578186
4,calibration,self,chemistry,1,paired_primary,True,3,neuronpedia_global,all_prompt_positions_and_generated_tokens,question_mark,75,,,94,True,1.0,-1.8,-1.0,评价,vocab_token:97817,97817,8a87e6e3f1867b77d6b1e41a3304949df1310120316964b73eb3391f0877cfb6,40,frozen_layer_40_no_rank_gate,85,32,raw_rank,CORRECT,CORRECT,CORRECT,CORRECT,True,True,CORRECT/INCORRECT,CORRECT,True,True,True,11.062635756588406,2.2781993213138776,-8.784436435274529,11.062635756588406,2.2781993213138776,-8.784436435274529,10.3125,-28.75,False,no_flip,True,1.2867148276418447
4,calibration,other,chemistry,1,paired_primary,True,4,neuronpedia_global,all_prompt_positions_and_generated_tokens,question_mark,75,,,94,True,1.0,-1.8,-1.0,评价,vocab_token:97817,97817,8a87e6e3f1867b77d6b1e41a3304949df1310120316964b73eb3391f0877cfb6,40,frozen_layer_40_no_rank_gate,12,2,raw_rank,CORRECT,CORRECT,CORRECT,CORRECT,True,True,CORRECT/INCORRECT,CORRECT,True,True,True,11.000142574426945,1.2522759841376683,-9.747866590289277,11.000142574426945,1.2522759841376683,-9.747866590289277,13.375,-28.0,False,no_flip,True,1.278411565348506
5,calibration,self,geography,1,paired_primary,True,1,neuronpedia_global,all_prompt_positions_and_generated_tokens,question_mark,82,,,101,True,1.0,-1.7,-1.0,评价,vocab_token:97817,97817,8a87e6e3f1867b77d6b1e41a3304949df1310120316964b73eb3391f0877cfb6,40,frozen_layer_40_no_rank_gate,31,12,raw_rank,CORRECT,CORRECT,CORRECT,CORRECT,True,True,CORRECT/INCORRECT,CORRECT,True,True,True,11.000151284741833,2.7028849489288405,-8.297266335812992,11.000151284741833,2.7028849489288405,-8.297266335812992,12.0625,-28.5,False,no_flip,True,1.342739012092352
5,calibration,other,geography,1,paired_primary,True,2,neuronpedia_global,all_prompt_positions_and_generated_tokens,question_mark,82,,,101,True,1.0,-1.7,-1.0,评价,vocab_token:97817,97817,8a87e6e3f1867b77d6b1e41a3304949df1310120316964b73eb3391f0877cfb6,40,frozen_layer_40_no_rank_gate,16,3,raw_rank,CORRECT,CORRECT,CORRECT,CORRECT,True,True,CORRECT/INCORRECT,CORRECT,True,True,True,11.625927759947217,1.385536725691054,-10.240391034256163,11.625927759947217,1.385536725691054,-10.240391034256163,13.0,-28.0,False,no_flip,True,1.384649120271206
5,calibration,self,geography,1,paired_primary,True,3,neuronpedia_global,all_prompt_positions_and_generated_tokens,question_mark,82,,,101,True,1.0,-1.8,-1.0,评价,vocab_token:97817,97817,8a87e6e3f1867b77d6b1e41a3304949df1310120316964b73eb3391f0877cfb6,40,frozen_layer_40_no_rank_gate,31,12,raw_rank,CORRECT,CORRECT,CORRECT,CORRECT,True,True,CORRECT/INCORRECT,CORRECT,True,True,True,11.000151284741833,2.700442689092597,-8.299708595649236,11.000151284741833,2.700442689092597,-8.299708595649236,12.0625,-28.5,False,no_flip,True,1.3486211448907852
5,calibration,other,geography,1,paired_primary,True,4,neuronpedia_global,all_prompt_positions_and_generated_tokens,question_mark,82,,,101,True,1.0,-1.8,-1.0,评价,vocab_token:97817,97817,8a87e6e3f1867b77d6b1e41a3304949df1310120316964b73eb3391f0877cfb6,40,frozen_layer_40_no_rank_gate,16,3,raw_rank,CORRECT,CORRECT,CORRECT,CORRECT,True,True,CORRECT/INCORRECT,CORRECT,True,True,True,11.625927759947217,1.3850081821728963,-10.24091957777432,11.625927759947217,1.3850081821728963,-10.24091957777432,13.0,-28.0,False,no_flip,True,1.31602893024683
6,calibration,self,biology,1,paired_primary,True,1,neuronpedia_global,all_prompt_positions_and_generated_tokens,question_mark,78,,,97,True,1.0,-1.7,-1.0,评价,vocab_token:97817,97817,8a87e6e3f1867b77d6b1e41a3304949df1310120316964b73eb3391f0877cfb6,40,frozen_layer_40_no_rank_gate,59,25,raw_rank,CORRECT,CORRECT,CORRECT,CORRECT,True,True,CORRECT/INCORRECT,CORRECT,True,True,True,10.87511358231609,1.879157046219916,-8.995956536096173,10.87511358231609,1.879157046219916,-8.995956536096173,10.9375,-28.625,False,no_flip,True,1.2941054198890924
6,calibration,other,biology,1,paired_primary,True,2,neuronpedia_global,all_prompt_positions_and_generated_tokens,question_mark,78,,,97,True,1.0,-1.7,-1.0,评价,vocab_token:97817,97817,8a87e6e3f1867b77d6b1e41a3304949df1310120316964b73eb3391f0877cfb6,40,frozen_layer_40_no_rank_gate,13,2,raw_rank,CORRECT,CORRECT,CORRECT,CORRECT,True,True,CORRECT/INCORRECT,CORRECT,True,True,True,11.375093102932738,0.7542411232716404,-10.620851979661097,11.375093102932738,0.7542411232716404,-10.620851979661097,13.0625,-28.125,False,no_flip,True,1.2758596204221249
6,calibration,self,biology,1,paired_primary,True,3,neuronpedia_global,all_prompt_positions_and_generated_tokens,question_mark,78,,,97,True,1.0,-1.8,-1.0,评价,vocab_token:97817,97817,8a87e6e3f1867b77d6b1e41a3304949df1310120316964b73eb3391f0877cfb6,40,frozen_layer_40_no_rank_gate,59,25,raw_rank,CORRECT,CORRECT,CORRECT,CORRECT,True,True,CORRECT/INCORRECT,CORRECT,True,True,True,10.87511358231609,1.8792135723488173,-8.995900009967272,10.87511358231609,1.8792135723488173,-8.995900009967272,10.9375,-28.625,False,no_flip,True,1.290866894647479
6,calibration,other,biology,1,paired_primary,True,4,neuronpedia_global,all_prompt_positions_and_generated_tokens,question_mark,78,,,97,True,1.0,-1.8,-1.0,评价,vocab_token:97817,97817,8a87e6e3f1867b77d6b1e41a3304949df1310120316964b73eb3391f0877cfb6,40,frozen_layer_40_no_rank_gate,13,2,raw_rank,CORRECT,CORRECT,CORRECT,CORRECT,True,True,CORRECT/INCORRECT,CORRECT,True,True,True,11.375093102932738,0.7541458985069767,-10.620947204425761,11.375093102932738,0.7541458985069767,-10.620947204425761,13.0625,-28.125,False,no_flip,True,1.2808521874248981
7,calibration,self,physics,1,paired_primary,True,1,neuronpedia_global,all_prompt_positions_and_generated_tokens,question_mark,73,,,92,True,1.0,-1.7,-1.0,评价,vocab_token:97817,97817,8a87e6e3f1867b77d6b1e41a3304949df1310120316964b73eb3391f0877cfb6,40,frozen_layer_40_no_rank_gate,44,17,raw_rank,CORRECT,CORRECT,CORRECT,CORRECT,True,True,CORRECT/INCORRECT,CORRECT,True,True,True,13.250052297784805,2.7649815155527904,-10.485070782232015,13.250052297784805,2.7649815155527904,-10.485070782232015,11.375,-28.625,False,no_flip,True,1.281225923448801
7,calibration,other,physics,1,paired_primary,True,2,neuronpedia_global,all_prompt_positions_and_generated_tokens,question_mark,73,,,92,True,1.0,-1.7,-1.0,评价,vocab_token:97817,97817,8a87e6e3f1867b77d6b1e41a3304949df1310120316964b73eb3391f0877cfb6,40,frozen_layer_40_no_rank_gate,13,3,raw_rank,CORRECT,CORRECT,CORRECT,CORRECT,True,True,CORRECT/INCORRECT,CORRECT,True,True,True,9.3750919246163,1.2762676997226663,-8.098824224893633,9.3750919246163,1.2762676997226663,-8.098824224893633,13.1875,-28.0,False,no_flip,True,1.2825581319630146
7,calibration,self,physics,1,paired_primary,True,3,neuronpedia_global,all_prompt_positions_and_generated_tokens,question_mark,73,,,92,True,1.0,-1.8,-1.0,评价,vocab_token:97817,97817,8a87e6e3f1867b77d6b1e41a3304949df1310120316964b73eb3391f0877cfb6,40,frozen_layer_40_no_rank_gate,44,17,raw_rank,CORRECT,CORRECT,CORRECT,CORRECT,True,True,CORRECT/INCORRECT,CORRECT,True,True,True,13.250052297784805,2.7637862422925537,-10.486266055492251,13.250052297784805,2.7637862422925537,-10.486266055492251,11.375,-28.625,False,no_flip,True,1.2836986109614372
7,calibration,other,physics,1,paired_primary,True,4,neuronpedia_global,all_prompt_positions_and_generated_tokens,question_mark,73,,,92,True,1.0,-1.8,-1.0,评价,vocab_token:97817,97817,8a87e6e3f1867b77d6b1e41a3304949df1310120316964b73eb3391f0877cfb6,40,frozen_layer_40_no_rank_gate,13,3,raw_rank,CORRECT,CORRECT,CORRECT,CORRECT,True,True,CORRECT/INCORRECT,CORRECT,True,True,True,9.3750919246163,1.1550449022761313,-8.220047022340168,9.3750919246163,1.1550449022761313,-8.220047022340168,13.1875,-28.0,False,no_flip,True,1.301068926230073
8,calibration,self,literature,1,paired_primary,True,1,neuronpedia_global,all_prompt_positions_and_generated_tokens,question_mark,74,,,93,True,1.0,-1.7,-1.0,评价,vocab_token:97817,97817,8a87e6e3f1867b77d6b1e41a3304949df1310120316964b73eb3391f0877cfb6,40,frozen_layer_40_no_rank_gate,73,27,raw_rank,CORRECT,CORRECT,CORRECT,CORRECT,True,True,CORRECT/INCORRECT,CORRECT,True,True,True,9.375068082583311,1.7624858220733586,-7.612582260509953,9.375068082583311,1.7624858220733586,-7.612582260509953,10.5,-28.625,False,no_flip,True,1.3410040587186813
8,calibration,other,literature,1,paired_primary,True,2,neuronpedia_global,all_prompt_positions_and_generated_tokens,question_mark,74,,,93,True,1.0,-1.7,-1.0,评价,vocab_token:97817,97817,8a87e6e3f1867b77d6b1e41a3304949df1310120316964b73eb3391f0877cfb6,40,frozen_layer_40_no_rank_gate,17,3,raw_rank,CORRECT,CORRECT,CORRECT,CORRECT,True,True,CORRECT/INCORRECT,CORRECT,True,True,True,8.000127446807255,0.3789014717040118,-7.621225975103243,8.000127446807255,0.3789014717040118,-7.621225975103243,12.8125,-28.0,False,no_flip,True,1.3351084906607866
8,calibration,self,literature,1,paired_primary,True,3,neuronpedia_global,all_prompt_positions_and_generated_tokens,question_mark,74,,,93,True,1.0,-1.8,-1.0,评价,vocab_token:97817,97817,8a87e6e3f1867b77d6b1e41a3304949df1310120316964b73eb3391f0877cfb6,40,frozen_layer_40_no_rank_gate,73,27,raw_rank,CORRECT,CORRECT,CORRECT,CORRECT,True,True,CORRECT/INCORRECT,CORRECT,True,True,True,9.375068082583311,1.7626402829700965,-7.612427799613215,9.375068082583311,1.7626402829700965,-7.612427799613215,10.5,-28.625,False,no_flip,True,1.3272026609629393
8,calibration,other,literature,1,paired_primary,True,4,neuronpedia_global,all_prompt_positions_and_generated_tokens,question_mark,74,,,93,True,1.0,-1.8,-1.0,评价,vocab_token:97817,97817,8a87e6e3f1867b77d6b1e41a3304949df1310120316964b73eb3391f0877cfb6,40,frozen_layer_40_no_rank_gate,17,3,raw_rank,CORRECT,CORRECT,CORRECT,CORRECT,True,True,CORRECT/INCORRECT,CORRECT,True,True,True,8.000127446807255,0.37915943942789454,-7.620968007379361,8.000127446807255,0.37915943942789454,-7.620968007379361,12.8125,-28.0,False,no_flip,True,1.2820460461080074
9,calibration,self,geography,1,paired_primary,True,1,neuronpedia_global,all_prompt_positions_and_generated_tokens,question_mark,78,,,97,True,1.0,-1.7,-1.0,评价,vocab_token:97817,97817,8a87e6e3f1867b77d6b1e41a3304949df1310120316964b73eb3391f0877cfb6,40,frozen_layer_40_no_rank_gate,37,17,raw_rank,CORRECT,CORRECT,CORRECT,CORRECT,True,True,CORRECT/INCORRECT,CORRECT,True,True,True,8.500059899193502,2.124715218495112,-6.37534468069839,8.500059899193502,2.124715218495112,-6.37534468069839,11.5,-28.5,False,no_flip,True,1.2875287290662527
9,calibration,other,geography,1,paired_primary,True,2,neuronpedia_global,all_prompt_positions_and_generated_tokens,question_mark,78,,,97,True,1.0,-1.7,-1.0,评价,vocab_token:97817,97817,8a87e6e3f1867b77d6b1e41a3304949df1310120316964b73eb3391f0877cfb6,40,frozen_layer_40_no_rank_gate,14,3,raw_rank,CORRECT,CORRECT,CORRECT,CORRECT,True,True,CORRECT/INCORRECT,CORRECT,True,True,True,8.12516602333585,0.910856775008142,-7.214309248327709,8.12516602333585,0.910856775008142,-7.214309248327709,12.9375,-28.0,False,no_flip,True,1.2836350109428167
9,calibration,self,geography,1,paired_primary,True,3,neuronpedia_global,all_prompt_positions_and_generated_tokens,question_mark,78,,,97,True,1.0,-1.8,-1.0,评价,vocab_token:97817,97817,8a87e6e3f1867b77d6b1e41a3304949df1310120316964b73eb3391f0877cfb6,40,frozen_layer_40_no_rank_gate,37,17,raw_rank,CORRECT,CORRECT,CORRECT,CORRECT,True,True,CORRECT/INCORRECT,CORRECT,True,True,True,8.500059899193502,2.297125117504038,-6.202934781689464,8.500059899193502,2.297125117504038,-6.202934781689464,11.5,-28.375,False,no_flip,True,1.3372873291373253
9,calibration,other,geography,1,paired_primary,True,4,neuronpedia_global,all_prompt_positions_and_generated_tokens,question_mark,78,,,97,True,1.0,-1.8,-1.0,评价,vocab_token:97817,97817,8a87e6e3f1867b77d6b1e41a3304949df1310120316964b73eb3391f0877cfb6,40,frozen_layer_40_no_rank_gate,14,3,raw_rank,CORRECT,CORRECT,CORRECT,CORRECT,True,True,CORRECT/INCORRECT,CORRECT,True,True,True,8.12516602333585,0.9014924039656762,-7.2236736193701745,8.12516602333585,0.9014924039656762,-7.2236736193701745,12.9375,-28.0,False,no_flip,True,1.3440042678266764
10,calibration,self,biology,2,paired_primary,True,1,neuronpedia_global,all_prompt_positions_and_generated_tokens,question_mark,79,,,98,True,1.0,-1.7,-1.0,评价,vocab_token:97817,97817,8a87e6e3f1867b77d6b1e41a3304949df1310120316964b73eb3391f0877cfb6,40,frozen_layer_40_no_rank_gate,59,20,raw_rank,CORRECT,CORRECT,CORRECT,CORRECT,True,True,CORRECT/INCORRECT,CORRECT,True,True,True,3.1250117979445804,0.9074123680620687,-2.2175994298825117,3.1250117979445804,0.9074123680620687,-2.2175994298825117,10.875,-28.75,False,no_flip,True,1.2969487085938454
10,calibration,other,biology,2,paired_primary,True,2,neuronpedia_global,all_prompt_positions_and_generated_tokens,question_mark,79,,,98,True,1.0,-1.7,-1.0,评价,vocab_token:97817,97817,8a87e6e3f1867b77d6b1e41a3304949df1310120316964b73eb3391f0877cfb6,40,frozen_layer_40_no_rank_gate,14,2,raw_rank,CORRECT,CORRECT,CORRECT,CORRECT,True,True,CORRECT/INCORRECT,CORRECT,True,True,True,3.8750270397661097,0.2565327823976986,-3.618494257368411,3.8750270397661097,0.2565327823976986,-3.618494257368411,13.1875,-28.25,False,no_flip,True,1.2911762315779924
10,calibration,self,biology,2,paired_primary,True,3,neuronpedia_global,all_prompt_positions_and_generated_tokens,question_mark,79,,,98,True,1.0,-1.8,-1.0,评价,vocab_token:97817,97817,8a87e6e3f1867b77d6b1e41a3304949df1310120316964b73eb3391f0877cfb6,40,frozen_layer_40_no_rank_gate,59,20,raw_rank,CORRECT,CORRECT,CORRECT,CORRECT,True,True,CORRECT/INCORRECT,CORRECT,True,True,True,3.1250117979445804,1.0360868887364632,-2.0889249092081172,3.1250117979445804,1.0360868887364632,-2.0889249092081172,10.875,-28.75,False,no_flip,True,1.2922082412987947
10,calibration,other,biology,2,paired_primary,True,4,neuronpedia_global,all_prompt_positions_and_generated_tokens,question_mark,79,,,98,True,1.0,-1.8,-1.0,评价,vocab_token:97817,97817,8a87e6e3f1867b77d6b1e41a3304949df1310120316964b73eb3391f0877cfb6,40,frozen_layer_40_no_rank_gate,14,2,raw_rank,CORRECT,CORRECT,CORRECT,CORRECT,True,True,CORRECT/INCORRECT,CORRECT,True,True,True,3.8750270397661097,0.25665493472479284,-3.618372105041317,3.8750270397661097,0.25665493472479284,-3.618372105041317,13.1875,-28.25,False,no_flip,True,1.4097322672605515
11,calibration,self,physics,2,paired_primary,True,1,neuronpedia_global,all_prompt_positions_and_generated_tokens,question_mark,76,,,95,True,1.0,-1.7,-1.0,评价,vocab_token:97817,97817,8a87e6e3f1867b77d6b1e41a3304949df1310120316964b73eb3391f0877cfb6,40,frozen_layer_40_no_rank_gate,33,10,raw_rank,CORRECT,CORRECT,CORRECT,CORRECT,True,True,CORRECT/INCORRECT,CORRECT,True,True,True,11.500036306263723,2.3860274308535736,-9.11400887541015,11.500036306263723,2.3860274308535736,-9.11400887541015,11.875,-28.75,False,no_flip,True,1.2794116027653217
11,calibration,other,physics,2,paired_primary,True,2,neuronpedia_global,all_prompt_positions_and_generated_tokens,question_mark,76,,,95,True,1.0,-1.7,-1.0,评价,vocab_token:97817,97817,8a87e6e3f1867b77d6b1e41a3304949df1310120316964b73eb3391f0877cfb6,40,frozen_layer_40_no_rank_gate,11,3,raw_rank,CORRECT,CORRECT,CORRECT,CORRECT,True,True,CORRECT/INCORRECT,CORRECT,True,True,True,11.000117422717267,1.5038560715329368,-9.49626135118433,11.000117422717267,1.5038560715329368,-9.49626135118433,13.6875,-28.25,False,no_flip,True,1.2742065377533436
11,calibration,self,physics,2,paired_primary,True,3,neuronpedia_global,all_prompt_positions_and_generated_tokens,question_mark,76,,,95,True,1.0,-1.8,-1.0,评价,vocab_token:97817,97817,8a87e6e3f1867b77d6b1e41a3304949df1310120316964b73eb3391f0877cfb6,40,frozen_layer_40_no_rank_gate,33,10,raw_rank,CORRECT,CORRECT,CORRECT,CORRECT,True,True,CORRECT/INCORRECT,CORRECT,True,True,True,11.500036306263723,2.3878367341239937,-9.11219957213973,11.500036306263723,2.3878367341239937,-9.11219957213973,11.875,-28.75,False,no_flip,True,1.2754748463630676
11,calibration,other,physics,2,paired_primary,True,4,neuronpedia_global,all_prompt_positions_and_generated_tokens,question_mark,76,,,95,True,1.0,-1.8,-1.0,评价,vocab_token:97817,97817,8a87e6e3f1867b77d6b1e41a3304949df1310120316964b73eb3391f0877cfb6,40,frozen_layer_40_no_rank_gate,11,3,raw_rank,CORRECT,CORRECT,CORRECT,CORRECT,True,True,CORRECT/INCORRECT,CORRECT,True,True,True,11.000117422717267,1.5037531690322794,-9.496364253684987,11.000117422717267,1.5037531690322794,-9.496364253684987,13.6875,-28.25,False,no_flip,True,1.2855764292180538
12,calibration,self,astronomy,2,paired_primary,True,1,neuronpedia_global,all_prompt_positions_and_generated_tokens,question_mark,78,,,97,True,1.0,-1.7,-1.0,评价,vocab_token:97817,97817,8a87e6e3f1867b77d6b1e41a3304949df1310120316964b73eb3391f0877cfb6,40,frozen_layer_40_no_rank_gate,44,17,raw_rank,CORRECT,CORRECT,CORRECT,CORRECT,True,True,CORRECT/INCORRECT,CORRECT,True,True,True,10.750097765785313,1.8789041802083375,-8.871193585576975,10.750097765785313,1.8789041802083375,-8.871193585576975,11.125,-28.5,False,no_flip,True,1.2814043331891298
12,calibration,other,astronomy,2,paired_primary,True,2,neuronpedia_global,all_prompt_positions_and_generated_tokens,question_mark,78,,,97,True,1.0,-1.7,-1.0,评价,vocab_token:97817,97817,8a87e6e3f1867b77d6b1e41a3304949df1310120316964b73eb3391f0877cfb6,40,frozen_layer_40_no_rank_gate,12,2,raw_rank,CORRECT,CORRECT,CORRECT,CORRECT,True,True,CORRECT/INCORRECT,CORRECT,True,True,True,11.500146505231669,1.0015330353053287,-10.49861346992634,11.500146505231669,1.0015330353053287,-10.49861346992634,13.375,-28.125,False,no_flip,True,1.2774189449846745
12,calibration,self,astronomy,2,paired_primary,True,3,neuronpedia_global,all_prompt_positions_and_generated_tokens,question_mark,78,,,97,True,1.0,-1.8,-1.0,评价,vocab_token:97817,97817,8a87e6e3f1867b77d6b1e41a3304949df1310120316964b73eb3391f0877cfb6,40,frozen_layer_40_no_rank_gate,44,17,raw_rank,CORRECT,CORRECT,CORRECT,CORRECT,True,True,CORRECT/INCORRECT,CORRECT,True,True,True,10.750097765785313,1.8786321646766737,-8.871465601108639,10.750097765785313,1.8786321646766737,-8.871465601108639,11.125,-28.5,False,no_flip,True,1.2755327858030796
12,calibration,other,astronomy,2,paired_primary,True,4,neuronpedia_global,all_prompt_positions_and_generated_tokens,question_mark,78,,,97,True,1.0,-1.8,-1.0,评价,vocab_token:97817,97817,8a87e6e3f1867b77d6b1e41a3304949df1310120316964b73eb3391f0877cfb6,40,frozen_layer_40_no_rank_gate,12,2,raw_rank,CORRECT,CORRECT,CORRECT,CORRECT,True,True,CORRECT/INCORRECT,CORRECT,True,True,True,11.500146505231669,1.001441885047825,-10.498704620183844,11.500146505231669,1.001441885047825,-10.498704620183844,13.375,-28.125,False,no_flip,True,1.283794617280364
13,calibration,self,physics,2,paired_primary,True,1,neuronpedia_global,all_prompt_positions_and_generated_tokens,question_mark,85,,,104,True,1.0,-1.7,-1.0,评价,vocab_token:97817,97817,8a87e6e3f1867b77d6b1e41a3304949df1310120316964b73eb3391f0877cfb6,40,frozen_layer_40_no_rank_gate,33,8,raw_rank,CORRECT,CORRECT,INCORRECT,INCORRECT,True,True,CORRECT/INCORRECT,CORRECT,True,True,False,1.0000083446275312,0.008531549072358757,-0.9914767955551724,1.0000083446275312,0.008531549072358757,-0.9914767955551724,11.125,-28.625,True,worsened,True,1.4183039665222168
13,calibration,other,physics,2,paired_primary,True,2,neuronpedia_global,all_prompt_positions_and_generated_tokens,question_mark,85,,,104,True,1.0,-1.7,-1.0,评价,vocab_token:97817,97817,8a87e6e3f1867b77d6b1e41a3304949df1310120316964b73eb3391f0877cfb6,40,frozen_layer_40_no_rank_gate,9,2,raw_rank,CORRECT,CORRECT,CORRECT,CORRECT,True,True,CORRECT/INCORRECT,CORRECT,True,True,True,3.0000328454207192,0.1447236962558236,-2.8553091491648956,3.0000328454207192,0.1447236962558236,-2.8553091491648956,13.625,-28.25,False,no_flip,True,1.2728093042969704
13,calibration,self,physics,2,paired_primary,True,3,neuronpedia_global,all_prompt_positions_and_generated_tokens,question_mark,85,,,104,True,1.0,-1.8,-1.0,评价,vocab_token:97817,97817,8a87e6e3f1867b77d6b1e41a3304949df1310120316964b73eb3391f0877cfb6,40,frozen_layer_40_no_rank_gate,33,8,raw_rank,CORRECT,CORRECT,CORRECT,CORRECT,True,True,CORRECT/INCORRECT,CORRECT,True,True,True,1.0000083446275312,0.13255586070590653,-0.8674524839216247,1.0000083446275312,0.13255586070590653,-0.8674524839216247,11.125,-28.625,False,no_flip,True,1.2758598010987043
13,calibration,other,physics,2,paired_primary,True,4,neuronpedia_global,all_prompt_positions_and_generated_tokens,question_mark,85,,,104,True,1.0,-1.8,-1.0,评价,vocab_token:97817,97817,8a87e6e3f1867b77d6b1e41a3304949df1310120316964b73eb3391f0877cfb6,40,frozen_layer_40_no_rank_gate,9,2,raw_rank,CORRECT,CORRECT,CORRECT,CORRECT,True,True,CORRECT/INCORRECT,CORRECT,True,True,True,3.0000328454207192,0.1447215864318423,-2.855311258988877,3.0000328454207192,0.1447215864318423,-2.855311258988877,13.625,-28.25,False,no_flip,True,1.275675542652607
14,calibration,self,medicine,2,paired_primary,True,1,neuronpedia_global,all_prompt_positions_and_generated_tokens,question_mark,75,,,94,True,1.0,-1.7,-1.0,评价,vocab_token:97817,97817,8a87e6e3f1867b77d6b1e41a3304949df1310120316964b73eb3391f0877cfb6,40,frozen_layer_40_no_rank_gate,39,16,raw_rank,CORRECT,CORRECT,CORRECT,CORRECT,True,True,CORRECT/INCORRECT,CORRECT,True,True,True,11.125062960999458,3.1035312702297233,-8.021531690769734,11.125062960999458,3.1035312702297233,-8.021531690769734,11.75,-28.625,False,no_flip,True,1.2788401283323765
14,calibration,other,medicine,2,paired_primary,True,2,neuronpedia_global,all_prompt_positions_and_generated_tokens,question_mark,75,,,94,True,1.0,-1.7,-1.0,评价,vocab_token:97817,97817,8a87e6e3f1867b77d6b1e41a3304949df1310120316964b73eb3391f0877cfb6,40,frozen_layer_40_no_rank_gate,12,3,raw_rank,CORRECT,CORRECT,CORRECT,CORRECT,True,True,CORRECT/INCORRECT,CORRECT,True,True,True,10.000119691237842,0.938908907584846,-9.061210783652996,10.000119691237842,0.938908907584846,-9.061210783652996,13.5,-28.25,False,no_flip,True,1.2742353398352861
14,calibration,self,medicine,2,paired_primary,True,3,neuronpedia_global,all_prompt_positions_and_generated_tokens,question_mark,75,,,94,True,1.0,-1.8,-1.0,评价,vocab_token:97817,97817,8a87e6e3f1867b77d6b1e41a3304949df1310120316964b73eb3391f0877cfb6,40,frozen_layer_40_no_rank_gate,39,16,raw_rank,CORRECT,CORRECT,CORRECT,CORRECT,True,True,CORRECT/INCORRECT,CORRECT,True,True,True,11.125062960999458,3.1416738921398064,-7.983389068859651,11.125062960999458,3.1416738921398064,-7.983389068859651,11.75,-28.625,False,no_flip,True,1.2660552952438593
14,calibration,other,medicine,2,paired_primary,True,4,neuronpedia_global,all_prompt_positions_and_generated_tokens,question_mark,75,,,94,True,1.0,-1.8,-1.0,评价,vocab_token:97817,97817,8a87e6e3f1867b77d6b1e41a3304949df1310120316964b73eb3391f0877cfb6,40,frozen_layer_40_no_rank_gate,12,3,raw_rank,CORRECT,CORRECT,CORRECT,CORRECT,True,True,CORRECT/INCORRECT,CORRECT,True,True,True,10.000119691237842,0.8120950296579394,-9.188024661579902,10.000119691237842,0.8120950296579394,-9.188024661579902,13.5,-28.125,False,no_flip,True,1.2819233275949955
15,calibration,self,biology,2,paired_primary,True,1,neuronpedia_global,all_prompt_positions_and_generated_tokens,question_mark,74,,,93,True,1.0,-1.7,-1.0,评价,vocab_token:97817,97817,8a87e6e3f1867b77d6b1e41a3304949df1310120316964b73eb3391f0877cfb6,40,frozen_layer_40_no_rank_gate,41,13,raw_rank,CORRECT,CORRECT,CORRECT,CORRECT,True,True,CORRECT/INCORRECT,CORRECT,True,True,True,11.750051987191682,1.8802319903916214,-9.86981999680006,11.750051987191682,1.8802319903916214,-9.86981999680006,11.3125,-28.875,False,no_flip,True,1.2723560575395823
15,calibration,other,biology,2,paired_primary,True,2,neuronpedia_global,all_prompt_positions_and_generated_tokens,question_mark,74,,,93,True,1.0,-1.7,-1.0,评价,vocab_token:97817,97817,8a87e6e3f1867b77d6b1e41a3304949df1310120316964b73eb3391f0877cfb6,40,frozen_layer_40_no_rank_gate,9,1,raw_rank,CORRECT,CORRECT,CORRECT,CORRECT,True,True,CORRECT/INCORRECT,CORRECT,True,True,True,11.875102280218925,1.2557553519000066,-10.619346928318919,11.875102280218925,1.2557553519000066,-10.619346928318919,14.375,-28.125,False,no_flip,True,1.2859039958566427
15,calibration,self,biology,2,paired_primary,True,3,neuronpedia_global,all_prompt_positions_and_generated_tokens,question_mark,74,,,93,True,1.0,-1.8,-1.0,评价,vocab_token:97817,97817,8a87e6e3f1867b77d6b1e41a3304949df1310120316964b73eb3391f0877cfb6,40,frozen_layer_40_no_rank_gate,41,13,raw_rank,CORRECT,CORRECT,CORRECT,CORRECT,True,True,CORRECT/INCORRECT,CORRECT,True,True,True,11.750051987191682,2.0054083461436676,-9.744643641048015,11.750051987191682,2.0054083461436676,-9.744643641048015,11.3125,-28.875,False,no_flip,True,1.2834961730986834
15,calibration,other,biology,2,paired_primary,True,4,neuronpedia_global,all_prompt_positions_and_generated_tokens,question_mark,74,,,93,True,1.0,-1.8,-1.0,评价,vocab_token:97817,97817,8a87e6e3f1867b77d6b1e41a3304949df1310120316964b73eb3391f0877cfb6,40,frozen_layer_40_no_rank_gate,9,1,raw_rank,CORRECT,CORRECT,CORRECT,CORRECT,True,True,CORRECT/INCORRECT,CORRECT,True,True,True,11.875102280218925,1.2551747149409493,-10.619927565277976,11.875102280218925,1.2551747149409493,-10.619927565277976,14.375,-28.125,False,no_flip,True,1.2967016343027353
16,calibration,self,geography,2,paired_primary,True,1,neuronpedia_global,all_prompt_positions_and_generated_tokens,question_mark,78,,,97,True,1.0,-1.7,-1.0,评价,vocab_token:97817,97817,8a87e6e3f1867b77d6b1e41a3304949df1310120316964b73eb3391f0877cfb6,40,frozen_layer_40_no_rank_gate,45,22,raw_rank,CORRECT,CORRECT,CORRECT,CORRECT,True,True,CORRECT/INCORRECT,CORRECT,True,True,True,13.812550082304824,1.517676676849078,-12.294873405455746,13.812550082304824,1.517676676849078,-12.294873405455746,11.5,-28.5,False,no_flip,True,1.2828676477074623
16,calibration,other,geography,2,paired_primary,True,2,neuronpedia_global,all_prompt_positions_and_generated_tokens,question_mark,78,,,97,True,1.0,-1.7,-1.0,评价,vocab_token:97817,97817,8a87e6e3f1867b77d6b1e41a3304949df1310120316964b73eb3391f0877cfb6,40,frozen_layer_40_no_rank_gate,11,2,raw_rank,CORRECT,CORRECT,CORRECT,CORRECT,True,True,CORRECT/INCORRECT,CORRECT,True,True,True,9.875105389295413,0.8401853427349124,-9.0349200465605,9.875105389295413,0.8401853427349124,-9.0349200465605,13.1875,-28.0,False,no_flip,True,1.3885457776486874
16,calibration,self,geography,2,paired_primary,True,3,neuronpedia_global,all_prompt_positions_and_generated_tokens,question_mark,78,,,97,True,1.0,-1.8,-1.0,评价,vocab_token:97817,97817,8a87e6e3f1867b77d6b1e41a3304949df1310120316964b73eb3391f0877cfb6,40,frozen_layer_40_no_rank_gate,45,22,raw_rank,CORRECT,CORRECT,CORRECT,CORRECT,True,True,CORRECT/INCORRECT,CORRECT,True,True,True,13.812550082304824,1.5197680796482018,-12.292782002656622,13.812550082304824,1.5197680796482018,-12.292782002656622,11.5,-28.5,False,no_flip,True,1.425426421687007
16,calibration,other,geography,2,paired_primary,True,4,neuronpedia_global,all_prompt_positions_and_generated_tokens,question_mark,78,,,97,True,1.0,-1.8,-1.0,评价,vocab_token:97817,97817,8a87e6e3f1867b77d6b1e41a3304949df1310120316964b73eb3391f0877cfb6,40,frozen_layer_40_no_rank_gate,11,2,raw_rank,CORRECT,CORRECT,CORRECT,CORRECT,True,True,CORRECT/INCORRECT,CORRECT,True,True,True,9.875105389295413,0.8079228065325879,-9.067182582762825,9.875105389295413,0.8079228065325879,-9.067182582762825,13.1875,-28.0,False,no_flip,True,1.4316040370613337
17,calibration,self,biology,2,paired_primary,True,1,neuronpedia_global,all_prompt_positions_and_generated_tokens,question_mark,79,,,98,True,1.0,-1.7,-1.0,评价,vocab_token:97817,97817,8a87e6e3f1867b77d6b1e41a3304949df1310120316964b73eb3391f0877cfb6,40,frozen_layer_40_no_rank_gate,70,31,raw_rank,CORRECT,CORRECT,CORRECT,CORRECT,True,True,CORRECT/INCORRECT,CORRECT,True,True,True,11.875080409601424,2.2855738934667897,-9.589506516134634,11.875080409601424,2.2855738934667897,-9.589506516134634,10.625,-28.5,False,no_flip,True,1.2978357281535864
17,calibration,other,biology,2,paired_primary,True,2,neuronpedia_global,all_prompt_positions_and_generated_tokens,question_mark,79,,,98,True,1.0,-1.7,-1.0,评价,vocab_token:97817,97817,8a87e6e3f1867b77d6b1e41a3304949df1310120316964b73eb3391f0877cfb6,40,frozen_layer_40_no_rank_gate,12,2,raw_rank,CORRECT,CORRECT,CORRECT,CORRECT,True,True,CORRECT/INCORRECT,CORRECT,True,True,True,11.875104786730162,0.8854836644022726,-10.98962112232789,11.875104786730162,0.8854836644022726,-10.98962112232789,13.25,-28.25,False,no_flip,True,1.2798510696738958
17,calibration,self,biology,2,paired_primary,True,3,neuronpedia_global,all_prompt_positions_and_generated_tokens,question_mark,79,,,98,True,1.0,-1.8,-1.0,评价,vocab_token:97817,97817,8a87e6e3f1867b77d6b1e41a3304949df1310120316964b73eb3391f0877cfb6,40,frozen_layer_40_no_rank_gate,70,31,raw_rank,CORRECT,CORRECT,CORRECT,CORRECT,True,True,CORRECT/INCORRECT,CORRECT,True,True,True,11.875080409601424,2.1278744035735144,-9.747206006027909,11.875080409601424,2.1278744035735144,-9.747206006027909,10.625,-28.5,False,no_flip,True,1.330884074792266
17,calibration,other,biology,2,paired_primary,True,4,neuronpedia_global,all_prompt_positions_and_generated_tokens,question_mark,79,,,98,True,1.0,-1.8,-1.0,评价,vocab_token:97817,97817,8a87e6e3f1867b77d6b1e41a3304949df1310120316964b73eb3391f0877cfb6,40,frozen_layer_40_no_rank_gate,12,2,raw_rank,CORRECT,CORRECT,CORRECT,CORRECT,True,True,CORRECT/INCORRECT,CORRECT,True,True,True,11.875104786730162,1.0102384298515972,-10.864866356878565,11.875104786730162,1.0102384298515972,-10.864866356878565,13.25,-28.25,False,no_flip,True,1.3320871628820896
18,calibration,self,geography,2,paired_primary,True,1,neuronpedia_global,all_prompt_positions_and_generated_tokens,question_mark,77,,,96,True,1.0,-1.7,-1.0,评价,vocab_token:97817,97817,8a87e6e3f1867b77d6b1e41a3304949df1310120316964b73eb3391f0877cfb6,40,frozen_layer_40_no_rank_gate,32,9,raw_rank,CORRECT,CORRECT,INCORRECT,INCORRECT,True,True,CORRECT/INCORRECT,CORRECT,True,True,False,0.37500393392656406,-0.12047147363773547,-0.49547540756429953,0.37500393392656406,-0.12047147363773547,-0.49547540756429953,11.0,-28.375,True,worsened,True,1.4204462114721537
18,calibration,other,geography,2,paired_primary,True,2,neuronpedia_global,all_prompt_positions_and_generated_tokens,question_mark,77,,,96,True,1.0,-1.7,-1.0,评价,vocab_token:97817,97817,8a87e6e3f1867b77d6b1e41a3304949df1310120316964b73eb3391f0877cfb6,40,frozen_layer_40_no_rank_gate,12,2,raw_rank,CORRECT,CORRECT,CORRECT,CORRECT,True,True,CORRECT/INCORRECT,CORRECT,True,True,True,1.8750659353881929,0.37860169931082055,-1.4964642360773723,1.8750659353881929,0.37860169931082055,-1.4964642360773723,13.0,-28.125,False,no_flip,True,1.273142158985138
18,calibration,self,geography,2,paired_primary,True,3,neuronpedia_global,all_prompt_positions_and_generated_tokens,question_mark,77,,,96,True,1.0,-1.8,-1.0,评价,vocab_token:97817,97817,8a87e6e3f1867b77d6b1e41a3304949df1310120316964b73eb3391f0877cfb6,40,frozen_layer_40_no_rank_gate,32,9,raw_rank,CORRECT,CORRECT,INCORRECT,INCORRECT,True,True,CORRECT/INCORRECT,CORRECT,True,True,False,0.37500393392656406,-0.24585167528130114,-0.6208556092078652,0.37500393392656406,-0.24585167528130114,-0.6208556092078652,11.0,-28.375,True,worsened,True,1.4270349014550447
18,calibration,other,geography,2,paired_primary,True,4,neuronpedia_global,all_prompt_positions_and_generated_tokens,question_mark,77,,,96,True,1.0,-1.8,-1.0,评价,vocab_token:97817,97817,8a87e6e3f1867b77d6b1e41a3304949df1310120316964b73eb3391f0877cfb6,40,frozen_layer_40_no_rank_gate,12,2,raw_rank,CORRECT,CORRECT,CORRECT,CORRECT,True,True,CORRECT/INCORRECT,CORRECT,True,True,True,1.8750659353881929,0.378761324158404,-1.4963046112297889,1.8750659353881929,0.378761324158404,-1.4963046112297889,13.0,-28.125,False,no_flip,True,1.2756191324442625
19,calibration,self,biology,2,paired_primary,True,1,neuronpedia_global,all_prompt_positions_and_generated_tokens,question_mark,76,,,95,True,1.0,-1.7,-1.0,评价,vocab_token:97817,97817,8a87e6e3f1867b77d6b1e41a3304949df1310120316964b73eb3391f0877cfb6,40,frozen_layer_40_no_rank_gate,69,28,raw_rank,CORRECT,CORRECT,CORRECT,CORRECT,True,True,CORRECT/INCORRECT,CORRECT,True,True,True,6.625049545922025,1.4359753097669454,-5.189074236155079,6.625049545922025,1.4359753097669454,-5.189074236155079,10.375,-28.5,False,no_flip,True,1.2862444017082453
19,calibration,other,biology,2,paired_primary,True,2,neuronpedia_global,all_prompt_positions_and_generated_tokens,question_mark,76,,,95,True,1.0,-1.7,-1.0,评价,vocab_token:97817,97817,8a87e6e3f1867b77d6b1e41a3304949df1310120316964b73eb3391f0877cfb6,40,frozen_layer_40_no_rank_gate,18,3,raw_rank,CORRECT,CORRECT,CORRECT,CORRECT,True,True,CORRECT/INCORRECT,CORRECT,True,True,True,6.125126804161027,0.7625988966028672,-5.36252790755816,6.125126804161027,0.7625988966028672,-5.36252790755816,12.8125,-28.125,False,no_flip,True,1.2796649318188429
19,calibration,self,biology,2,paired_primary,True,3,neuronpedia_global,all_prompt_positions_and_generated_tokens,question_mark,76,,,95,True,1.0,-1.8,-1.0,评价,vocab_token:97817,97817,8a87e6e3f1867b77d6b1e41a3304949df1310120316964b73eb3391f0877cfb6,40,frozen_layer_40_no_rank_gate,69,28,raw_rank,CORRECT,CORRECT,CORRECT,CORRECT,True,True,CORRECT/INCORRECT,CORRECT,True,True,True,6.625049545922025,1.4253471334450296,-5.199702412476995,6.625049545922025,1.4253471334450296,-5.199702412476995,10.375,-28.5,False,no_flip,True,1.2780398484319448
19,calibration,other,biology,2,paired_primary,True,4,neuronpedia_global,all_prompt_positions_and_generated_tokens,question_mark,76,,,95,True,1.0,-1.8,-1.0,评价,vocab_token:97817,97817,8a87e6e3f1867b77d6b1e41a3304949df1310120316964b73eb3391f0877cfb6,40,frozen_layer_40_no_rank_gate,18,3,raw_rank,CORRECT,CORRECT,CORRECT,CORRECT,True,True,CORRECT/INCORRECT,CORRECT,True,True,True,6.125126804161027,0.7639975297788624,-5.361129274382165,6.125126804161027,0.7639975297788624,-5.361129274382165,12.8125,-28.125,False,no_flip,True,1.278698731213808
20,calibration,self,biology,3,paired_primary,True,1,neuronpedia_global,all_prompt_positions_and_generated_tokens,question_mark,79,,,98,True,1.0,-1.7,-1.0,评价,vocab_token:97817,97817,8a87e6e3f1867b77d6b1e41a3304949df1310120316964b73eb3391f0877cfb6,40,frozen_layer_40_no_rank_gate,75,28,raw_rank,CORRECT,CORRECT,CORRECT,CORRECT,True,True,CORRECT/INCORRECT,CORRECT,True,True,True,9.62511406820613,2.253638190908532,-7.371475877297598,9.62511406820613,2.253638190908532,-7.371475877297598,10.5,-28.75,False,no_flip,True,1.2890298627316952
20,calibration,other,biology,3,paired_primary,True,2,neuronpedia_global,all_prompt_positions_and_generated_tokens,question_mark,79,,,98,True,1.0,-1.7,-1.0,评价,vocab_token:97817,97817,8a87e6e3f1867b77d6b1e41a3304949df1310120316964b73eb3391f0877cfb6,40,frozen_layer_40_no_rank_gate,13,3,raw_rank,CORRECT,CORRECT,CORRECT,CORRECT,True,True,CORRECT/INCORRECT,CORRECT,True,True,True,9.37514556072449,0.8780089868232608,-8.49713657390123,9.37514556072449,0.8780089868232608,-8.49713657390123,13.1875,-28.0,False,no_flip,True,1.409409537911415
20,calibration,self,biology,3,paired_primary,True,3,neuronpedia_global,all_prompt_positions_and_generated_tokens,question_mark,79,,,98,True,1.0,-1.8,-1.0,评价,vocab_token:97817,97817,8a87e6e3f1867b77d6b1e41a3304949df1310120316964b73eb3391f0877cfb6,40,frozen_layer_40_no_rank_gate,75,28,raw_rank,CORRECT,CORRECT,CORRECT,CORRECT,True,True,CORRECT/INCORRECT,CORRECT,True,True,True,9.62511406820613,2.128708157535584,-7.496405910670546,9.62511406820613,2.128708157535584,-7.496405910670546,10.5,-28.75,False,no_flip,True,1.336563216522336
20,calibration,other,biology,3,paired_primary,True,4,neuronpedia_global,all_prompt_positions_and_generated_tokens,question_mark,79,,,98,True,1.0,-1.8,-1.0,评价,vocab_token:97817,97817,8a87e6e3f1867b77d6b1e41a3304949df1310120316964b73eb3391f0877cfb6,40,frozen_layer_40_no_rank_gate,13,3,raw_rank,CORRECT,CORRECT,CORRECT,CORRECT,True,True,CORRECT/INCORRECT,CORRECT,True,True,True,9.37514556072449,0.8781938413449097,-8.496951719379581,9.37514556072449,0.8781938413449097,-8.496951719379581,13.1875,-28.0,False,no_flip,True,1.2880333550274372
21,calibration,self,chemistry,3,paired_primary,True,1,neuronpedia_global,all_prompt_positions_and_generated_tokens,question_mark,80,,,99,True,1.0,-1.7,-1.0,评价,vocab_token:97817,97817,8a87e6e3f1867b77d6b1e41a3304949df1310120316964b73eb3391f0877cfb6,40,frozen_layer_40_no_rank_gate,31,12,raw_rank,CORRECT,CORRECT,CORRECT,CORRECT,True,True,CORRECT/INCORRECT,CORRECT,True,True,True,13.312573332178545,2.409397682720737,-10.903175649457808,13.312573332178545,2.409397682720737,-10.903175649457808,12.0,-28.75,False,no_flip,True,1.2888242658227682
21,calibration,other,chemistry,3,paired_primary,True,2,neuronpedia_global,all_prompt_positions_and_generated_tokens,question_mark,80,,,99,True,1.0,-1.7,-1.0,评价,vocab_token:97817,97817,8a87e6e3f1867b77d6b1e41a3304949df1310120316964b73eb3391f0877cfb6,40,frozen_layer_40_no_rank_gate,8,2,raw_rank,CORRECT,CORRECT,CORRECT,CORRECT,True,True,CORRECT/INCORRECT,CORRECT,True,True,True,9.375146768888044,0.7718902120686835,-8.60325655681936,9.375146768888044,0.7718902120686835,-8.60325655681936,13.625,-28.25,False,no_flip,True,1.2970030810683966
21,calibration,self,chemistry,3,paired_primary,True,3,neuronpedia_global,all_prompt_positions_and_generated_tokens,question_mark,80,,,99,True,1.0,-1.8,-1.0,评价,vocab_token:97817,97817,8a87e6e3f1867b77d6b1e41a3304949df1310120316964b73eb3391f0877cfb6,40,frozen_layer_40_no_rank_gate,31,12,raw_rank,CORRECT,CORRECT,CORRECT,CORRECT,True,True,CORRECT/INCORRECT,CORRECT,True,True,True,13.312573332178545,2.4361163244539057,-10.876457007724639,13.312573332178545,2.4361163244539057,-10.876457007724639,12.0,-28.75,False,no_flip,True,1.4648560862988234
21,calibration,other,chemistry,3,paired_primary,True,4,neuronpedia_global,all_prompt_positions_and_generated_tokens,question_mark,80,,,99,True,1.0,-1.8,-1.0,评价,vocab_token:97817,97817,8a87e6e3f1867b77d6b1e41a3304949df1310120316964b73eb3391f0877cfb6,40,frozen_layer_40_no_rank_gate,8,2,raw_rank,CORRECT,CORRECT,CORRECT,CORRECT,True,True,CORRECT/INCORRECT,CORRECT,True,True,True,9.375146768888044,0.6794456667557824,-8.695701102132261,9.375146768888044,0.6794456667557824,-8.695701102132261,13.625,-28.25,False,no_flip,True,1.3585706911981106
22,calibration,self,history,3,paired_primary,True,1,neuronpedia_global,all_prompt_positions_and_generated_tokens,question_mark,82,,,101,True,1.0,-1.7,-1.0,评价,vocab_token:97817,97817,8a87e6e3f1867b77d6b1e41a3304949df1310120316964b73eb3391f0877cfb6,40,frozen_layer_40_no_rank_gate,54,21,raw_rank,CORRECT,CORRECT,CORRECT,CORRECT,True,True,CORRECT/INCORRECT,CORRECT,True,True,True,11.500395510644353,1.8947744486067677,-9.605621062037585,11.500395510644353,1.8947744486067677,-9.605621062037585,11.0,-28.625,False,no_flip,True,1.3825691491365433
22,calibration,other,history,3,paired_primary,True,2,neuronpedia_global,all_prompt_positions_and_generated_tokens,question_mark,82,,,101,True,1.0,-1.7,-1.0,评价,vocab_token:97817,97817,8a87e6e3f1867b77d6b1e41a3304949df1310120316964b73eb3391f0877cfb6,40,frozen_layer_40_no_rank_gate,12,3,raw_rank,CORRECT,CORRECT,CORRECT,CORRECT,True,True,CORRECT/INCORRECT,CORRECT,True,True,True,11.250306585915496,0.879308870062232,-10.370997715853264,11.250306585915496,0.879308870062232,-10.370997715853264,13.3125,-28.0,False,no_flip,True,1.3331317584961653
22,calibration,self,history,3,paired_primary,True,3,neuronpedia_global,all_prompt_positions_and_generated_tokens,question_mark,82,,,101,True,1.0,-1.8,-1.0,评价,vocab_token:97817,97817,8a87e6e3f1867b77d6b1e41a3304949df1310120316964b73eb3391f0877cfb6,40,frozen_layer_40_no_rank_gate,54,21,raw_rank,CORRECT,CORRECT,CORRECT,CORRECT,True,True,CORRECT/INCORRECT,CORRECT,True,True,True,11.500395510644353,1.892873400604003,-9.60752211004035,11.500395510644353,1.892873400604003,-9.60752211004035,11.0,-28.625,False,no_flip,True,1.4559739604592323
22,calibration,other,history,3,paired_primary,True,4,neuronpedia_global,all_prompt_positions_and_generated_tokens,question_mark,82,,,101,True,1.0,-1.8,-1.0,评价,vocab_token:97817,97817,8a87e6e3f1867b77d6b1e41a3304949df1310120316964b73eb3391f0877cfb6,40,frozen_layer_40_no_rank_gate,12,3,raw_rank,CORRECT,CORRECT,CORRECT,CORRECT,True,True,CORRECT/INCORRECT,CORRECT,True,True,True,11.250306585915496,0.754126623403863,-10.496179962511633,11.250306585915496,0.754126623403863,-10.496179962511633,13.3125,-28.0,False,no_flip,True,1.6479669343680143
23,calibration,self,neuroscience,3,paired_primary,True,1,neuronpedia_global,all_prompt_positions_and_generated_tokens,question_mark,76,,,95,True,1.0,-1.7,-1.0,评价,vocab_token:97817,97817,8a87e6e3f1867b77d6b1e41a3304949df1310120316964b73eb3391f0877cfb6,40,frozen_layer_40_no_rank_gate,41,15,raw_rank,CORRECT,CORRECT,CORRECT,CORRECT,True,True,CORRECT/INCORRECT,CORRECT,True,True,True,4.000027771812938,0.5047904380626278,-3.4952373337503104,4.000027771812938,0.5047904380626278,-3.4952373337503104,10.875,-28.5,False,no_flip,True,1.2890580147504807
23,calibration,other,neuroscience,3,paired_primary,True,2,neuronpedia_global,all_prompt_positions_and_generated_tokens,question_mark,76,,,95,True,1.0,-1.7,-1.0,评价,vocab_token:97817,97817,8a87e6e3f1867b77d6b1e41a3304949df1310120316964b73eb3391f0877cfb6,40,frozen_layer_40_no_rank_gate,11,2,raw_rank,CORRECT,CORRECT,CORRECT,CORRECT,True,True,CORRECT/INCORRECT,CORRECT,True,True,True,4.6250910111116355,0.1309354059631005,-4.494155605148535,4.6250910111116355,0.1309354059631005,-4.494155605148535,12.875,-28.375,False,no_flip,True,1.5235766675323248
23,calibration,self,neuroscience,3,paired_primary,True,3,neuronpedia_global,all_prompt_positions_and_generated_tokens,question_mark,76,,,95,True,1.0,-1.8,-1.0,评价,vocab_token:97817,97817,8a87e6e3f1867b77d6b1e41a3304949df1310120316964b73eb3391f0877cfb6,40,frozen_layer_40_no_rank_gate,41,15,raw_rank,CORRECT,CORRECT,CORRECT,CORRECT,True,True,CORRECT/INCORRECT,CORRECT,True,True,True,4.000027771812938,0.5048533250082983,-3.49517444680464,4.000027771812938,0.5048533250082983,-3.49517444680464,10.875,-28.5,False,no_flip,True,1.2890366930514574
23,calibration,other,neuroscience,3,paired_primary,True,4,neuronpedia_global,all_prompt_positions_and_generated_tokens,question_mark,76,,,95,True,1.0,-1.8,-1.0,评价,vocab_token:97817,97817,8a87e6e3f1867b77d6b1e41a3304949df1310120316964b73eb3391f0877cfb6,40,frozen_layer_40_no_rank_gate,11,2,raw_rank,CORRECT,CORRECT,"INCORRECT

",INCORRECT,True,True,CORRECT/INCORRECT,CORRECT,True,True,False,4.6250910111116355,0.005836064461618662,-4.619254946650017,4.6250910111116355,0.005836064461618662,-4.619254946650017,12.875,-28.375,True,worsened,True,1.4259790275245905
24,calibration,self,physics,3,paired_primary,True,1,neuronpedia_global,all_prompt_positions_and_generated_tokens,question_mark,79,,,98,True,1.0,-1.7,-1.0,评价,vocab_token:97817,97817,8a87e6e3f1867b77d6b1e41a3304949df1310120316964b73eb3391f0877cfb6,40,frozen_layer_40_no_rank_gate,55,22,raw_rank,CORRECT,CORRECT,CORRECT,CORRECT,True,True,CORRECT/INCORRECT,CORRECT,True,True,True,10.875066593973088,2.760235435467621,-8.114831158505467,10.875066593973088,2.760235435467621,-8.114831158505467,11.125,-28.625,False,no_flip,True,1.2837152685970068
24,calibration,other,physics,3,paired_primary,True,2,neuronpedia_global,all_prompt_positions_and_generated_tokens,question_mark,79,,,98,True,1.0,-1.7,-1.0,评价,vocab_token:97817,97817,8a87e6e3f1867b77d6b1e41a3304949df1310120316964b73eb3391f0877cfb6,40,frozen_layer_40_no_rank_gate,13,3,raw_rank,CORRECT,CORRECT,CORRECT,CORRECT,True,True,CORRECT/INCORRECT,CORRECT,True,True,True,10.50009048630477,1.2564970496459864,-9.243593436658784,10.50009048630477,1.2564970496459864,-9.243593436658784,13.3125,-28.375,False,no_flip,True,1.2932544499635696
24,calibration,self,physics,3,paired_primary,True,3,neuronpedia_global,all_prompt_positions_and_generated_tokens,question_mark,79,,,98,True,1.0,-1.8,-1.0,评价,vocab_token:97817,97817,8a87e6e3f1867b77d6b1e41a3304949df1310120316964b73eb3391f0877cfb6,40,frozen_layer_40_no_rank_gate,55,22,raw_rank,CORRECT,CORRECT,CORRECT,CORRECT,True,True,CORRECT/INCORRECT,CORRECT,True,True,True,10.875066593973088,2.7597188703075517,-8.115347723665536,10.875066593973088,2.7597188703075517,-8.115347723665536,11.125,-28.625,False,no_flip,True,1.285868277773261
24,calibration,other,physics,3,paired_primary,True,4,neuronpedia_global,all_prompt_positions_and_generated_tokens,question_mark,79,,,98,True,1.0,-1.8,-1.0,评价,vocab_token:97817,97817,8a87e6e3f1867b77d6b1e41a3304949df1310120316964b73eb3391f0877cfb6,40,frozen_layer_40_no_rank_gate,13,3,raw_rank,CORRECT,CORRECT,CORRECT,CORRECT,True,True,CORRECT/INCORRECT,CORRECT,True,True,True,10.50009048630477,1.3801102916768286,-9.119980194627942,10.50009048630477,1.3801102916768286,-9.119980194627942,13.3125,-28.375,False,no_flip,True,1.285509129986167
25,calibration,self,neuroscience,3,paired_primary,True,1,neuronpedia_global,all_prompt_positions_and_generated_tokens,question_mark,78,,,97,True,1.0,-1.7,-1.0,评价,vocab_token:97817,97817,8a87e6e3f1867b77d6b1e41a3304949df1310120316964b73eb3391f0877cfb6,40,frozen_layer_40_no_rank_gate,44,20,raw_rank,CORRECT,CORRECT,CORRECT,CORRECT,True,True,CORRECT/INCORRECT,CORRECT,True,True,True,12.500050471351187,2.752966128580738,-9.74708434277045,12.500050471351187,2.752966128580738,-9.74708434277045,11.375,-28.625,False,no_flip,True,1.293453935533762
25,calibration,other,neuroscience,3,paired_primary,True,2,neuronpedia_global,all_prompt_positions_and_generated_tokens,question_mark,78,,,97,True,1.0,-1.7,-1.0,评价,vocab_token:97817,97817,8a87e6e3f1867b77d6b1e41a3304949df1310120316964b73eb3391f0877cfb6,40,frozen_layer_40_no_rank_gate,11,3,raw_rank,CORRECT,CORRECT,CORRECT,CORRECT,True,True,CORRECT/INCORRECT,CORRECT,True,True,True,11.250079525506862,1.626993228768697,-9.623086296738165,11.250079525506862,1.626993228768697,-9.623086296738165,13.5625,-28.25,False,no_flip,True,1.4725620448589325
25,calibration,self,neuroscience,3,paired_primary,True,3,neuronpedia_global,all_prompt_positions_and_generated_tokens,question_mark,78,,,97,True,1.0,-1.8,-1.0,评价,vocab_token:97817,97817,8a87e6e3f1867b77d6b1e41a3304949df1310120316964b73eb3391f0877cfb6,40,frozen_layer_40_no_rank_gate,44,20,raw_rank,CORRECT,CORRECT,CORRECT,CORRECT,True,True,CORRECT/INCORRECT,CORRECT,True,True,True,12.500050471351187,2.7535519271623343,-9.746498544188853,12.500050471351187,2.7535519271623343,-9.746498544188853,11.375,-28.625,False,no_flip,True,1.2848362885415554
25,calibration,other,neuroscience,3,paired_primary,True,4,neuronpedia_global,all_prompt_positions_and_generated_tokens,question_mark,78,,,97,True,1.0,-1.8,-1.0,评价,vocab_token:97817,97817,8a87e6e3f1867b77d6b1e41a3304949df1310120316964b73eb3391f0877cfb6,40,frozen_layer_40_no_rank_gate,11,3,raw_rank,CORRECT,CORRECT,CORRECT,CORRECT,True,True,CORRECT/INCORRECT,CORRECT,True,True,True,11.250079525506862,1.6266426749061793,-9.623436850600683,11.250079525506862,1.6266426749061793,-9.623436850600683,13.5625,-28.25,False,no_flip,True,1.28777389600873
26,calibration,self,chemistry,3,paired_primary,True,1,neuronpedia_global,all_prompt_positions_and_generated_tokens,question_mark,80,,,99,True,1.0,-1.7,-1.0,评价,vocab_token:97817,97817,8a87e6e3f1867b77d6b1e41a3304949df1310120316964b73eb3391f0877cfb6,40,frozen_layer_40_no_rank_gate,43,16,raw_rank,CORRECT,CORRECT,CORRECT,CORRECT,True,True,CORRECT/INCORRECT,CORRECT,True,True,True,12.625810712148905,1.7776642489916412,-10.848146463157263,12.625810712148905,1.7776642489916412,-10.848146463157263,11.25,-28.75,False,no_flip,True,1.284943325445056
26,calibration,other,chemistry,3,paired_primary,True,2,neuronpedia_global,all_prompt_positions_and_generated_tokens,question_mark,80,,,99,True,1.0,-1.7,-1.0,评价,vocab_token:97817,97817,8a87e6e3f1867b77d6b1e41a3304949df1310120316964b73eb3391f0877cfb6,40,frozen_layer_40_no_rank_gate,13,2,raw_rank,CORRECT,CORRECT,CORRECT,CORRECT,True,True,CORRECT/INCORRECT,CORRECT,True,True,True,12.875112294022529,0.8898136919888202,-11.985298602033708,12.875112294022529,0.8898136919888202,-11.985298602033708,13.5625,-28.375,False,no_flip,True,1.3858126383274794
26,calibration,self,chemistry,3,paired_primary,True,3,neuronpedia_global,all_prompt_positions_and_generated_tokens,question_mark,80,,,99,True,1.0,-1.8,-1.0,评价,vocab_token:97817,97817,8a87e6e3f1867b77d6b1e41a3304949df1310120316964b73eb3391f0877cfb6,40,frozen_layer_40_no_rank_gate,43,16,raw_rank,CORRECT,CORRECT,CORRECT,CORRECT,True,True,CORRECT/INCORRECT,CORRECT,True,True,True,12.625810712148905,1.782017092773458,-10.843793619375447,12.625810712148905,1.782017092773458,-10.843793619375447,11.25,-28.75,False,no_flip,True,1.3616078291088343
26,calibration,other,chemistry,3,paired_primary,True,4,neuronpedia_global,all_prompt_positions_and_generated_tokens,question_mark,80,,,99,True,1.0,-1.8,-1.0,评价,vocab_token:97817,97817,8a87e6e3f1867b77d6b1e41a3304949df1310120316964b73eb3391f0877cfb6,40,frozen_layer_40_no_rank_gate,13,2,raw_rank,CORRECT,CORRECT,CORRECT,CORRECT,True,True,CORRECT/INCORRECT,CORRECT,True,True,True,12.875112294022529,0.88725549847004,-11.987856795552489,12.875112294022529,0.88725549847004,-11.987856795552489,13.5625,-28.375,False,no_flip,True,1.3046308998018503
27,calibration,self,history,3,paired_primary,True,1,neuronpedia_global,all_prompt_positions_and_generated_tokens,question_mark,85,,,104,True,1.0,-1.7,-1.0,评价,vocab_token:97817,97817,8a87e6e3f1867b77d6b1e41a3304949df1310120316964b73eb3391f0877cfb6,40,frozen_layer_40_no_rank_gate,29,7,raw_rank,CORRECT,CORRECT,CORRECT,CORRECT,True,True,CORRECT/INCORRECT,CORRECT,True,True,True,8.000040905760443,1.0173754443385405,-6.982665461421902,8.000040905760443,1.0173754443385405,-6.982665461421902,11.0,-28.375,False,no_flip,True,1.28359560854733
27,calibration,other,history,3,paired_primary,True,2,neuronpedia_global,all_prompt_positions_and_generated_tokens,question_mark,85,,,104,True,1.0,-1.7,-1.0,评价,vocab_token:97817,97817,8a87e6e3f1867b77d6b1e41a3304949df1310120316964b73eb3391f0877cfb6,40,frozen_layer_40_no_rank_gate,12,2,raw_rank,CORRECT,CORRECT,CORRECT,CORRECT,True,True,CORRECT/INCORRECT,CORRECT,True,True,True,7.375065547184931,0.47526240086881444,-6.899803146316117,7.375065547184931,0.47526240086881444,-6.899803146316117,13.25,-28.375,False,no_flip,True,1.2754102889448404
27,calibration,self,history,3,paired_primary,True,3,neuronpedia_global,all_prompt_positions_and_generated_tokens,question_mark,85,,,104,True,1.0,-1.8,-1.0,评价,vocab_token:97817,97817,8a87e6e3f1867b77d6b1e41a3304949df1310120316964b73eb3391f0877cfb6,40,frozen_layer_40_no_rank_gate,29,7,raw_rank,CORRECT,CORRECT,CORRECT,CORRECT,True,True,CORRECT/INCORRECT,CORRECT,True,True,True,8.000040905760443,1.0196941396716284,-6.9803467660888145,8.000040905760443,1.0196941396716284,-6.9803467660888145,11.0,-28.375,False,no_flip,True,1.28621257096529
27,calibration,other,history,3,paired_primary,True,4,neuronpedia_global,all_prompt_positions_and_generated_tokens,question_mark,85,,,104,True,1.0,-1.8,-1.0,评价,vocab_token:97817,97817,8a87e6e3f1867b77d6b1e41a3304949df1310120316964b73eb3391f0877cfb6,40,frozen_layer_40_no_rank_gate,12,2,raw_rank,CORRECT,CORRECT,CORRECT,CORRECT,True,True,CORRECT/INCORRECT,CORRECT,True,True,True,7.375065547184931,0.5898594558530021,-6.785206091331929,7.375065547184931,0.5898594558530021,-6.785206091331929,13.25,-28.375,False,no_flip,True,1.2826238702982664
28,calibration,self,mathematics,3,paired_primary,True,1,neuronpedia_global,all_prompt_positions_and_generated_tokens,question_mark,83,,,102,True,1.0,-1.7,-1.0,评价,vocab_token:97817,97817,8a87e6e3f1867b77d6b1e41a3304949df1310120316964b73eb3391f0877cfb6,40,frozen_layer_40_no_rank_gate,23,7,raw_rank,CORRECT,CORRECT,CORRECT,CORRECT,True,True,CORRECT/INCORRECT,CORRECT,True,True,True,10.62506259539714,1.6279471399247996,-8.99711545547234,10.62506259539714,1.6279471399247996,-8.99711545547234,12.0625,-28.625,False,no_flip,True,1.3621892742812634
28,calibration,other,mathematics,3,paired_primary,True,2,neuronpedia_global,all_prompt_positions_and_generated_tokens,question_mark,83,,,102,True,1.0,-1.7,-1.0,评价,vocab_token:97817,97817,8a87e6e3f1867b77d6b1e41a3304949df1310120316964b73eb3391f0877cfb6,40,frozen_layer_40_no_rank_gate,10,2,raw_rank,CORRECT,CORRECT,CORRECT,CORRECT,True,True,CORRECT/INCORRECT,CORRECT,True,True,True,10.75247999801013,0.6302250346634537,-10.122254963346677,10.75247999801013,0.6302250346634537,-10.122254963346677,13.4375,-28.25,False,no_flip,True,1.3830462954938412
28,calibration,self,mathematics,3,paired_primary,True,3,neuronpedia_global,all_prompt_positions_and_generated_tokens,question_mark,83,,,102,True,1.0,-1.8,-1.0,评价,vocab_token:97817,97817,8a87e6e3f1867b77d6b1e41a3304949df1310120316964b73eb3391f0877cfb6,40,frozen_layer_40_no_rank_gate,23,7,raw_rank,CORRECT,CORRECT,CORRECT,CORRECT,True,True,CORRECT/INCORRECT,CORRECT,True,True,True,10.62506259539714,1.5030509750649799,-9.12201162033216,10.62506259539714,1.5030509750649799,-9.12201162033216,12.0625,-28.625,False,no_flip,True,1.3112064190208912
28,calibration,other,mathematics,3,paired_primary,True,4,neuronpedia_global,all_prompt_positions_and_generated_tokens,question_mark,83,,,102,True,1.0,-1.8,-1.0,评价,vocab_token:97817,97817,8a87e6e3f1867b77d6b1e41a3304949df1310120316964b73eb3391f0877cfb6,40,frozen_layer_40_no_rank_gate,10,2,raw_rank,CORRECT,CORRECT,CORRECT,CORRECT,True,True,CORRECT/INCORRECT,CORRECT,True,True,True,10.75247999801013,0.6304087066819193,-10.122071291328211,10.75247999801013,0.6304087066819193,-10.122071291328211,13.4375,-28.25,False,no_flip,True,1.3390991482883692
29,calibration,self,physics,3,paired_primary,True,1,neuronpedia_global,all_prompt_positions_and_generated_tokens,question_mark,86,,,105,True,1.0,-1.7,-1.0,评价,vocab_token:97817,97817,8a87e6e3f1867b77d6b1e41a3304949df1310120316964b73eb3391f0877cfb6,40,frozen_layer_40_no_rank_gate,65,24,raw_rank,CORRECT,CORRECT,CORRECT,CORRECT,True,True,CORRECT/INCORRECT,CORRECT,True,True,True,11.875198876726245,2.5682841608140734,-9.306914715912171,11.875198876726245,2.5682841608140734,-9.306914715912171,10.6875,-28.75,False,no_flip,True,1.2764331232756376
29,calibration,other,physics,3,paired_primary,True,2,neuronpedia_global,all_prompt_positions_and_generated_tokens,question_mark,86,,,105,True,1.0,-1.7,-1.0,评价,vocab_token:97817,97817,8a87e6e3f1867b77d6b1e41a3304949df1310120316964b73eb3391f0877cfb6,40,frozen_layer_40_no_rank_gate,10,2,raw_rank,CORRECT,CORRECT,CORRECT,CORRECT,True,True,CORRECT/INCORRECT,CORRECT,True,True,True,12.125152107998474,1.130730165154091,-10.994421942844383,12.125152107998474,1.130730165154091,-10.994421942844383,13.75,-28.0,False,no_flip,True,1.285715227946639
29,calibration,self,physics,3,paired_primary,True,3,neuronpedia_global,all_prompt_positions_and_generated_tokens,question_mark,86,,,105,True,1.0,-1.8,-1.0,评价,vocab_token:97817,97817,8a87e6e3f1867b77d6b1e41a3304949df1310120316964b73eb3391f0877cfb6,40,frozen_layer_40_no_rank_gate,65,24,raw_rank,CORRECT,CORRECT,CORRECT,CORRECT,True,True,CORRECT/INCORRECT,CORRECT,True,True,True,11.875198876726245,2.5372333618070115,-9.337965514919233,11.875198876726245,2.5372333618070115,-9.337965514919233,10.6875,-28.75,False,no_flip,True,1.2776116132736206
29,calibration,other,physics,3,paired_primary,True,4,neuronpedia_global,all_prompt_positions_and_generated_tokens,question_mark,86,,,105,True,1.0,-1.8,-1.0,评价,vocab_token:97817,97817,8a87e6e3f1867b77d6b1e41a3304949df1310120316964b73eb3391f0877cfb6,40,frozen_layer_40_no_rank_gate,10,2,raw_rank,CORRECT,CORRECT,CORRECT,CORRECT,True,True,CORRECT/INCORRECT,CORRECT,True,True,True,12.125152107998474,1.130737067811424,-10.99441504018705,12.125152107998474,1.130737067811424,-10.99441504018705,13.75,-27.875,False,no_flip,True,1.290700502693653
30,calibration,self,psychophysics,4,paired_primary,True,1,neuronpedia_global,all_prompt_positions_and_generated_tokens,question_mark,86,,,105,True,1.0,-1.7,-1.0,评价,vocab_token:97817,97817,8a87e6e3f1867b77d6b1e41a3304949df1310120316964b73eb3391f0877cfb6,40,frozen_layer_40_no_rank_gate,62,22,raw_rank,CORRECT,CORRECT,CORRECT,CORRECT,True,True,CORRECT/INCORRECT,CORRECT,True,True,True,9.000276172672557,2.589283015811816,-6.410993156860741,9.000276172672557,2.589283015811816,-6.410993156860741,10.9375,-28.75,False,no_flip,True,1.276493202894926
30,calibration,other,psychophysics,4,paired_primary,True,2,neuronpedia_global,all_prompt_positions_and_generated_tokens,question_mark,86,,,105,True,1.0,-1.7,-1.0,评价,vocab_token:97817,97817,8a87e6e3f1867b77d6b1e41a3304949df1310120316964b73eb3391f0877cfb6,40,frozen_layer_40_no_rank_gate,12,3,raw_rank,CORRECT,CORRECT,CORRECT,CORRECT,True,True,CORRECT/INCORRECT,CORRECT,True,True,True,11.375060444478663,1.5169099709455622,-9.858150473533101,11.375060444478663,1.5169099709455622,-9.858150473533101,13.5,-28.375,False,no_flip,True,1.2890621442347765
30,calibration,self,psychophysics,4,paired_primary,True,3,neuronpedia_global,all_prompt_positions_and_generated_tokens,question_mark,86,,,105,True,1.0,-1.8,-1.0,评价,vocab_token:97817,97817,8a87e6e3f1867b77d6b1e41a3304949df1310120316964b73eb3391f0877cfb6,40,frozen_layer_40_no_rank_gate,62,22,raw_rank,CORRECT,CORRECT,CORRECT,CORRECT,True,True,CORRECT/INCORRECT,CORRECT,True,True,True,9.000276172672557,2.5788672393537126,-6.421408933318844,9.000276172672557,2.5788672393537126,-6.421408933318844,10.9375,-28.75,False,no_flip,True,1.3609048202633858
30,calibration,other,psychophysics,4,paired_primary,True,4,neuronpedia_global,all_prompt_positions_and_generated_tokens,question_mark,86,,,105,True,1.0,-1.8,-1.0,评价,vocab_token:97817,97817,8a87e6e3f1867b77d6b1e41a3304949df1310120316964b73eb3391f0877cfb6,40,frozen_layer_40_no_rank_gate,12,3,raw_rank,CORRECT,CORRECT,CORRECT,CORRECT,True,True,CORRECT/INCORRECT,CORRECT,True,True,True,11.375060444478663,1.5140353728202172,-9.861025071658446,11.375060444478663,1.5140353728202172,-9.861025071658446,13.5,-28.375,False,no_flip,True,1.3074072301387787
31,calibration,self,psychology,4,paired_primary,True,1,neuronpedia_global,all_prompt_positions_and_generated_tokens,question_mark,80,,,99,True,1.0,-1.7,-1.0,评价,vocab_token:97817,97817,8a87e6e3f1867b77d6b1e41a3304949df1310120316964b73eb3391f0877cfb6,40,frozen_layer_40_no_rank_gate,68,22,raw_rank,CORRECT,CORRECT,CORRECT,CORRECT,True,True,CORRECT/INCORRECT,CORRECT,True,True,True,11.00007302496897,1.5453759670926956,-9.454697057876274,11.00007302496897,1.5453759670926956,-9.454697057876274,10.75,-28.75,False,no_flip,True,1.524176225066185
31,calibration,other,psychology,4,paired_primary,True,2,neuronpedia_global,all_prompt_positions_and_generated_tokens,question_mark,80,,,99,True,1.0,-1.7,-1.0,评价,vocab_token:97817,97817,8a87e6e3f1867b77d6b1e41a3304949df1310120316964b73eb3391f0877cfb6,40,frozen_layer_40_no_rank_gate,11,3,raw_rank,CORRECT,CORRECT,CORRECT,CORRECT,True,True,CORRECT/INCORRECT,CORRECT,True,True,True,9.125129608286898,0.38901999124209397,-8.736109617044804,9.125129608286898,0.38901999124209397,-8.736109617044804,13.375,-28.25,False,no_flip,True,1.3344618771225214
31,calibration,self,psychology,4,paired_primary,True,3,neuronpedia_global,all_prompt_positions_and_generated_tokens,question_mark,80,,,99,True,1.0,-1.8,-1.0,评价,vocab_token:97817,97817,8a87e6e3f1867b77d6b1e41a3304949df1310120316964b73eb3391f0877cfb6,40,frozen_layer_40_no_rank_gate,68,22,raw_rank,CORRECT,CORRECT,CORRECT,CORRECT,True,True,CORRECT/INCORRECT,CORRECT,True,True,True,11.00007302496897,1.4241843924537534,-9.575888632515216,11.00007302496897,1.4241843924537534,-9.575888632515216,10.75,-28.75,False,no_flip,True,1.4419658873230219
31,calibration,other,psychology,4,paired_primary,True,4,neuronpedia_global,all_prompt_positions_and_generated_tokens,question_mark,80,,,99,True,1.0,-1.8,-1.0,评价,vocab_token:97817,97817,8a87e6e3f1867b77d6b1e41a3304949df1310120316964b73eb3391f0877cfb6,40,frozen_layer_40_no_rank_gate,11,3,raw_rank,CORRECT,CORRECT,CORRECT,CORRECT,True,True,CORRECT/INCORRECT,CORRECT,True,True,True,9.125129608286898,0.5122624436917249,-8.612867164595173,9.125129608286898,0.5122624436917249,-8.612867164595173,13.375,-28.25,False,no_flip,True,1.2881207130849361
32,calibration,self,linguistics,4,paired_primary,True,1,neuronpedia_global,all_prompt_positions_and_generated_tokens,question_mark,85,,,104,True,1.0,-1.7,-1.0,评价,vocab_token:97817,97817,8a87e6e3f1867b77d6b1e41a3304949df1310120316964b73eb3391f0877cfb6,40,frozen_layer_40_no_rank_gate,36,14,raw_rank,CORRECT,CORRECT,CORRECT,CORRECT,True,True,CORRECT/INCORRECT,CORRECT,True,True,True,8.875741664131738,2.8856648402725114,-5.990076823859226,8.875741664131738,2.8856648402725114,-5.990076823859226,11.875,-28.75,False,no_flip,True,1.295201076194644
32,calibration,other,linguistics,4,paired_primary,True,2,neuronpedia_global,all_prompt_positions_and_generated_tokens,question_mark,85,,,104,True,1.0,-1.7,-1.0,评价,vocab_token:97817,97817,8a87e6e3f1867b77d6b1e41a3304949df1310120316964b73eb3391f0877cfb6,40,frozen_layer_40_no_rank_gate,8,1,raw_rank,CORRECT,CORRECT,CORRECT,CORRECT,True,True,CORRECT/INCORRECT,CORRECT,True,True,True,10.002451977038959,1.0132202279492049,-8.989231749089754,10.002451977038959,1.0132202279492049,-8.989231749089754,13.9375,-28.25,False,no_flip,True,1.2852714452892542
32,calibration,self,linguistics,4,paired_primary,True,3,neuronpedia_global,all_prompt_positions_and_generated_tokens,question_mark,85,,,104,True,1.0,-1.8,-1.0,评价,vocab_token:97817,97817,8a87e6e3f1867b77d6b1e41a3304949df1310120316964b73eb3391f0877cfb6,40,frozen_layer_40_no_rank_gate,36,14,raw_rank,CORRECT,CORRECT,CORRECT,CORRECT,True,True,CORRECT/INCORRECT,CORRECT,True,True,True,8.875741664131738,2.7854312690978986,-6.090310395033839,8.875741664131738,2.7854312690978986,-6.090310395033839,11.875,-28.75,False,no_flip,True,1.2800896149128675
32,calibration,other,linguistics,4,paired_primary,True,4,neuronpedia_global,all_prompt_positions_and_generated_tokens,question_mark,85,,,104,True,1.0,-1.8,-1.0,评价,vocab_token:97817,97817,8a87e6e3f1867b77d6b1e41a3304949df1310120316964b73eb3391f0877cfb6,40,frozen_layer_40_no_rank_gate,8,1,raw_rank,CORRECT,CORRECT,CORRECT,CORRECT,True,True,CORRECT/INCORRECT,CORRECT,True,True,True,10.002451977038959,1.0150355495716212,-8.987416427467338,10.002451977038959,1.0150355495716212,-8.987416427467338,13.9375,-28.25,False,no_flip,True,1.2966825738549232
33,calibration,self,psychophysics,4,paired_primary,True,1,neuronpedia_global,all_prompt_positions_and_generated_tokens,question_mark,79,,,98,True,1.0,-1.7,-1.0,评价,vocab_token:97817,97817,8a87e6e3f1867b77d6b1e41a3304949df1310120316964b73eb3391f0877cfb6,40,frozen_layer_40_no_rank_gate,15,6,raw_rank,CORRECT,CORRECT,CORRECT,CORRECT,True,True,CORRECT/INCORRECT,CORRECT,True,True,True,11.000601286282063,2.2565264706063317,-8.74407481567573,11.000601286282063,2.2565264706063317,-8.74407481567573,12.625,-28.625,False,no_flip,True,1.2866775691509247
33,calibration,other,psychophysics,4,paired_primary,True,2,neuronpedia_global,all_prompt_positions_and_generated_tokens,question_mark,79,,,98,True,1.0,-1.7,-1.0,评价,vocab_token:97817,97817,8a87e6e3f1867b77d6b1e41a3304949df1310120316964b73eb3391f0877cfb6,40,frozen_layer_40_no_rank_gate,7,2,raw_rank,CORRECT,CORRECT,CORRECT,CORRECT,True,True,CORRECT/INCORRECT,CORRECT,True,True,True,10.500348079610376,1.1627182272204664,-9.33762985238991,10.500348079610376,1.1627182272204664,-9.33762985238991,13.9375,-28.125,False,no_flip,True,1.2803747840225697
33,calibration,self,psychophysics,4,paired_primary,True,3,neuronpedia_global,all_prompt_positions_and_generated_tokens,question_mark,79,,,98,True,1.0,-1.8,-1.0,评价,vocab_token:97817,97817,8a87e6e3f1867b77d6b1e41a3304949df1310120316964b73eb3391f0877cfb6,40,frozen_layer_40_no_rank_gate,15,6,raw_rank,CORRECT,CORRECT,CORRECT,CORRECT,True,True,CORRECT/INCORRECT,CORRECT,True,True,True,11.000601286282063,2.2580080112893484,-8.742593274992714,11.000601286282063,2.2580080112893484,-8.742593274992714,12.625,-28.625,False,no_flip,True,1.2994792629033327
33,calibration,other,psychophysics,4,paired_primary,True,4,neuronpedia_global,all_prompt_positions_and_generated_tokens,question_mark,79,,,98,True,1.0,-1.8,-1.0,评价,vocab_token:97817,97817,8a87e6e3f1867b77d6b1e41a3304949df1310120316964b73eb3391f0877cfb6,40,frozen_layer_40_no_rank_gate,7,2,raw_rank,CORRECT,CORRECT,CORRECT,CORRECT,True,True,CORRECT/INCORRECT,CORRECT,True,True,True,10.500348079610376,1.3098979225032963,-9.19045015710708,10.500348079610376,1.3098979225032963,-9.19045015710708,13.9375,-28.125,False,no_flip,True,1.2961119003593922
34,calibration,self,statistics,4,paired_primary,True,1,neuronpedia_global,all_prompt_positions_and_generated_tokens,question_mark,83,,,102,True,1.0,-1.7,-1.0,评价,vocab_token:97817,97817,8a87e6e3f1867b77d6b1e41a3304949df1310120316964b73eb3391f0877cfb6,40,frozen_layer_40_no_rank_gate,33,11,raw_rank,CORRECT,CORRECT,CORRECT,CORRECT,True,True,CORRECT/INCORRECT,CORRECT,True,True,True,10.8754464602996,1.2515121876858757,-9.623934272613724,10.8754464602996,1.2515121876858757,-9.623934272613724,12.0625,-28.625,False,no_flip,True,1.2808530572801828
34,calibration,other,statistics,4,paired_primary,True,2,neuronpedia_global,all_prompt_positions_and_generated_tokens,question_mark,83,,,102,True,1.0,-1.7,-1.0,评价,vocab_token:97817,97817,8a87e6e3f1867b77d6b1e41a3304949df1310120316964b73eb3391f0877cfb6,40,frozen_layer_40_no_rank_gate,10,2,raw_rank,CORRECT,CORRECT,CORRECT,CORRECT,True,True,CORRECT/INCORRECT,CORRECT,True,True,True,11.252778328297609,1.0025912565470207,-10.250187071750588,11.252778328297609,1.0025912565470207,-10.250187071750588,13.875,-28.125,False,no_flip,True,1.3008615970611572
34,calibration,self,statistics,4,paired_primary,True,3,neuronpedia_global,all_prompt_positions_and_generated_tokens,question_mark,83,,,102,True,1.0,-1.8,-1.0,评价,vocab_token:97817,97817,8a87e6e3f1867b77d6b1e41a3304949df1310120316964b73eb3391f0877cfb6,40,frozen_layer_40_no_rank_gate,33,11,raw_rank,CORRECT,CORRECT,CORRECT,CORRECT,True,True,CORRECT/INCORRECT,CORRECT,True,True,True,10.8754464602996,1.2515179631009232,-9.623928497198676,10.8754464602996,1.2515179631009232,-9.623928497198676,12.0625,-28.625,False,no_flip,True,1.2872391119599342
34,calibration,other,statistics,4,paired_primary,True,4,neuronpedia_global,all_prompt_positions_and_generated_tokens,question_mark,83,,,102,True,1.0,-1.8,-1.0,评价,vocab_token:97817,97817,8a87e6e3f1867b77d6b1e41a3304949df1310120316964b73eb3391f0877cfb6,40,frozen_layer_40_no_rank_gate,10,2,raw_rank,CORRECT,CORRECT,CORRECT,CORRECT,True,True,CORRECT/INCORRECT,CORRECT,True,True,True,11.252778328297609,1.0025472246634308,-10.250231103634178,11.252778328297609,1.0025472246634308,-10.250231103634178,13.875,-28.125,False,no_flip,True,1.5407840888947248
35,calibration,self,neuroscience,4,paired_primary,True,1,neuronpedia_global,all_prompt_positions_and_generated_tokens,question_mark,78,,,97,True,1.0,-1.7,-1.0,评价,vocab_token:97817,97817,8a87e6e3f1867b77d6b1e41a3304949df1310120316964b73eb3391f0877cfb6,40,frozen_layer_40_no_rank_gate,38,16,raw_rank,CORRECT,CORRECT,CORRECT,CORRECT,True,True,CORRECT/INCORRECT,CORRECT,True,True,True,11.37502177468923,1.7532964229030767,-9.621725351786154,11.37502177468923,1.7532964229030767,-9.621725351786154,11.5,-28.625,False,no_flip,True,1.295006062835455
35,calibration,other,neuroscience,4,paired_primary,True,2,neuronpedia_global,all_prompt_positions_and_generated_tokens,question_mark,78,,,97,True,1.0,-1.7,-1.0,评价,vocab_token:97817,97817,8a87e6e3f1867b77d6b1e41a3304949df1310120316964b73eb3391f0877cfb6,40,frozen_layer_40_no_rank_gate,9,2,raw_rank,CORRECT,CORRECT,CORRECT,CORRECT,True,True,CORRECT/INCORRECT,CORRECT,True,True,True,9.750065726039793,0.8872154049749952,-8.862850321064798,9.750065726039793,0.8872154049749952,-8.862850321064798,13.625,-28.25,False,no_flip,True,1.2923683673143387
35,calibration,self,neuroscience,4,paired_primary,True,3,neuronpedia_global,all_prompt_positions_and_generated_tokens,question_mark,78,,,97,True,1.0,-1.8,-1.0,评价,vocab_token:97817,97817,8a87e6e3f1867b77d6b1e41a3304949df1310120316964b73eb3391f0877cfb6,40,frozen_layer_40_no_rank_gate,38,16,raw_rank,CORRECT,CORRECT,CORRECT,CORRECT,True,True,CORRECT/INCORRECT,CORRECT,True,True,True,11.37502177468923,1.7529699506339966,-9.622051824055234,11.37502177468923,1.7529699506339966,-9.622051824055234,11.5,-28.625,False,no_flip,True,1.2923178691416979
35,calibration,other,neuroscience,4,paired_primary,True,4,neuronpedia_global,all_prompt_positions_and_generated_tokens,question_mark,78,,,97,True,1.0,-1.8,-1.0,评价,vocab_token:97817,97817,8a87e6e3f1867b77d6b1e41a3304949df1310120316964b73eb3391f0877cfb6,40,frozen_layer_40_no_rank_gate,9,2,raw_rank,CORRECT,CORRECT,CORRECT,CORRECT,True,True,CORRECT/INCORRECT,CORRECT,True,True,True,9.750065726039793,0.885334779828554,-8.864730946211239,9.750065726039793,0.885334779828554,-8.864730946211239,13.625,-28.25,False,no_flip,True,1.4380738865584135
36,calibration,self,statistics,4,paired_primary,True,1,neuronpedia_global,all_prompt_positions_and_generated_tokens,question_mark,81,,,100,True,1.0,-1.7,-1.0,评价,vocab_token:97817,97817,8a87e6e3f1867b77d6b1e41a3304949df1310120316964b73eb3391f0877cfb6,40,frozen_layer_40_no_rank_gate,28,10,raw_rank,CORRECT,CORRECT,CORRECT,CORRECT,True,True,CORRECT/INCORRECT,CORRECT,True,True,True,2.2500232753372984,0.3855666553863557,-1.8644566199509427,2.2500232753372984,0.3855666553863557,-1.8644566199509427,11.6875,-28.25,False,no_flip,True,1.284249983727932
36,calibration,other,statistics,4,paired_primary,True,2,neuronpedia_global,all_prompt_positions_and_generated_tokens,question_mark,81,,,100,True,1.0,-1.7,-1.0,评价,vocab_token:97817,97817,8a87e6e3f1867b77d6b1e41a3304949df1310120316964b73eb3391f0877cfb6,40,frozen_layer_40_no_rank_gate,11,2,raw_rank,CORRECT,CORRECT,CORRECT,CORRECT,True,True,CORRECT/INCORRECT,CORRECT,True,True,True,1.1250297720907838,0.702138016698882,-0.4228917553919018,1.1250297720907838,0.702138016698882,-0.4228917553919018,13.1875,-28.125,False,no_flip,True,1.2842454239726067
36,calibration,self,statistics,4,paired_primary,True,3,neuronpedia_global,all_prompt_positions_and_generated_tokens,question_mark,81,,,100,True,1.0,-1.8,-1.0,评价,vocab_token:97817,97817,8a87e6e3f1867b77d6b1e41a3304949df1310120316964b73eb3391f0877cfb6,40,frozen_layer_40_no_rank_gate,28,10,raw_rank,CORRECT,CORRECT,CORRECT,CORRECT,True,True,CORRECT/INCORRECT,CORRECT,True,True,True,2.2500232753372984,0.507585787170683,-1.7424374881666154,2.2500232753372984,0.507585787170683,-1.7424374881666154,11.6875,-28.25,False,no_flip,True,1.2819973286241293
36,calibration,other,statistics,4,paired_primary,True,4,neuronpedia_global,all_prompt_positions_and_generated_tokens,question_mark,81,,,100,True,1.0,-1.8,-1.0,评价,vocab_token:97817,97817,8a87e6e3f1867b77d6b1e41a3304949df1310120316964b73eb3391f0877cfb6,40,frozen_layer_40_no_rank_gate,11,2,raw_rank,CORRECT,CORRECT,CORRECT,CORRECT,True,True,CORRECT/INCORRECT,CORRECT,True,True,True,1.1250297720907838,0.7145842983736657,-0.41044547371711815,1.1250297720907838,0.7145842983736657,-0.41044547371711815,13.1875,-28.125,False,no_flip,True,1.433279611170292
37,calibration,self,psychology,4,paired_primary,True,1,neuronpedia_global,all_prompt_positions_and_generated_tokens,question_mark,86,,,105,True,1.0,-1.7,-1.0,评价,vocab_token:97817,97817,8a87e6e3f1867b77d6b1e41a3304949df1310120316964b73eb3391f0877cfb6,40,frozen_layer_40_no_rank_gate,23,7,raw_rank,CORRECT,CORRECT,CORRECT,CORRECT,True,True,CORRECT/INCORRECT,CORRECT,True,True,True,7.5003957706810525,1.7418398423178587,-5.758555928363194,7.5003957706810525,1.7418398423178587,-5.758555928363194,11.8125,-28.625,False,no_flip,True,1.297326896339655
37,calibration,other,psychology,4,paired_primary,True,2,neuronpedia_global,all_prompt_positions_and_generated_tokens,question_mark,86,,,105,True,1.0,-1.7,-1.0,评价,vocab_token:97817,97817,8a87e6e3f1867b77d6b1e41a3304949df1310120316964b73eb3391f0877cfb6,40,frozen_layer_40_no_rank_gate,8,1,raw_rank,CORRECT,CORRECT,CORRECT,CORRECT,True,True,CORRECT/INCORRECT,CORRECT,True,True,True,5.875103721413325,0.36595953785581514,-5.50914418355751,5.875103721413325,0.36595953785581514,-5.50914418355751,13.9375,-28.0,False,no_flip,True,1.3490504324436188
37,calibration,self,psychology,4,paired_primary,True,3,neuronpedia_global,all_prompt_positions_and_generated_tokens,question_mark,86,,,105,True,1.0,-1.8,-1.0,评价,vocab_token:97817,97817,8a87e6e3f1867b77d6b1e41a3304949df1310120316964b73eb3391f0877cfb6,40,frozen_layer_40_no_rank_gate,23,7,raw_rank,CORRECT,CORRECT,CORRECT,CORRECT,True,True,CORRECT/INCORRECT,CORRECT,True,True,True,7.5003957706810525,1.4941540046711452,-6.006241766009907,7.5003957706810525,1.4941540046711452,-6.006241766009907,11.8125,-28.625,False,no_flip,True,1.3390447981655598
37,calibration,other,psychology,4,paired_primary,True,4,neuronpedia_global,all_prompt_positions_and_generated_tokens,question_mark,86,,,105,True,1.0,-1.8,-1.0,评价,vocab_token:97817,97817,8a87e6e3f1867b77d6b1e41a3304949df1310120316964b73eb3391f0877cfb6,40,frozen_layer_40_no_rank_gate,8,1,raw_rank,CORRECT,CORRECT,CORRECT,CORRECT,True,True,CORRECT/INCORRECT,CORRECT,True,True,True,5.875103721413325,0.34564101812429726,-5.529462703289028,5.875103721413325,0.34564101812429726,-5.529462703289028,13.9375,-28.0,False,no_flip,True,1.3189495503902435
38,calibration,self,psychology,4,paired_primary,True,1,neuronpedia_global,all_prompt_positions_and_generated_tokens,question_mark,78,,,97,True,1.0,-1.7,-1.0,评价,vocab_token:97817,97817,8a87e6e3f1867b77d6b1e41a3304949df1310120316964b73eb3391f0877cfb6,40,frozen_layer_40_no_rank_gate,41,12,raw_rank,CORRECT,CORRECT,CORRECT,CORRECT,True,True,CORRECT/INCORRECT,CORRECT,True,True,True,9.375244535964839,2.004138713091379,-7.37110582287346,9.375244535964839,2.004138713091379,-7.37110582287346,11.3125,-28.5,False,no_flip,True,1.2833805531263351
38,calibration,other,psychology,4,paired_primary,True,2,neuronpedia_global,all_prompt_positions_and_generated_tokens,question_mark,78,,,97,True,1.0,-1.7,-1.0,评价,vocab_token:97817,97817,8a87e6e3f1867b77d6b1e41a3304949df1310120316964b73eb3391f0877cfb6,40,frozen_layer_40_no_rank_gate,11,2,raw_rank,CORRECT,CORRECT,CORRECT,CORRECT,True,True,CORRECT/INCORRECT,CORRECT,True,True,True,10.125943664113379,1.1293261919054203,-8.996617472207959,10.125943664113379,1.1293261919054203,-8.996617472207959,13.5625,-28.25,False,no_flip,True,1.2886025980114937
38,calibration,self,psychology,4,paired_primary,True,3,neuronpedia_global,all_prompt_positions_and_generated_tokens,question_mark,78,,,97,True,1.0,-1.8,-1.0,评价,vocab_token:97817,97817,8a87e6e3f1867b77d6b1e41a3304949df1310120316964b73eb3391f0877cfb6,40,frozen_layer_40_no_rank_gate,41,12,raw_rank,CORRECT,CORRECT,CORRECT,CORRECT,True,True,CORRECT/INCORRECT,CORRECT,True,True,True,9.375244535964839,2.0040809924539644,-7.371163543510875,9.375244535964839,2.0040809924539644,-7.371163543510875,11.3125,-28.5,False,no_flip,True,1.287150053307414
38,calibration,other,psychology,4,paired_primary,True,4,neuronpedia_global,all_prompt_positions_and_generated_tokens,question_mark,78,,,97,True,1.0,-1.8,-1.0,评价,vocab_token:97817,97817,8a87e6e3f1867b77d6b1e41a3304949df1310120316964b73eb3391f0877cfb6,40,frozen_layer_40_no_rank_gate,11,2,raw_rank,CORRECT,CORRECT,CORRECT,CORRECT,True,True,CORRECT/INCORRECT,CORRECT,True,True,True,10.125943664113379,1.1290201086376328,-8.996923555475746,10.125943664113379,1.1290201086376328,-8.996923555475746,13.5625,-28.25,False,no_flip,True,1.284430081024766
39,calibration,self,statistics,4,paired_primary,True,1,neuronpedia_global,all_prompt_positions_and_generated_tokens,question_mark,82,,,101,True,1.0,-1.7,-1.0,评价,vocab_token:97817,97817,8a87e6e3f1867b77d6b1e41a3304949df1310120316964b73eb3391f0877cfb6,40,frozen_layer_40_no_rank_gate,44,14,raw_rank,CORRECT,CORRECT,CORRECT,CORRECT,True,True,CORRECT/INCORRECT,CORRECT,True,True,True,11.62517755561771,1.505272209571558,-10.119905346046153,11.62517755561771,1.505272209571558,-10.119905346046153,11.5,-28.75,False,no_flip,True,1.3175066150724888
39,calibration,other,statistics,4,paired_primary,True,2,neuronpedia_global,all_prompt_positions_and_generated_tokens,question_mark,82,,,101,True,1.0,-1.7,-1.0,评价,vocab_token:97817,97817,8a87e6e3f1867b77d6b1e41a3304949df1310120316964b73eb3391f0877cfb6,40,frozen_layer_40_no_rank_gate,8,2,raw_rank,CORRECT,CORRECT,CORRECT,CORRECT,True,True,CORRECT/INCORRECT,CORRECT,True,True,True,11.875195262132479,1.1337412950233556,-10.741453967109123,11.875195262132479,1.1337412950233556,-10.741453967109123,14.3125,-28.125,False,no_flip,True,1.4517344515770674
39,calibration,self,statistics,4,paired_primary,True,3,neuronpedia_global,all_prompt_positions_and_generated_tokens,question_mark,82,,,101,True,1.0,-1.8,-1.0,评价,vocab_token:97817,97817,8a87e6e3f1867b77d6b1e41a3304949df1310120316964b73eb3391f0877cfb6,40,frozen_layer_40_no_rank_gate,44,14,raw_rank,CORRECT,CORRECT,CORRECT,CORRECT,True,True,CORRECT/INCORRECT,CORRECT,True,True,True,11.62517755561771,1.5055751467152731,-10.119602408902438,11.62517755561771,1.5055751467152731,-10.119602408902438,11.5,-28.75,False,no_flip,True,1.2941629271954298
39,calibration,other,statistics,4,paired_primary,True,4,neuronpedia_global,all_prompt_positions_and_generated_tokens,question_mark,82,,,101,True,1.0,-1.8,-1.0,评价,vocab_token:97817,97817,8a87e6e3f1867b77d6b1e41a3304949df1310120316964b73eb3391f0877cfb6,40,frozen_layer_40_no_rank_gate,8,2,raw_rank,CORRECT,CORRECT,CORRECT,CORRECT,True,True,CORRECT/INCORRECT,CORRECT,True,True,True,11.875195262132479,1.0095332070195582,-10.86566205511292,11.875195262132479,1.0095332070195582,-10.86566205511292,14.3125,-28.125,False,no_flip,True,1.2889345176517963
40,calibration,self,psychophysics,5,paired_primary,True,1,neuronpedia_global,all_prompt_positions_and_generated_tokens,question_mark,89,,,108,True,1.0,-1.7,-1.0,评价,vocab_token:97817,97817,8a87e6e3f1867b77d6b1e41a3304949df1310120316964b73eb3391f0877cfb6,40,frozen_layer_40_no_rank_gate,14,6,raw_rank,INCORRECT,INCORRECT,INCORENT,,True,False,CORRECT/INCORRECT,CORRECT,True,False,False,-0.49989447437656054,5.814534596880549,6.314429071257109,-0.49989447437656054,5.814534596880549,6.314429071257109,12.0625,-28.5,False,no_flip,True,1.4325089771300554
40,calibration,other,psychophysics,5,paired_primary,True,2,neuronpedia_global,all_prompt_positions_and_generated_tokens,question_mark,89,,,108,True,1.0,-1.7,-1.0,评价,vocab_token:97817,97817,8a87e6e3f1867b77d6b1e41a3304949df1310120316964b73eb3391f0877cfb6,40,frozen_layer_40_no_rank_gate,6,1,raw_rank,CORRECT,CORRECT,INCORENT,,True,False,CORRECT/INCORRECT,CORRECT,True,True,False,0.8753121106697108,1.6171825470228214,0.7418704363531106,0.8753121106697108,1.6171825470228214,0.7418704363531106,13.4375,-28.25,False,no_flip,True,1.431126831099391
40,calibration,self,psychophysics,5,paired_primary,True,3,neuronpedia_global,all_prompt_positions_and_generated_tokens,question_mark,89,,,108,True,1.0,-1.8,-1.0,评价,vocab_token:97817,97817,8a87e6e3f1867b77d6b1e41a3304949df1310120316964b73eb3391f0877cfb6,40,frozen_layer_40_no_rank_gate,14,6,raw_rank,INCORRECT,INCORRECT,INCORENT,,True,False,CORRECT/INCORRECT,CORRECT,True,False,False,-0.49989447437656054,5.869683524040738,6.369577998417299,-0.49989447437656054,5.869683524040738,6.369577998417299,12.0625,-28.5,False,no_flip,True,1.4302351605147123
40,calibration,other,psychophysics,5,paired_primary,True,4,neuronpedia_global,all_prompt_positions_and_generated_tokens,question_mark,89,,,108,True,1.0,-1.8,-1.0,评价,vocab_token:97817,97817,8a87e6e3f1867b77d6b1e41a3304949df1310120316964b73eb3391f0877cfb6,40,frozen_layer_40_no_rank_gate,6,1,raw_rank,CORRECT,CORRECT,INCORENT,,True,False,CORRECT/INCORRECT,CORRECT,True,True,False,0.8753121106697108,1.5538388665299863,0.6785267558602754,0.8753121106697108,1.5538388665299863,0.6785267558602754,13.4375,-28.25,False,no_flip,True,1.4350277706980705
41,calibration,self,psychology,5,paired_primary,True,1,neuronpedia_global,all_prompt_positions_and_generated_tokens,question_mark,88,,,107,True,1.0,-1.7,-1.0,评价,vocab_token:97817,97817,8a87e6e3f1867b77d6b1e41a3304949df1310120316964b73eb3391f0877cfb6,40,frozen_layer_40_no_rank_gate,42,14,raw_rank,CORRECT,CORRECT,CORRECT,CORRECT,True,True,CORRECT/INCORRECT,CORRECT,True,True,True,8.875186513567314,1.5124023020616733,-7.362784211505641,8.875186513567314,1.5124023020616733,-7.362784211505641,11.25,-28.875,False,no_flip,True,1.2814575619995594
41,calibration,other,psychology,5,paired_primary,True,2,neuronpedia_global,all_prompt_positions_and_generated_tokens,question_mark,88,,,107,True,1.0,-1.7,-1.0,评价,vocab_token:97817,97817,8a87e6e3f1867b77d6b1e41a3304949df1310120316964b73eb3391f0877cfb6,40,frozen_layer_40_no_rank_gate,11,2,raw_rank,CORRECT,CORRECT,INCORRECT,INCORRECT,True,True,CORRECT/INCORRECT,CORRECT,True,True,False,7.875129714705508,0.0052545588405337185,-7.869875155864975,7.875129714705508,0.0052545588405337185,-7.869875155864975,13.5625,-28.25,True,worsened,True,1.4376064836978912
41,calibration,self,psychology,5,paired_primary,True,3,neuronpedia_global,all_prompt_positions_and_generated_tokens,question_mark,88,,,107,True,1.0,-1.8,-1.0,评价,vocab_token:97817,97817,8a87e6e3f1867b77d6b1e41a3304949df1310120316964b73eb3391f0877cfb6,40,frozen_layer_40_no_rank_gate,42,14,raw_rank,CORRECT,CORRECT,CORRECT,CORRECT,True,True,CORRECT/INCORRECT,CORRECT,True,True,True,8.875186513567314,1.510317496053176,-7.364869017514138,8.875186513567314,1.510317496053176,-7.364869017514138,11.25,-28.875,False,no_flip,True,1.2905493956059217
41,calibration,other,psychology,5,paired_primary,True,4,neuronpedia_global,all_prompt_positions_and_generated_tokens,question_mark,88,,,107,True,1.0,-1.8,-1.0,评价,vocab_token:97817,97817,8a87e6e3f1867b77d6b1e41a3304949df1310120316964b73eb3391f0877cfb6,40,frozen_layer_40_no_rank_gate,11,2,raw_rank,CORRECT,CORRECT,INCORRECT,INCORRECT,True,True,CORRECT/INCORRECT,CORRECT,True,True,False,7.875129714705508,0.005469245079439133,-7.869660469626069,7.875129714705508,0.005469245079439133,-7.869660469626069,13.5625,-28.25,True,worsened,True,1.47355174459517
42,calibration,self,neuroscience,5,paired_primary,True,1,neuronpedia_global,all_prompt_positions_and_generated_tokens,question_mark,87,,,106,True,1.0,-1.7,-1.0,评价,vocab_token:97817,97817,8a87e6e3f1867b77d6b1e41a3304949df1310120316964b73eb3391f0877cfb6,40,frozen_layer_40_no_rank_gate,31,10,raw_rank,CORRECT,CORRECT,CORRECT,CORRECT,True,True,CORRECT/INCORRECT,CORRECT,True,True,True,9.625345819336872,1.1350389565195655,-8.490306862817306,9.625345819336872,1.1350389565195655,-8.490306862817306,11.875,-28.75,False,no_flip,True,1.2849909644573927
42,calibration,other,neuroscience,5,paired_primary,True,2,neuronpedia_global,all_prompt_positions_and_generated_tokens,question_mark,87,,,106,True,1.0,-1.7,-1.0,评价,vocab_token:97817,97817,8a87e6e3f1867b77d6b1e41a3304949df1310120316964b73eb3391f0877cfb6,40,frozen_layer_40_no_rank_gate,8,2,raw_rank,CORRECT,CORRECT,CORRECT,CORRECT,True,True,CORRECT/INCORRECT,CORRECT,True,True,True,10.000574450855652,0.3784038069425151,-9.622170643913137,10.000574450855652,0.3784038069425151,-9.622170643913137,14.4375,-28.125,False,no_flip,True,1.281900767236948
42,calibration,self,neuroscience,5,paired_primary,True,3,neuronpedia_global,all_prompt_positions_and_generated_tokens,question_mark,87,,,106,True,1.0,-1.8,-1.0,评价,vocab_token:97817,97817,8a87e6e3f1867b77d6b1e41a3304949df1310120316964b73eb3391f0877cfb6,40,frozen_layer_40_no_rank_gate,31,10,raw_rank,CORRECT,CORRECT,CORRECT,CORRECT,True,True,CORRECT/INCORRECT,CORRECT,True,True,True,9.625345819336872,1.1358856665247004,-8.489460152812171,9.625345819336872,1.1358856665247004,-8.489460152812171,11.875,-28.75,False,no_flip,True,1.2803600449115038
42,calibration,other,neuroscience,5,paired_primary,True,4,neuronpedia_global,all_prompt_positions_and_generated_tokens,question_mark,87,,,106,True,1.0,-1.8,-1.0,评价,vocab_token:97817,97817,8a87e6e3f1867b77d6b1e41a3304949df1310120316964b73eb3391f0877cfb6,40,frozen_layer_40_no_rank_gate,8,2,raw_rank,CORRECT,CORRECT,CORRECT,CORRECT,True,True,CORRECT/INCORRECT,CORRECT,True,True,True,10.000574450855652,0.25341341146850027,-9.747161039387152,10.000574450855652,0.25341341146850027,-9.747161039387152,14.4375,-28.125,False,no_flip,True,1.2885416876524687
43,calibration,self,neuroscience,5,paired_primary,True,1,neuronpedia_global,all_prompt_positions_and_generated_tokens,question_mark,80,,,99,True,1.0,-1.7,-1.0,评价,vocab_token:97817,97817,8a87e6e3f1867b77d6b1e41a3304949df1310120316964b73eb3391f0877cfb6,40,frozen_layer_40_no_rank_gate,17,6,raw_rank,CORRECT,CORRECT,CORRECT,CORRECT,True,True,CORRECT/INCORRECT,INCORRECT,False,False,False,8.375151698004174,1.8237134616501862,-6.551438236353988,-8.375151698004174,-1.8237134616501862,6.551438236353988,12.3125,-28.75,False,no_flip,True,1.2886717449873686
43,calibration,other,neuroscience,5,paired_primary,True,2,neuronpedia_global,all_prompt_positions_and_generated_tokens,question_mark,80,,,99,True,1.0,-1.7,-1.0,评价,vocab_token:97817,97817,8a87e6e3f1867b77d6b1e41a3304949df1310120316964b73eb3391f0877cfb6,40,frozen_layer_40_no_rank_gate,9,2,raw_rank,CORRECT,CORRECT,CORRECT,CORRECT,True,True,CORRECT/INCORRECT,INCORRECT,False,False,False,9.251144603382727,0.8452012435882352,-8.405943359794492,-9.251144603382727,-0.8452012435882352,8.405943359794492,13.875,-28.375,False,no_flip,True,1.2920732032507658
43,calibration,self,neuroscience,5,paired_primary,True,3,neuronpedia_global,all_prompt_positions_and_generated_tokens,question_mark,80,,,99,True,1.0,-1.8,-1.0,评价,vocab_token:97817,97817,8a87e6e3f1867b77d6b1e41a3304949df1310120316964b73eb3391f0877cfb6,40,frozen_layer_40_no_rank_gate,17,6,raw_rank,CORRECT,CORRECT,CORRECT,CORRECT,True,True,CORRECT/INCORRECT,INCORRECT,False,False,False,8.375151698004174,1.8329539275873685,-6.542197770416806,-8.375151698004174,-1.8329539275873685,6.542197770416806,12.3125,-28.75,False,no_flip,True,1.2901100907474756
43,calibration,other,neuroscience,5,paired_primary,True,4,neuronpedia_global,all_prompt_positions_and_generated_tokens,question_mark,80,,,99,True,1.0,-1.8,-1.0,评价,vocab_token:97817,97817,8a87e6e3f1867b77d6b1e41a3304949df1310120316964b73eb3391f0877cfb6,40,frozen_layer_40_no_rank_gate,9,2,raw_rank,CORRECT,CORRECT,CORRECT,CORRECT,True,True,CORRECT/INCORRECT,INCORRECT,False,False,False,9.251144603382727,0.8597808912745677,-8.39136371210816,-9.251144603382727,-0.8597808912745677,8.39136371210816,13.875,-28.375,False,no_flip,True,1.2905392870306969
44,calibration,self,statistics,5,paired_primary,True,1,neuronpedia_global,all_prompt_positions_and_generated_tokens,question_mark,82,,,101,True,1.0,-1.7,-1.0,评价,vocab_token:97817,97817,8a87e6e3f1867b77d6b1e41a3304949df1310120316964b73eb3391f0877cfb6,40,frozen_layer_40_no_rank_gate,16,5,raw_rank,CORRECT,CORRECT,CORRECT,CORRECT,True,True,CORRECT/INCORRECT,CORRECT,True,True,True,5.1253550861367785,0.4241514034656575,-4.701203682671121,5.1253550861367785,0.4241514034656575,-4.701203682671121,12.4375,-28.625,False,no_flip,True,1.2899279240518808
44,calibration,other,statistics,5,paired_primary,True,2,neuronpedia_global,all_prompt_positions_and_generated_tokens,question_mark,82,,,101,True,1.0,-1.7,-1.0,评价,vocab_token:97817,97817,8a87e6e3f1867b77d6b1e41a3304949df1310120316964b73eb3391f0877cfb6,40,frozen_layer_40_no_rank_gate,9,2,raw_rank,CORRECT,CORRECT,CORRECT,CORRECT,True,True,CORRECT/INCORRECT,CORRECT,True,True,True,6.625692646559855,0.707082076871302,-5.918610569688553,6.625692646559855,0.707082076871302,-5.918610569688553,14.125,-28.125,False,no_flip,True,1.2920964006334543
44,calibration,self,statistics,5,paired_primary,True,3,neuronpedia_global,all_prompt_positions_and_generated_tokens,question_mark,82,,,101,True,1.0,-1.8,-1.0,评价,vocab_token:97817,97817,8a87e6e3f1867b77d6b1e41a3304949df1310120316964b73eb3391f0877cfb6,40,frozen_layer_40_no_rank_gate,16,5,raw_rank,CORRECT,CORRECT,CORRECT,CORRECT,True,True,CORRECT/INCORRECT,CORRECT,True,True,True,5.1253550861367785,0.45255707381875254,-4.672798012318026,5.1253550861367785,0.45255707381875254,-4.672798012318026,12.4375,-28.625,False,no_flip,True,1.2874170988798141
44,calibration,other,statistics,5,paired_primary,True,4,neuronpedia_global,all_prompt_positions_and_generated_tokens,question_mark,82,,,101,True,1.0,-1.8,-1.0,评价,vocab_token:97817,97817,8a87e6e3f1867b77d6b1e41a3304949df1310120316964b73eb3391f0877cfb6,40,frozen_layer_40_no_rank_gate,9,2,raw_rank,CORRECT,CORRECT,CORRECT,CORRECT,True,True,CORRECT/INCORRECT,CORRECT,True,True,True,6.625692646559855,0.7551440961833578,-5.870548550376498,6.625692646559855,0.7551440961833578,-5.870548550376498,14.125,-28.125,False,no_flip,True,1.2935129757970572
45,calibration,self,developmental,5,paired_primary,True,1,neuronpedia_global,all_prompt_positions_and_generated_tokens,question_mark,85,,,104,True,1.0,-1.7,-1.0,评价,vocab_token:97817,97817,8a87e6e3f1867b77d6b1e41a3304949df1310120316964b73eb3391f0877cfb6,40,frozen_layer_40_no_rank_gate,15,5,raw_rank,CORRECT,CORRECT,CORRECT,CORRECT,True,True,CORRECT/INCORRECT,CORRECT,True,True,True,4.250014953194295,0.6215162861335557,-3.6284986670607395,4.250014953194295,0.6215162861335557,-3.6284986670607395,12.4375,-28.875,False,no_flip,True,1.3381498884409666
45,calibration,other,developmental,5,paired_primary,True,2,neuronpedia_global,all_prompt_positions_and_generated_tokens,question_mark,85,,,104,True,1.0,-1.7,-1.0,评价,vocab_token:97817,97817,8a87e6e3f1867b77d6b1e41a3304949df1310120316964b73eb3391f0877cfb6,40,frozen_layer_40_no_rank_gate,9,2,raw_rank,CORRECT,CORRECT,INCORRECT,INCORRECT,True,True,CORRECT/INCORRECT,CORRECT,True,True,False,6.6257364334851445,-0.6689792635734193,-7.294715697058564,6.6257364334851445,-0.6689792635734193,-7.294715697058564,13.8125,-28.375,True,worsened,True,1.50580033659935
45,calibration,self,developmental,5,paired_primary,True,3,neuronpedia_global,all_prompt_positions_and_generated_tokens,question_mark,85,,,104,True,1.0,-1.8,-1.0,评价,vocab_token:97817,97817,8a87e6e3f1867b77d6b1e41a3304949df1310120316964b73eb3391f0877cfb6,40,frozen_layer_40_no_rank_gate,15,5,raw_rank,CORRECT,CORRECT,CORRECT,CORRECT,True,True,CORRECT/INCORRECT,CORRECT,True,True,True,4.250014953194295,0.6898947336303536,-3.5601202195639416,4.250014953194295,0.6898947336303536,-3.5601202195639416,12.4375,-28.75,False,no_flip,True,1.333458136767149
45,calibration,other,developmental,5,paired_primary,True,4,neuronpedia_global,all_prompt_positions_and_generated_tokens,question_mark,85,,,104,True,1.0,-1.8,-1.0,评价,vocab_token:97817,97817,8a87e6e3f1867b77d6b1e41a3304949df1310120316964b73eb3391f0877cfb6,40,frozen_layer_40_no_rank_gate,9,2,raw_rank,CORRECT,CORRECT,INCORRECT,INCORRECT,True,True,CORRECT/INCORRECT,CORRECT,True,True,False,6.6257364334851445,-0.5332629841868766,-7.158999417672021,6.6257364334851445,-0.5332629841868766,-7.158999417672021,13.8125,-28.375,True,worsened,True,1.4387457612901926
46,calibration,self,statistics,5,paired_primary,True,1,neuronpedia_global,all_prompt_positions_and_generated_tokens,question_mark,80,,,99,True,1.0,-1.7,-1.0,评价,vocab_token:97817,97817,8a87e6e3f1867b77d6b1e41a3304949df1310120316964b73eb3391f0877cfb6,40,frozen_layer_40_no_rank_gate,13,4,raw_rank,CORRECT,CORRECT,CORRECT,CORRECT,True,True,CORRECT/INCORRECT,CORRECT,True,True,True,10.875069811980438,0.8833842293097405,-9.991685582670698,10.875069811980438,0.8833842293097405,-9.991685582670698,13.0,-28.5,False,no_flip,True,1.2912477292120457
46,calibration,other,statistics,5,paired_primary,True,2,neuronpedia_global,all_prompt_positions_and_generated_tokens,question_mark,80,,,99,True,1.0,-1.7,-1.0,评价,vocab_token:97817,97817,8a87e6e3f1867b77d6b1e41a3304949df1310120316964b73eb3391f0877cfb6,40,frozen_layer_40_no_rank_gate,10,2,raw_rank,CORRECT,CORRECT,CORRECT,CORRECT,True,True,CORRECT/INCORRECT,CORRECT,True,True,True,9.626398379808052,1.00779390061507,-8.618604479192982,9.626398379808052,1.00779390061507,-8.618604479192982,14.25,-28.25,False,no_flip,True,1.2882340718060732
46,calibration,self,statistics,5,paired_primary,True,3,neuronpedia_global,all_prompt_positions_and_generated_tokens,question_mark,80,,,99,True,1.0,-1.8,-1.0,评价,vocab_token:97817,97817,8a87e6e3f1867b77d6b1e41a3304949df1310120316964b73eb3391f0877cfb6,40,frozen_layer_40_no_rank_gate,13,4,raw_rank,CORRECT,CORRECT,CORRECT,CORRECT,True,True,CORRECT/INCORRECT,CORRECT,True,True,True,10.875069811980438,0.8838202936167363,-9.991249518363702,10.875069811980438,0.8838202936167363,-9.991249518363702,13.0,-28.5,False,no_flip,True,1.28409955650568
46,calibration,other,statistics,5,paired_primary,True,4,neuronpedia_global,all_prompt_positions_and_generated_tokens,question_mark,80,,,99,True,1.0,-1.8,-1.0,评价,vocab_token:97817,97817,8a87e6e3f1867b77d6b1e41a3304949df1310120316964b73eb3391f0877cfb6,40,frozen_layer_40_no_rank_gate,10,2,raw_rank,CORRECT,CORRECT,CORRECT,CORRECT,True,True,CORRECT/INCORRECT,CORRECT,True,True,True,9.626398379808052,1.1314666247053538,-8.494931755102698,9.626398379808052,1.1314666247053538,-8.494931755102698,14.25,-28.25,False,no_flip,True,1.2989826668053865
47,calibration,self,psychophysics,5,paired_primary,True,1,neuronpedia_global,all_prompt_positions_and_generated_tokens,question_mark,79,,,98,True,1.0,-1.7,-1.0,评价,vocab_token:97817,97817,8a87e6e3f1867b77d6b1e41a3304949df1310120316964b73eb3391f0877cfb6,40,frozen_layer_40_no_rank_gate,23,6,raw_rank,CORRECT,CORRECT,CORRECT,CORRECT,True,True,CORRECT/INCORRECT,CORRECT,True,True,True,11.625159153773211,2.503236160504457,-9.121922993268754,11.625159153773211,2.503236160504457,-9.121922993268754,12.25,-28.625,False,no_flip,True,1.3413405232131481
47,calibration,other,psychophysics,5,paired_primary,True,2,neuronpedia_global,all_prompt_positions_and_generated_tokens,question_mark,79,,,98,True,1.0,-1.7,-1.0,评价,vocab_token:97817,97817,8a87e6e3f1867b77d6b1e41a3304949df1310120316964b73eb3391f0877cfb6,40,frozen_layer_40_no_rank_gate,10,3,raw_rank,CORRECT,CORRECT,CORRECT,CORRECT,True,True,CORRECT/INCORRECT,CORRECT,True,True,True,11.376344626944729,1.6281505159568042,-9.748194110987924,11.376344626944729,1.6281505159568042,-9.748194110987924,13.875,-28.25,False,no_flip,True,1.3495489191263914
47,calibration,self,psychophysics,5,paired_primary,True,3,neuronpedia_global,all_prompt_positions_and_generated_tokens,question_mark,79,,,98,True,1.0,-1.8,-1.0,评价,vocab_token:97817,97817,8a87e6e3f1867b77d6b1e41a3304949df1310120316964b73eb3391f0877cfb6,40,frozen_layer_40_no_rank_gate,23,6,raw_rank,CORRECT,CORRECT,CORRECT,CORRECT,True,True,CORRECT/INCORRECT,CORRECT,True,True,True,11.625159153773211,2.503337880189065,-9.121821273584146,11.625159153773211,2.503337880189065,-9.121821273584146,12.25,-28.625,False,no_flip,True,1.3119500316679478
47,calibration,other,psychophysics,5,paired_primary,True,4,neuronpedia_global,all_prompt_positions_and_generated_tokens,question_mark,79,,,98,True,1.0,-1.8,-1.0,评价,vocab_token:97817,97817,8a87e6e3f1867b77d6b1e41a3304949df1310120316964b73eb3391f0877cfb6,40,frozen_layer_40_no_rank_gate,10,3,raw_rank,CORRECT,CORRECT,CORRECT,CORRECT,True,True,CORRECT/INCORRECT,CORRECT,True,True,True,11.376344626944729,1.753506367749651,-9.622838259195078,11.376344626944729,1.753506367749651,-9.622838259195078,13.875,-28.125,False,no_flip,True,1.313535526394844
48,calibration,self,psychophysics,5,paired_primary,True,1,neuronpedia_global,all_prompt_positions_and_generated_tokens,question_mark,97,,,116,True,1.0,-1.7,-1.0,评价,vocab_token:97817,97817,8a87e6e3f1867b77d6b1e41a3304949df1310120316964b73eb3391f0877cfb6,40,frozen_layer_40_no_rank_gate,14,5,raw_rank,CORRECT,CORRECT,CORRECT,CORRECT,True,True,CORRECT/INCORRECT,CORRECT,True,True,True,6.250358841554998,1.0095430181536358,-5.240815823401363,6.250358841554998,1.0095430181536358,-5.240815823401363,12.8125,-28.5,False,no_flip,True,1.321757210418582
48,calibration,other,psychophysics,5,paired_primary,True,2,neuronpedia_global,all_prompt_positions_and_generated_tokens,question_mark,97,,,116,True,1.0,-1.7,-1.0,评价,vocab_token:97817,97817,8a87e6e3f1867b77d6b1e41a3304949df1310120316964b73eb3391f0877cfb6,40,frozen_layer_40_no_rank_gate,4,1,raw_rank,CORRECT,CORRECT,CORRECT,CORRECT,True,True,CORRECT/INCORRECT,CORRECT,True,True,True,7.7503408797733755,0.3801834278856404,-7.370157451887735,7.7503408797733755,0.3801834278856404,-7.370157451887735,14.375,-28.0,False,no_flip,True,1.3199624586850405
48,calibration,self,psychophysics,5,paired_primary,True,3,neuronpedia_global,all_prompt_positions_and_generated_tokens,question_mark,97,,,116,True,1.0,-1.8,-1.0,评价,vocab_token:97817,97817,8a87e6e3f1867b77d6b1e41a3304949df1310120316964b73eb3391f0877cfb6,40,frozen_layer_40_no_rank_gate,14,5,raw_rank,CORRECT,CORRECT,CORRECT,CORRECT,True,True,CORRECT/INCORRECT,CORRECT,True,True,True,6.250358841554998,1.134475701037445,-5.115883140517553,6.250358841554998,1.134475701037445,-5.115883140517553,12.8125,-28.5,False,no_flip,True,1.4562650565057993
48,calibration,other,psychophysics,5,paired_primary,True,4,neuronpedia_global,all_prompt_positions_and_generated_tokens,question_mark,97,,,116,True,1.0,-1.8,-1.0,评价,vocab_token:97817,97817,8a87e6e3f1867b77d6b1e41a3304949df1310120316964b73eb3391f0877cfb6,40,frozen_layer_40_no_rank_gate,4,1,raw_rank,CORRECT,CORRECT,CORRECT,CORRECT,True,True,CORRECT/INCORRECT,CORRECT,True,True,True,7.7503408797733755,0.37982145420392044,-7.370519425569455,7.7503408797733755,0.37982145420392044,-7.370519425569455,14.375,-28.125,False,no_flip,True,1.4814373329281807
49,calibration,self,neuroscience,5,paired_primary,True,1,neuronpedia_global,all_prompt_positions_and_generated_tokens,question_mark,81,,,100,True,1.0,-1.7,-1.0,评价,vocab_token:97817,97817,8a87e6e3f1867b77d6b1e41a3304949df1310120316964b73eb3391f0877cfb6,40,frozen_layer_40_no_rank_gate,26,8,raw_rank,CORRECT,CORRECT,CORRECT,CORRECT,True,True,CORRECT/INCORRECT,CORRECT,True,True,True,8.125567155098338,2.6002987876345287,-5.525268367463809,8.125567155098338,2.6002987876345287,-5.525268367463809,12.1875,-28.625,False,no_flip,True,1.2985338009893894
49,calibration,other,neuroscience,5,paired_primary,True,2,neuronpedia_global,all_prompt_positions_and_generated_tokens,question_mark,81,,,100,True,1.0,-1.7,-1.0,评价,vocab_token:97817,97817,8a87e6e3f1867b77d6b1e41a3304949df1310120316964b73eb3391f0877cfb6,40,frozen_layer_40_no_rank_gate,9,2,raw_rank,CORRECT,CORRECT,CORRECT,CORRECT,True,True,CORRECT/INCORRECT,CORRECT,True,True,True,8.876896744629903,0.8945489239267772,-7.982347820703126,8.876896744629903,0.8945489239267772,-7.982347820703126,13.75,-28.375,False,no_flip,True,1.3852423392236233
49,calibration,self,neuroscience,5,paired_primary,True,3,neuronpedia_global,all_prompt_positions_and_generated_tokens,question_mark,81,,,100,True,1.0,-1.8,-1.0,评价,vocab_token:97817,97817,8a87e6e3f1867b77d6b1e41a3304949df1310120316964b73eb3391f0877cfb6,40,frozen_layer_40_no_rank_gate,26,8,raw_rank,CORRECT,CORRECT,CORRECT,CORRECT,True,True,CORRECT/INCORRECT,CORRECT,True,True,True,8.125567155098338,2.6209067732997937,-5.504660381798544,8.125567155098338,2.6209067732997937,-5.504660381798544,12.1875,-28.625,False,no_flip,True,1.3496458269655704
49,calibration,other,neuroscience,5,paired_primary,True,4,neuronpedia_global,all_prompt_positions_and_generated_tokens,question_mark,81,,,100,True,1.0,-1.8,-1.0,评价,vocab_token:97817,97817,8a87e6e3f1867b77d6b1e41a3304949df1310120316964b73eb3391f0877cfb6,40,frozen_layer_40_no_rank_gate,9,2,raw_rank,CORRECT,CORRECT,CORRECT,CORRECT,True,True,CORRECT/INCORRECT,CORRECT,True,True,True,8.876896744629903,0.892893334836117,-7.984003409793786,8.876896744629903,0.892893334836117,-7.984003409793786,13.75,-28.375,False,no_flip,True,1.300280086696148
50,calibration,self,psychology,5,paired_primary,True,1,neuronpedia_global,all_prompt_positions_and_generated_tokens,question_mark,87,,,106,True,1.0,-1.7,-1.0,评价,vocab_token:97817,97817,8a87e6e3f1867b77d6b1e41a3304949df1310120316964b73eb3391f0877cfb6,40,frozen_layer_40_no_rank_gate,15,6,raw_rank,CORRECT,CORRECT,CORRECT,CORRECT,True,True,CORRECT/INCORRECT,CORRECT,True,True,True,4.375063454910105,1.3012357316474663,-3.0738277232626388,4.375063454910105,1.3012357316474663,-3.0738277232626388,12.625,-28.625,False,no_flip,True,1.2805646918714046
50,calibration,other,psychology,5,paired_primary,True,2,neuronpedia_global,all_prompt_positions_and_generated_tokens,question_mark,87,,,106,True,1.0,-1.7,-1.0,评价,vocab_token:97817,97817,8a87e6e3f1867b77d6b1e41a3304949df1310120316964b73eb3391f0877cfb6,40,frozen_layer_40_no_rank_gate,10,2,raw_rank,CORRECT,CORRECT,CORRECT,CORRECT,True,True,CORRECT/INCORRECT,CORRECT,True,True,True,6.001403741977356,0.6316948200110346,-5.369708921966321,6.001403741977356,0.6316948200110346,-5.369708921966321,13.5625,-28.375,False,no_flip,True,1.2877770960330963
50,calibration,self,psychology,5,paired_primary,True,3,neuronpedia_global,all_prompt_positions_and_generated_tokens,question_mark,87,,,106,True,1.0,-1.8,-1.0,评价,vocab_token:97817,97817,8a87e6e3f1867b77d6b1e41a3304949df1310120316964b73eb3391f0877cfb6,40,frozen_layer_40_no_rank_gate,15,6,raw_rank,CORRECT,CORRECT,CORRECT,CORRECT,True,True,CORRECT/INCORRECT,CORRECT,True,True,True,4.375063454910105,1.169417650642572,-3.205645804267533,4.375063454910105,1.169417650642572,-3.205645804267533,12.625,-28.625,False,no_flip,True,1.2786194514483213
50,calibration,other,psychology,5,paired_primary,True,4,neuronpedia_global,all_prompt_positions_and_generated_tokens,question_mark,87,,,106,True,1.0,-1.8,-1.0,评价,vocab_token:97817,97817,8a87e6e3f1867b77d6b1e41a3304949df1310120316964b73eb3391f0877cfb6,40,frozen_layer_40_no_rank_gate,10,2,raw_rank,CORRECT,CORRECT,CORRECT,CORRECT,True,True,CORRECT/INCORRECT,CORRECT,True,True,True,6.001403741977356,0.5072383015940432,-5.494165440383313,6.001403741977356,0.5072383015940432,-5.494165440383313,13.5625,-28.375,False,no_flip,True,1.2853348515927792
51,calibration,self,psychophysics,5,paired_primary,True,1,neuronpedia_global,all_prompt_positions_and_generated_tokens,question_mark,80,,,99,True,1.0,-1.7,-1.0,评价,vocab_token:97817,97817,8a87e6e3f1867b77d6b1e41a3304949df1310120316964b73eb3391f0877cfb6,40,frozen_layer_40_no_rank_gate,22,9,raw_rank,CORRECT,CORRECT,CORRECT,CORRECT,True,True,CORRECT/INCORRECT,CORRECT,True,True,True,7.751434753484318,1.412665363663109,-6.338769389821209,7.751434753484318,1.412665363663109,-6.338769389821209,12.0,-28.625,False,no_flip,True,1.2926903646439314
51,calibration,other,psychophysics,5,paired_primary,True,2,neuronpedia_global,all_prompt_positions_and_generated_tokens,question_mark,80,,,99,True,1.0,-1.7,-1.0,评价,vocab_token:97817,97817,8a87e6e3f1867b77d6b1e41a3304949df1310120316964b73eb3391f0877cfb6,40,frozen_layer_40_no_rank_gate,9,2,raw_rank,CORRECT,CORRECT,CORRECT,CORRECT,True,True,CORRECT/INCORRECT,CORRECT,True,True,True,10.75097599748824,0.8788643623993266,-9.872111635088913,10.75097599748824,0.8788643623993266,-9.872111635088913,13.625,-28.375,False,no_flip,True,1.3001343458890915
51,calibration,self,psychophysics,5,paired_primary,True,3,neuronpedia_global,all_prompt_positions_and_generated_tokens,question_mark,80,,,99,True,1.0,-1.8,-1.0,评价,vocab_token:97817,97817,8a87e6e3f1867b77d6b1e41a3304949df1310120316964b73eb3391f0877cfb6,40,frozen_layer_40_no_rank_gate,22,9,raw_rank,CORRECT,CORRECT,CORRECT,CORRECT,True,True,CORRECT/INCORRECT,CORRECT,True,True,True,7.751434753484318,1.413583332207054,-6.337851421277264,7.751434753484318,1.413583332207054,-6.337851421277264,12.0,-28.625,False,no_flip,True,1.2960525397211313
51,calibration,other,psychophysics,5,paired_primary,True,4,neuronpedia_global,all_prompt_positions_and_generated_tokens,question_mark,80,,,99,True,1.0,-1.8,-1.0,评价,vocab_token:97817,97817,8a87e6e3f1867b77d6b1e41a3304949df1310120316964b73eb3391f0877cfb6,40,frozen_layer_40_no_rank_gate,9,2,raw_rank,CORRECT,CORRECT,CORRECT,CORRECT,True,True,CORRECT/INCORRECT,CORRECT,True,True,True,10.75097599748824,1.0042568603239488,-9.746719137164291,10.75097599748824,1.0042568603239488,-9.746719137164291,13.625,-28.25,False,no_flip,True,1.2880021557211876
52,calibration,self,philosophy,5,paired_primary,True,1,neuronpedia_global,all_prompt_positions_and_generated_tokens,question_mark,81,,,100,True,1.0,-1.7,-1.0,评价,vocab_token:97817,97817,8a87e6e3f1867b77d6b1e41a3304949df1310120316964b73eb3391f0877cfb6,40,frozen_layer_40_no_rank_gate,46,13,raw_rank,CORRECT,CORRECT,CORRECT,CORRECT,True,True,CORRECT/INCORRECT,CORRECT,True,True,True,11.375044955195563,1.7533152208052343,-9.621729734390328,11.375044955195563,1.7533152208052343,-9.621729734390328,11.4375,-28.625,False,no_flip,True,1.3603972140699625
52,calibration,other,philosophy,5,paired_primary,True,2,neuronpedia_global,all_prompt_positions_and_generated_tokens,question_mark,81,,,100,True,1.0,-1.7,-1.0,评价,vocab_token:97817,97817,8a87e6e3f1867b77d6b1e41a3304949df1310120316964b73eb3391f0877cfb6,40,frozen_layer_40_no_rank_gate,9,2,raw_rank,CORRECT,CORRECT,CORRECT,CORRECT,True,True,CORRECT/INCORRECT,CORRECT,True,True,True,11.375639516205638,1.3796193255548133,-9.996020190650825,11.375639516205638,1.3796193255548133,-9.996020190650825,13.75,-28.125,False,no_flip,True,1.3462874926626682
52,calibration,self,philosophy,5,paired_primary,True,3,neuronpedia_global,all_prompt_positions_and_generated_tokens,question_mark,81,,,100,True,1.0,-1.8,-1.0,评价,vocab_token:97817,97817,8a87e6e3f1867b77d6b1e41a3304949df1310120316964b73eb3391f0877cfb6,40,frozen_layer_40_no_rank_gate,46,13,raw_rank,CORRECT,CORRECT,CORRECT,CORRECT,True,True,CORRECT/INCORRECT,CORRECT,True,True,True,11.375044955195563,1.8786058159457752,-9.496439139249787,11.375044955195563,1.8786058159457752,-9.496439139249787,11.4375,-28.625,False,no_flip,True,1.3900287318974733
52,calibration,other,philosophy,5,paired_primary,True,4,neuronpedia_global,all_prompt_positions_and_generated_tokens,question_mark,81,,,100,True,1.0,-1.8,-1.0,评价,vocab_token:97817,97817,8a87e6e3f1867b77d6b1e41a3304949df1310120316964b73eb3391f0877cfb6,40,frozen_layer_40_no_rank_gate,9,2,raw_rank,CORRECT,CORRECT,CORRECT,CORRECT,True,True,CORRECT/INCORRECT,CORRECT,True,True,True,11.375639516205638,1.3792276359454263,-9.996411880260212,11.375639516205638,1.3792276359454263,-9.996411880260212,13.75,-28.125,False,no_flip,True,1.4638834483921528
53,calibration,self,psychometrics,5,paired_primary,True,1,neuronpedia_global,all_prompt_positions_and_generated_tokens,question_mark,79,,,98,True,1.0,-1.7,-1.0,评价,vocab_token:97817,97817,8a87e6e3f1867b77d6b1e41a3304949df1310120316964b73eb3391f0877cfb6,40,frozen_layer_40_no_rank_gate,31,11,raw_rank,CORRECT,CORRECT,CORRECT,CORRECT,True,True,CORRECT/INCORRECT,CORRECT,True,True,True,8.50008092629173,2.85787750959571,-5.64220341669602,8.50008092629173,2.85787750959571,-5.64220341669602,12.1875,-28.625,False,no_flip,True,1.2866878602653742
53,calibration,other,psychometrics,5,paired_primary,True,2,neuronpedia_global,all_prompt_positions_and_generated_tokens,question_mark,79,,,98,True,1.0,-1.7,-1.0,评价,vocab_token:97817,97817,8a87e6e3f1867b77d6b1e41a3304949df1310120316964b73eb3391f0877cfb6,40,frozen_layer_40_no_rank_gate,11,3,raw_rank,CORRECT,CORRECT,CORRECT,CORRECT,True,True,CORRECT/INCORRECT,CORRECT,True,True,True,9.62521005130236,0.8652120214537717,-8.759998029848589,9.62521005130236,0.8652120214537717,-8.759998029848589,13.8125,-28.25,False,no_flip,True,1.2904088888317347
53,calibration,self,psychometrics,5,paired_primary,True,3,neuronpedia_global,all_prompt_positions_and_generated_tokens,question_mark,79,,,98,True,1.0,-1.8,-1.0,评价,vocab_token:97817,97817,8a87e6e3f1867b77d6b1e41a3304949df1310120316964b73eb3391f0877cfb6,40,frozen_layer_40_no_rank_gate,31,11,raw_rank,CORRECT,CORRECT,CORRECT,CORRECT,True,True,CORRECT/INCORRECT,CORRECT,True,True,True,8.50008092629173,2.835240141110262,-5.664840785181468,8.50008092629173,2.835240141110262,-5.664840785181468,12.1875,-28.625,False,no_flip,True,1.290158098563552
53,calibration,other,psychometrics,5,paired_primary,True,4,neuronpedia_global,all_prompt_positions_and_generated_tokens,question_mark,79,,,98,True,1.0,-1.8,-1.0,评价,vocab_token:97817,97817,8a87e6e3f1867b77d6b1e41a3304949df1310120316964b73eb3391f0877cfb6,40,frozen_layer_40_no_rank_gate,11,3,raw_rank,CORRECT,CORRECT,CORRECT,CORRECT,True,True,CORRECT/INCORRECT,CORRECT,True,True,True,9.62521005130236,0.7411869876668788,-8.884023063635482,9.62521005130236,0.7411869876668788,-8.884023063635482,13.8125,-28.25,False,no_flip,True,1.2835459299385548
54,calibration,self,psychophysics,5,paired_primary,True,1,neuronpedia_global,all_prompt_positions_and_generated_tokens,question_mark,83,,,102,True,1.0,-1.7,-1.0,评价,vocab_token:97817,97817,8a87e6e3f1867b77d6b1e41a3304949df1310120316964b73eb3391f0877cfb6,40,frozen_layer_40_no_rank_gate,53,17,raw_rank,CORRECT,CORRECT,CORRECT,CORRECT,True,True,CORRECT/INCORRECT,CORRECT,True,True,True,8.500451327717315,1.1218644265463809,-7.378586901170934,8.500451327717315,1.1218644265463809,-7.378586901170934,11.0625,-28.625,False,no_flip,True,1.303199376910925
54,calibration,other,psychophysics,5,paired_primary,True,2,neuronpedia_global,all_prompt_positions_and_generated_tokens,question_mark,83,,,102,True,1.0,-1.7,-1.0,评价,vocab_token:97817,97817,8a87e6e3f1867b77d6b1e41a3304949df1310120316964b73eb3391f0877cfb6,40,frozen_layer_40_no_rank_gate,13,3,raw_rank,CORRECT,CORRECT,CORRECT,CORRECT,True,True,CORRECT/INCORRECT,CORRECT,True,True,True,10.252160659700849,3.065228038409259,-7.186932621291589,10.252160659700849,3.065228038409259,-7.186932621291589,13.125,-28.25,False,no_flip,True,1.2740783300250769
54,calibration,self,psychophysics,5,paired_primary,True,3,neuronpedia_global,all_prompt_positions_and_generated_tokens,question_mark,83,,,102,True,1.0,-1.8,-1.0,评价,vocab_token:97817,97817,8a87e6e3f1867b77d6b1e41a3304949df1310120316964b73eb3391f0877cfb6,40,frozen_layer_40_no_rank_gate,53,17,raw_rank,CORRECT,CORRECT,CORRECT,CORRECT,True,True,CORRECT/INCORRECT,CORRECT,True,True,True,8.500451327717315,1.077993571801926,-7.422457755915389,8.500451327717315,1.077993571801926,-7.422457755915389,11.0625,-28.625,False,no_flip,True,1.409303979948163
54,calibration,other,psychophysics,5,paired_primary,True,4,neuronpedia_global,all_prompt_positions_and_generated_tokens,question_mark,83,,,102,True,1.0,-1.8,-1.0,评价,vocab_token:97817,97817,8a87e6e3f1867b77d6b1e41a3304949df1310120316964b73eb3391f0877cfb6,40,frozen_layer_40_no_rank_gate,13,3,raw_rank,CORRECT,CORRECT,"INCORNT

",,True,False,CORRECT/INCORRECT,CORRECT,True,True,False,10.252160659700849,2.822478417234379,-7.42968224246647,10.252160659700849,2.822478417234379,-7.42968224246647,13.125,-28.25,False,no_flip,True,1.453997490927577
55,calibration,self,neuroscience,5,paired_primary,True,1,neuronpedia_global,all_prompt_positions_and_generated_tokens,question_mark,83,,,102,True,1.0,-1.7,-1.0,评价,vocab_token:97817,97817,8a87e6e3f1867b77d6b1e41a3304949df1310120316964b73eb3391f0877cfb6,40,frozen_layer_40_no_rank_gate,27,8,raw_rank,CORRECT,CORRECT,CORRECT,CORRECT,True,True,CORRECT/INCORRECT,CORRECT,True,True,True,8.500458278497263,1.5019952041911893,-6.998463074306073,8.500458278497263,1.5019952041911893,-6.998463074306073,11.9375,-28.75,False,no_flip,True,1.2771685663610697
55,calibration,other,neuroscience,5,paired_primary,True,2,neuronpedia_global,all_prompt_positions_and_generated_tokens,question_mark,83,,,102,True,1.0,-1.7,-1.0,评价,vocab_token:97817,97817,8a87e6e3f1867b77d6b1e41a3304949df1310120316964b73eb3391f0877cfb6,40,frozen_layer_40_no_rank_gate,10,2,raw_rank,CORRECT,CORRECT,CORRECT,CORRECT,True,True,CORRECT/INCORRECT,CORRECT,True,True,True,9.500684037519477,1.0030874982476234,-8.497596539271854,9.500684037519477,1.0030874982476234,-8.497596539271854,13.9375,-28.125,False,no_flip,True,1.3101784512400627
55,calibration,self,neuroscience,5,paired_primary,True,3,neuronpedia_global,all_prompt_positions_and_generated_tokens,question_mark,83,,,102,True,1.0,-1.8,-1.0,评价,vocab_token:97817,97817,8a87e6e3f1867b77d6b1e41a3304949df1310120316964b73eb3391f0877cfb6,40,frozen_layer_40_no_rank_gate,27,8,raw_rank,CORRECT,CORRECT,CORRECT,CORRECT,True,True,CORRECT/INCORRECT,CORRECT,True,True,True,8.500458278497263,1.5022155269834911,-6.9982427515137715,8.500458278497263,1.5022155269834911,-6.9982427515137715,11.9375,-28.75,False,no_flip,True,1.3661951012909412
55,calibration,other,neuroscience,5,paired_primary,True,4,neuronpedia_global,all_prompt_positions_and_generated_tokens,question_mark,83,,,102,True,1.0,-1.8,-1.0,评价,vocab_token:97817,97817,8a87e6e3f1867b77d6b1e41a3304949df1310120316964b73eb3391f0877cfb6,40,frozen_layer_40_no_rank_gate,10,2,raw_rank,CORRECT,CORRECT,CORRECT,CORRECT,True,True,CORRECT/INCORRECT,CORRECT,True,True,True,9.500684037519477,1.0033624969073571,-8.49732154061212,9.500684037519477,1.0033624969073571,-8.49732154061212,13.9375,-28.125,False,no_flip,True,1.2800614088773727
56,calibration,self,psychology,6,paired_primary,True,1,neuronpedia_global,all_prompt_positions_and_generated_tokens,question_mark,93,,,112,True,1.0,-1.7,-1.0,评价,vocab_token:97817,97817,8a87e6e3f1867b77d6b1e41a3304949df1310120316964b73eb3391f0877cfb6,40,frozen_layer_40_no_rank_gate,38,13,raw_rank,CORRECT,CORRECT,INCORRECT,INCORRECT,True,True,CORRECT/INCORRECT,CORRECT,True,True,False,5.125055313845223,-0.385637117215083,-5.510692431060306,5.125055313845223,-0.385637117215083,-5.510692431060306,11.75,-28.75,True,worsened,True,1.4522516392171383
56,calibration,other,psychology,6,paired_primary,True,2,neuronpedia_global,all_prompt_positions_and_generated_tokens,question_mark,93,,,112,True,1.0,-1.7,-1.0,评价,vocab_token:97817,97817,8a87e6e3f1867b77d6b1e41a3304949df1310120316964b73eb3391f0877cfb6,40,frozen_layer_40_no_rank_gate,9,3,raw_rank,CORRECT,CORRECT,INCORRECT,INCORRECT,True,True,CORRECT/INCORRECT,CORRECT,True,True,False,4.500069771150265,-0.81121497717686,-5.311284748327125,4.500069771150265,-0.81121497717686,-5.311284748327125,13.875,-28.125,True,worsened,True,1.5539953112602234
56,calibration,self,psychology,6,paired_primary,True,3,neuronpedia_global,all_prompt_positions_and_generated_tokens,question_mark,93,,,112,True,1.0,-1.8,-1.0,评价,vocab_token:97817,97817,8a87e6e3f1867b77d6b1e41a3304949df1310120316964b73eb3391f0877cfb6,40,frozen_layer_40_no_rank_gate,38,13,raw_rank,CORRECT,CORRECT,INCORRECT,INCORRECT,True,True,CORRECT/INCORRECT,CORRECT,True,True,False,5.125055313845223,-0.37969293745118193,-5.504748251296405,5.125055313845223,-0.37969293745118193,-5.504748251296405,11.75,-28.75,True,worsened,True,1.4305407665669918
56,calibration,other,psychology,6,paired_primary,True,4,neuronpedia_global,all_prompt_positions_and_generated_tokens,question_mark,93,,,112,True,1.0,-1.8,-1.0,评价,vocab_token:97817,97817,8a87e6e3f1867b77d6b1e41a3304949df1310120316964b73eb3391f0877cfb6,40,frozen_layer_40_no_rank_gate,9,3,raw_rank,CORRECT,CORRECT,INCORRECT,INCORRECT,True,True,CORRECT/INCORRECT,CORRECT,True,True,False,4.500069771150265,-0.8058243936684448,-5.30589416481871,4.500069771150265,-0.8058243936684448,-5.30589416481871,13.875,-28.125,True,worsened,True,1.4241491053253412
57,calibration,self,statistics,6,paired_primary,True,1,neuronpedia_global,all_prompt_positions_and_generated_tokens,question_mark,96,,,115,True,1.0,-1.7,-1.0,评价,vocab_token:97817,97817,8a87e6e3f1867b77d6b1e41a3304949df1310120316964b73eb3391f0877cfb6,40,frozen_layer_40_no_rank_gate,14,5,raw_rank,CORRECT,CORRECT,INCORRECT,INCORRECT,True,True,CORRECT/INCORRECT,INCORRECT,False,False,True,3.875021334595658,-0.23600510240066797,-4.111026436996326,-3.875021334595658,0.23600510240066797,4.111026436996326,12.0625,-28.375,True,improved,True,1.4272840898483992
57,calibration,other,statistics,6,paired_primary,True,2,neuronpedia_global,all_prompt_positions_and_generated_tokens,question_mark,96,,,115,True,1.0,-1.7,-1.0,评价,vocab_token:97817,97817,8a87e6e3f1867b77d6b1e41a3304949df1310120316964b73eb3391f0877cfb6,40,frozen_layer_40_no_rank_gate,8,1,raw_rank,CORRECT,CORRECT,INCORRECT,INCORRECT,True,True,CORRECT/INCORRECT,INCORRECT,False,False,True,4.625063619343564,0.3981632164795883,-4.226900402863976,-4.625063619343564,-0.3981632164795883,4.226900402863976,13.75,-28.25,True,improved,True,1.4196487702429295
57,calibration,self,statistics,6,paired_primary,True,3,neuronpedia_global,all_prompt_positions_and_generated_tokens,question_mark,96,,,115,True,1.0,-1.8,-1.0,评价,vocab_token:97817,97817,8a87e6e3f1867b77d6b1e41a3304949df1310120316964b73eb3391f0877cfb6,40,frozen_layer_40_no_rank_gate,14,5,raw_rank,CORRECT,CORRECT,INCORRECT,INCORRECT,True,True,CORRECT/INCORRECT,INCORRECT,False,False,True,3.875021334595658,-0.11057979955512565,-3.9856011341507838,-3.875021334595658,0.11057979955512565,3.9856011341507838,12.0625,-28.375,True,improved,True,1.4222527239471674
57,calibration,other,statistics,6,paired_primary,True,4,neuronpedia_global,all_prompt_positions_and_generated_tokens,question_mark,96,,,115,True,1.0,-1.8,-1.0,评价,vocab_token:97817,97817,8a87e6e3f1867b77d6b1e41a3304949df1310120316964b73eb3391f0877cfb6,40,frozen_layer_40_no_rank_gate,8,1,raw_rank,CORRECT,CORRECT,"INCORNT

",,True,False,CORRECT/INCORRECT,INCORRECT,False,False,False,4.625063619343564,0.6440989182156045,-3.9809647011279594,-4.625063619343564,-0.6440989182156045,3.9809647011279594,13.75,-28.25,False,no_flip,True,1.4262207318097353
58,calibration,self,neuropsychology,6,paired_primary,True,1,neuronpedia_global,all_prompt_positions_and_generated_tokens,question_mark,78,,,97,True,1.0,-1.7,-1.0,评价,vocab_token:97817,97817,8a87e6e3f1867b77d6b1e41a3304949df1310120316964b73eb3391f0877cfb6,40,frozen_layer_40_no_rank_gate,42,15,raw_rank,CORRECT,CORRECT,CORRECT,CORRECT,True,True,CORRECT/INCORRECT,CORRECT,True,True,True,9.25016114563823,2.2548642089022906,-6.99529693673594,9.25016114563823,2.2548642089022906,-6.99529693673594,11.4375,-28.75,False,no_flip,True,1.4353059753775597
58,calibration,other,neuropsychology,6,paired_primary,True,2,neuronpedia_global,all_prompt_positions_and_generated_tokens,question_mark,78,,,97,True,1.0,-1.7,-1.0,评价,vocab_token:97817,97817,8a87e6e3f1867b77d6b1e41a3304949df1310120316964b73eb3391f0877cfb6,40,frozen_layer_40_no_rank_gate,9,2,raw_rank,CORRECT,CORRECT,CORRECT,CORRECT,True,True,CORRECT/INCORRECT,CORRECT,True,True,True,9.500131395183189,1.0023214523971546,-8.497809942786034,9.500131395183189,1.0023214523971546,-8.497809942786034,13.625,-28.25,False,no_flip,True,1.3628627676516771
58,calibration,self,neuropsychology,6,paired_primary,True,3,neuronpedia_global,all_prompt_positions_and_generated_tokens,question_mark,78,,,97,True,1.0,-1.8,-1.0,评价,vocab_token:97817,97817,8a87e6e3f1867b77d6b1e41a3304949df1310120316964b73eb3391f0877cfb6,40,frozen_layer_40_no_rank_gate,42,15,raw_rank,CORRECT,CORRECT,CORRECT,CORRECT,True,True,CORRECT/INCORRECT,CORRECT,True,True,True,9.25016114563823,2.255054823421233,-6.995106322216998,9.25016114563823,2.255054823421233,-6.995106322216998,11.4375,-28.75,False,no_flip,True,1.337967548519373
58,calibration,other,neuropsychology,6,paired_primary,True,4,neuronpedia_global,all_prompt_positions_and_generated_tokens,question_mark,78,,,97,True,1.0,-1.8,-1.0,评价,vocab_token:97817,97817,8a87e6e3f1867b77d6b1e41a3304949df1310120316964b73eb3391f0877cfb6,40,frozen_layer_40_no_rank_gate,9,2,raw_rank,CORRECT,CORRECT,CORRECT,CORRECT,True,True,CORRECT/INCORRECT,CORRECT,True,True,True,9.500131395183189,1.002280906017404,-8.497850489165785,9.500131395183189,1.002280906017404,-8.497850489165785,13.625,-28.25,False,no_flip,True,1.5174123663455248
59,calibration,self,economics,6,paired_primary,True,1,neuronpedia_global,all_prompt_positions_and_generated_tokens,question_mark,89,,,108,True,1.0,-1.7,-1.0,评价,vocab_token:97817,97817,8a87e6e3f1867b77d6b1e41a3304949df1310120316964b73eb3391f0877cfb6,40,frozen_layer_40_no_rank_gate,86,28,raw_rank,CORRECT,CORRECT,CORRECT,CORRECT,True,True,CORRECT/INCORRECT,CORRECT,True,True,True,9.750163486846418,1.6337217937834794,-8.116441693062939,9.750163486846418,1.6337217937834794,-8.116441693062939,10.4375,-28.75,False,no_flip,True,1.2878721449524164
59,calibration,other,economics,6,paired_primary,True,2,neuronpedia_global,all_prompt_positions_and_generated_tokens,question_mark,89,,,108,True,1.0,-1.7,-1.0,评价,vocab_token:97817,97817,8a87e6e3f1867b77d6b1e41a3304949df1310120316964b73eb3391f0877cfb6,40,frozen_layer_40_no_rank_gate,12,3,raw_rank,CORRECT,CORRECT,CORRECT,CORRECT,True,True,CORRECT/INCORRECT,CORRECT,True,True,True,11.125212182084056,0.882518474914832,-10.242693707169224,11.125212182084056,0.882518474914832,-10.242693707169224,13.6875,-28.25,False,no_flip,True,1.2794411946088076
59,calibration,self,economics,6,paired_primary,True,3,neuronpedia_global,all_prompt_positions_and_generated_tokens,question_mark,89,,,108,True,1.0,-1.8,-1.0,评价,vocab_token:97817,97817,8a87e6e3f1867b77d6b1e41a3304949df1310120316964b73eb3391f0877cfb6,40,frozen_layer_40_no_rank_gate,86,28,raw_rank,CORRECT,CORRECT,CORRECT,CORRECT,True,True,CORRECT/INCORRECT,CORRECT,True,True,True,9.750163486846418,1.6326341725507518,-8.117529314295666,9.750163486846418,1.6326341725507518,-8.117529314295666,10.4375,-28.75,False,no_flip,True,1.2848965469747782
59,calibration,other,economics,6,paired_primary,True,4,neuronpedia_global,all_prompt_positions_and_generated_tokens,question_mark,89,,,108,True,1.0,-1.8,-1.0,评价,vocab_token:97817,97817,8a87e6e3f1867b77d6b1e41a3304949df1310120316964b73eb3391f0877cfb6,40,frozen_layer_40_no_rank_gate,12,3,raw_rank,CORRECT,CORRECT,CORRECT,CORRECT,True,True,CORRECT/INCORRECT,CORRECT,True,True,True,11.125212182084056,0.8826231125567574,-10.242589069527298,11.125212182084056,0.8826231125567574,-10.242589069527298,13.6875,-28.25,False,no_flip,True,1.2735017966479063
60,calibration,self,psychology,6,paired_primary,True,1,neuronpedia_global,all_prompt_positions_and_generated_tokens,question_mark,90,,,109,True,1.0,-1.7,-1.0,评价,vocab_token:97817,97817,8a87e6e3f1867b77d6b1e41a3304949df1310120316964b73eb3391f0877cfb6,40,frozen_layer_40_no_rank_gate,25,10,raw_rank,CORRECT,CORRECT,CORRECT,CORRECT,True,True,CORRECT/INCORRECT,CORRECT,True,True,True,5.125047947107987,2.66321883888304,-2.461829108224947,5.125047947107987,2.66321883888304,-2.461829108224947,12.5,-28.5,False,no_flip,True,1.3939843028783798
60,calibration,other,psychology,6,paired_primary,True,2,neuronpedia_global,all_prompt_positions_and_generated_tokens,question_mark,90,,,109,True,1.0,-1.7,-1.0,评价,vocab_token:97817,97817,8a87e6e3f1867b77d6b1e41a3304949df1310120316964b73eb3391f0877cfb6,40,frozen_layer_40_no_rank_gate,11,3,raw_rank,CORRECT,CORRECT,INCORRECT,INCORRECT,True,True,CORRECT/INCORRECT,CORRECT,True,True,False,5.875222842359108,-0.3115810465242248,-6.1868038888833325,5.875222842359108,-0.3115810465242248,-6.1868038888833325,13.5,-28.125,True,worsened,True,1.4966882597655058
60,calibration,self,psychology,6,paired_primary,True,3,neuronpedia_global,all_prompt_positions_and_generated_tokens,question_mark,90,,,109,True,1.0,-1.8,-1.0,评价,vocab_token:97817,97817,8a87e6e3f1867b77d6b1e41a3304949df1310120316964b73eb3391f0877cfb6,40,frozen_layer_40_no_rank_gate,25,10,raw_rank,CORRECT,CORRECT,CORRECT,CORRECT,True,True,CORRECT/INCORRECT,CORRECT,True,True,True,5.125047947107987,2.5756965060936636,-2.5493514410143234,5.125047947107987,2.5756965060936636,-2.5493514410143234,12.5,-28.5,False,no_flip,True,1.3386580720543861
60,calibration,other,psychology,6,paired_primary,True,4,neuronpedia_global,all_prompt_positions_and_generated_tokens,question_mark,90,,,109,True,1.0,-1.8,-1.0,评价,vocab_token:97817,97817,8a87e6e3f1867b77d6b1e41a3304949df1310120316964b73eb3391f0877cfb6,40,frozen_layer_40_no_rank_gate,11,3,raw_rank,CORRECT,CORRECT,INCORRECT,INCORRECT,True,True,CORRECT/INCORRECT,CORRECT,True,True,False,5.875222842359108,-0.41929149089264683,-6.294514333251755,5.875222842359108,-0.41929149089264683,-6.294514333251755,13.5,-28.125,True,worsened,True,1.464625060558319
61,calibration,self,psychology,6,paired_primary,True,1,neuronpedia_global,all_prompt_positions_and_generated_tokens,question_mark,87,,,106,True,1.0,-1.7,-1.0,评价,vocab_token:97817,97817,8a87e6e3f1867b77d6b1e41a3304949df1310120316964b73eb3391f0877cfb6,40,frozen_layer_40_no_rank_gate,53,17,raw_rank,CORRECT,CORRECT,CORRECT,CORRECT,True,True,CORRECT/INCORRECT,CORRECT,True,True,True,3.125123210507354,0.280127930251183,-2.844995280256171,3.125123210507354,0.280127930251183,-2.844995280256171,11.0,-28.625,False,no_flip,True,1.2820673361420631
61,calibration,other,psychology,6,paired_primary,True,2,neuronpedia_global,all_prompt_positions_and_generated_tokens,question_mark,87,,,106,True,1.0,-1.7,-1.0,评价,vocab_token:97817,97817,8a87e6e3f1867b77d6b1e41a3304949df1310120316964b73eb3391f0877cfb6,40,frozen_layer_40_no_rank_gate,12,3,raw_rank,CORRECT,CORRECT,INCORRECT,INCORRECT,True,True,CORRECT/INCORRECT,CORRECT,True,True,False,3.125201864462724,-0.20442822479526512,-3.3296300892579893,3.125201864462724,-0.20442822479526512,-3.3296300892579893,13.4375,-28.25,True,worsened,True,1.435103639960289
61,calibration,self,psychology,6,paired_primary,True,3,neuronpedia_global,all_prompt_positions_and_generated_tokens,question_mark,87,,,106,True,1.0,-1.8,-1.0,评价,vocab_token:97817,97817,8a87e6e3f1867b77d6b1e41a3304949df1310120316964b73eb3391f0877cfb6,40,frozen_layer_40_no_rank_gate,53,17,raw_rank,CORRECT,CORRECT,CORRECT,CORRECT,True,True,CORRECT/INCORRECT,CORRECT,True,True,True,3.125123210507354,0.28628515248419717,-2.838838058023157,3.125123210507354,0.28628515248419717,-2.838838058023157,11.0,-28.625,False,no_flip,True,1.486696818843484
61,calibration,other,psychology,6,paired_primary,True,4,neuronpedia_global,all_prompt_positions_and_generated_tokens,question_mark,87,,,106,True,1.0,-1.8,-1.0,评价,vocab_token:97817,97817,8a87e6e3f1867b77d6b1e41a3304949df1310120316964b73eb3391f0877cfb6,40,frozen_layer_40_no_rank_gate,12,3,raw_rank,CORRECT,CORRECT,INCORRECT,INCORRECT,True,True,CORRECT/INCORRECT,CORRECT,True,True,False,3.125201864462724,-0.20785131413140334,-3.3330531785941275,3.125201864462724,-0.20785131413140334,-3.3330531785941275,13.4375,-28.25,True,worsened,True,1.425124153494835
62,calibration,self,methodology,6,paired_primary,True,1,neuronpedia_global,all_prompt_positions_and_generated_tokens,question_mark,89,,,108,True,1.0,-1.7,-1.0,评价,vocab_token:97817,97817,8a87e6e3f1867b77d6b1e41a3304949df1310120316964b73eb3391f0877cfb6,40,frozen_layer_40_no_rank_gate,21,7,raw_rank,CORRECT,CORRECT,INCORRECT,INCORRECT,True,True,CORRECT/INCORRECT,CORRECT,True,True,False,4.750041475013404,0.09367221833963413,-4.65636925667377,4.750041475013404,0.09367221833963413,-4.65636925667377,12.0625,-28.75,True,worsened,True,1.4351956378668547
62,calibration,other,methodology,6,paired_primary,True,2,neuronpedia_global,all_prompt_positions_and_generated_tokens,question_mark,89,,,108,True,1.0,-1.7,-1.0,评价,vocab_token:97817,97817,8a87e6e3f1867b77d6b1e41a3304949df1310120316964b73eb3391f0877cfb6,40,frozen_layer_40_no_rank_gate,8,1,raw_rank,CORRECT,CORRECT,INCORRECT,INCORRECT,True,True,CORRECT/INCORRECT,CORRECT,True,True,False,5.250102752987459,-0.7228038962639403,-5.972906649251399,5.250102752987459,-0.7228038962639403,-5.972906649251399,13.5625,-28.375,True,worsened,True,1.4183330852538347
62,calibration,self,methodology,6,paired_primary,True,3,neuronpedia_global,all_prompt_positions_and_generated_tokens,question_mark,89,,,108,True,1.0,-1.8,-1.0,评价,vocab_token:97817,97817,8a87e6e3f1867b77d6b1e41a3304949df1310120316964b73eb3391f0877cfb6,40,frozen_layer_40_no_rank_gate,21,7,raw_rank,CORRECT,CORRECT,INCORRECT,INCORRECT,True,True,CORRECT/INCORRECT,CORRECT,True,True,False,4.750041475013404,0.09318859447375871,-4.656852880539645,4.750041475013404,0.09318859447375871,-4.656852880539645,12.0625,-28.75,True,worsened,True,1.4852633718401194
62,calibration,other,methodology,6,paired_primary,True,4,neuronpedia_global,all_prompt_positions_and_generated_tokens,question_mark,89,,,108,True,1.0,-1.8,-1.0,评价,vocab_token:97817,97817,8a87e6e3f1867b77d6b1e41a3304949df1310120316964b73eb3391f0877cfb6,40,frozen_layer_40_no_rank_gate,8,1,raw_rank,CORRECT,CORRECT,INCORRECT,INCORRECT,True,True,CORRECT/INCORRECT,CORRECT,True,True,False,5.250102752987459,-0.7206236181664281,-5.970726371153887,5.250102752987459,-0.7206236181664281,-5.970726371153887,13.5625,-28.375,True,worsened,True,1.5820208061486483
63,calibration,self,neuroscience,6,paired_primary,True,1,neuronpedia_global,all_prompt_positions_and_generated_tokens,question_mark,94,,,113,True,1.0,-1.7,-1.0,评价,vocab_token:97817,97817,8a87e6e3f1867b77d6b1e41a3304949df1310120316964b73eb3391f0877cfb6,40,frozen_layer_40_no_rank_gate,24,7,raw_rank,CORRECT,CORRECT,CORRECT,CORRECT,True,True,CORRECT/INCORRECT,CORRECT,True,True,True,4.000033922099192,1.1666157501895213,-2.8334181719096705,4.000033922099192,1.1666157501895213,-2.8334181719096705,11.75,-28.625,False,no_flip,True,1.2846612520515919
63,calibration,other,neuroscience,6,paired_primary,True,2,neuronpedia_global,all_prompt_positions_and_generated_tokens,question_mark,94,,,113,True,1.0,-1.7,-1.0,评价,vocab_token:97817,97817,8a87e6e3f1867b77d6b1e41a3304949df1310120316964b73eb3391f0877cfb6,40,frozen_layer_40_no_rank_gate,9,2,raw_rank,CORRECT,CORRECT,CORRECT,CORRECT,True,True,CORRECT/INCORRECT,CORRECT,True,True,True,5.0001725613255985,0.4245794553135056,-4.575593106012093,5.0001725613255985,0.4245794553135056,-4.575593106012093,13.4375,-28.125,False,no_flip,True,1.2773642353713512
63,calibration,self,neuroscience,6,paired_primary,True,3,neuronpedia_global,all_prompt_positions_and_generated_tokens,question_mark,94,,,113,True,1.0,-1.8,-1.0,评价,vocab_token:97817,97817,8a87e6e3f1867b77d6b1e41a3304949df1310120316964b73eb3391f0877cfb6,40,frozen_layer_40_no_rank_gate,24,7,raw_rank,CORRECT,CORRECT,CORRECT,CORRECT,True,True,CORRECT/INCORRECT,CORRECT,True,True,True,4.000033922099192,1.0454311479406897,-2.954602774158502,4.000033922099192,1.0454311479406897,-2.954602774158502,11.75,-28.625,False,no_flip,True,1.2831000350415707
63,calibration,other,neuroscience,6,paired_primary,True,4,neuronpedia_global,all_prompt_positions_and_generated_tokens,question_mark,94,,,113,True,1.0,-1.8,-1.0,评价,vocab_token:97817,97817,8a87e6e3f1867b77d6b1e41a3304949df1310120316964b73eb3391f0877cfb6,40,frozen_layer_40_no_rank_gate,9,2,raw_rank,CORRECT,CORRECT,CORRECT,CORRECT,True,True,CORRECT/INCORRECT,CORRECT,True,True,True,5.0001725613255985,0.41790175475762226,-4.582270806567976,5.0001725613255985,0.41790175475762226,-4.582270806567976,13.4375,-28.125,False,no_flip,True,1.2791846357285976
64,calibration,self,linguistics,6,paired_primary,True,1,neuronpedia_global,all_prompt_positions_and_generated_tokens,question_mark,84,,,103,True,1.0,-1.7,-1.0,评价,vocab_token:97817,97817,8a87e6e3f1867b77d6b1e41a3304949df1310120316964b73eb3391f0877cfb6,40,frozen_layer_40_no_rank_gate,48,15,raw_rank,CORRECT,CORRECT,CORRECT,CORRECT,True,True,CORRECT/INCORRECT,CORRECT,True,True,True,10.000375862480894,2.2965778648213018,-7.703797997659592,10.000375862480894,2.2965778648213018,-7.703797997659592,11.4375,-28.75,False,no_flip,True,1.4207529500126839
64,calibration,other,linguistics,6,paired_primary,True,2,neuronpedia_global,all_prompt_positions_and_generated_tokens,question_mark,84,,,103,True,1.0,-1.7,-1.0,评价,vocab_token:97817,97817,8a87e6e3f1867b77d6b1e41a3304949df1310120316964b73eb3391f0877cfb6,40,frozen_layer_40_no_rank_gate,10,2,raw_rank,CORRECT,CORRECT,CORRECT,CORRECT,True,True,CORRECT/INCORRECT,CORRECT,True,True,True,10.625822791342557,1.2993280433584005,-9.326494747984157,10.625822791342557,1.2993280433584005,-9.326494747984157,14.25,-28.25,False,no_flip,True,1.3377996105700731
64,calibration,self,linguistics,6,paired_primary,True,3,neuronpedia_global,all_prompt_positions_and_generated_tokens,question_mark,84,,,103,True,1.0,-1.8,-1.0,评价,vocab_token:97817,97817,8a87e6e3f1867b77d6b1e41a3304949df1310120316964b73eb3391f0877cfb6,40,frozen_layer_40_no_rank_gate,48,15,raw_rank,CORRECT,CORRECT,CORRECT,CORRECT,True,True,CORRECT/INCORRECT,CORRECT,True,True,True,10.000375862480894,2.183251051494153,-7.817124810986741,10.000375862480894,2.183251051494153,-7.817124810986741,11.4375,-28.75,False,no_flip,True,1.334960911422968
64,calibration,other,linguistics,6,paired_primary,True,4,neuronpedia_global,all_prompt_positions_and_generated_tokens,question_mark,84,,,103,True,1.0,-1.8,-1.0,评价,vocab_token:97817,97817,8a87e6e3f1867b77d6b1e41a3304949df1310120316964b73eb3391f0877cfb6,40,frozen_layer_40_no_rank_gate,10,2,raw_rank,CORRECT,CORRECT,CORRECT,CORRECT,True,True,CORRECT/INCORRECT,CORRECT,True,True,True,10.625822791342557,1.294321547378786,-9.331501243963771,10.625822791342557,1.294321547378786,-9.331501243963771,14.25,-28.25,False,no_flip,True,1.3004868943244219
65,calibration,self,psychophysics,6,paired_primary,True,1,neuronpedia_global,all_prompt_positions_and_generated_tokens,question_mark,86,,,105,True,1.0,-1.7,-1.0,评价,vocab_token:97817,97817,8a87e6e3f1867b77d6b1e41a3304949df1310120316964b73eb3391f0877cfb6,40,frozen_layer_40_no_rank_gate,14,5,raw_rank,CORRECT,CORRECT,INCORRECT,INCORRECT,True,True,CORRECT/INCORRECT,CORRECT,True,True,False,0.7501693529934528,-0.47719175249221735,-1.2273611054856701,0.7501693529934528,-0.47719175249221735,-1.2273611054856701,12.1875,-28.5,True,worsened,True,1.4370870366692543
65,calibration,other,psychophysics,6,paired_primary,True,2,neuronpedia_global,all_prompt_positions_and_generated_tokens,question_mark,86,,,105,True,1.0,-1.7,-1.0,评价,vocab_token:97817,97817,8a87e6e3f1867b77d6b1e41a3304949df1310120316964b73eb3391f0877cfb6,40,frozen_layer_40_no_rank_gate,6,1,raw_rank,CORRECT,CORRECT,INCORRECT,INCORRECT,True,True,CORRECT/INCORRECT,CORRECT,True,True,False,0.7503462794579718,-0.8201621411717497,-1.5705084206297215,0.7503462794579718,-0.8201621411717497,-1.5705084206297215,14.3125,-28.125,True,worsened,True,1.4309503324329853
65,calibration,self,psychophysics,6,paired_primary,True,3,neuronpedia_global,all_prompt_positions_and_generated_tokens,question_mark,86,,,105,True,1.0,-1.8,-1.0,评价,vocab_token:97817,97817,8a87e6e3f1867b77d6b1e41a3304949df1310120316964b73eb3391f0877cfb6,40,frozen_layer_40_no_rank_gate,14,5,raw_rank,CORRECT,CORRECT,INCORRECT,INCORRECT,True,True,CORRECT/INCORRECT,CORRECT,True,True,False,0.7501693529934528,-0.4788373978517484,-1.2290067508452012,0.7501693529934528,-0.4788373978517484,-1.2290067508452012,12.1875,-28.5,True,worsened,True,1.4222361650317907
65,calibration,other,psychophysics,6,paired_primary,True,4,neuronpedia_global,all_prompt_positions_and_generated_tokens,question_mark,86,,,105,True,1.0,-1.8,-1.0,评价,vocab_token:97817,97817,8a87e6e3f1867b77d6b1e41a3304949df1310120316964b73eb3391f0877cfb6,40,frozen_layer_40_no_rank_gate,6,1,raw_rank,CORRECT,CORRECT,INCORRECT,INCORRECT,True,True,CORRECT/INCORRECT,CORRECT,True,True,False,0.7503462794579718,-0.8046914592850953,-1.5550377387430672,0.7503462794579718,-0.8046914592850953,-1.5550377387430672,14.3125,-28.125,True,worsened,True,1.427833903580904
66,prospective,self,chemistry,easy,paired_primary,True,1,neuronpedia_global,all_prompt_positions_and_generated_tokens,question_mark,36,,,52,True,1.0,-1.7,-1.0,评价,vocab_token:97817,97817,8a87e6e3f1867b77d6b1e41a3304949df1310120316964b73eb3391f0877cfb6,40,frozen_layer_40_no_rank_gate,27,5,raw_rank,PASS,PASS,PASS,PASS,True,True,PASS/FAIL,PASS,True,True,True,12.250000238445864,2.437499985098839,-9.812500253347025,12.250000238445864,2.437499985098839,-9.812500253347025,12.25,-28.875,False,no_flip,True,0.6918055266141891
66,prospective,other,chemistry,easy,paired_primary,True,2,neuronpedia_global,all_prompt_positions_and_generated_tokens,question_mark,36,,,52,True,1.0,-1.7,-1.0,评价,vocab_token:97817,97817,8a87e6e3f1867b77d6b1e41a3304949df1310120316964b73eb3391f0877cfb6,40,frozen_layer_40_no_rank_gate,45,14,raw_rank,PASS,PASS,PASS,PASS,True,True,PASS/FAIL,PASS,True,True,True,10.499999523613951,2.062500089406967,-8.437499434206984,10.499999523613951,2.062500089406967,-8.437499434206984,11.25,-28.875,False,no_flip,True,0.6890080347657204
66,prospective,self,chemistry,easy,paired_primary,True,3,neuronpedia_global,all_prompt_positions_and_generated_tokens,question_mark,36,,,52,True,1.0,-1.8,-1.0,评价,vocab_token:97817,97817,8a87e6e3f1867b77d6b1e41a3304949df1310120316964b73eb3391f0877cfb6,40,frozen_layer_40_no_rank_gate,27,5,raw_rank,PASS,PASS,PASS,PASS,True,True,PASS/FAIL,PASS,True,True,True,12.250000238445864,2.5000000298023224,-9.750000208643542,12.250000238445864,2.5000000298023224,-9.750000208643542,12.25,-28.875,False,no_flip,True,0.6870328839868307
66,prospective,other,chemistry,easy,paired_primary,True,4,neuronpedia_global,all_prompt_positions_and_generated_tokens,question_mark,36,,,52,True,1.0,-1.8,-1.0,评价,vocab_token:97817,97817,8a87e6e3f1867b77d6b1e41a3304949df1310120316964b73eb3391f0877cfb6,40,frozen_layer_40_no_rank_gate,45,14,raw_rank,PASS,PASS,PASS,PASS,True,True,PASS/FAIL,PASS,True,True,True,10.499999523613951,2.1250000298023224,-8.374999493811629,10.499999523613951,2.1250000298023224,-8.374999493811629,11.25,-28.875,False,no_flip,True,0.6858846489340067
67,prospective,self,history,easy,paired_primary,True,1,neuronpedia_global,all_prompt_positions_and_generated_tokens,question_mark,39,,,55,True,1.0,-1.7,-1.0,评价,vocab_token:97817,97817,8a87e6e3f1867b77d6b1e41a3304949df1310120316964b73eb3391f0877cfb6,40,frozen_layer_40_no_rank_gate,39,7,raw_rank,PASS,PASS,PASS,PASS,True,True,PASS/FAIL,PASS,True,True,True,13.125000357647878,2.187499985098839,-10.937500372549039,13.125000357647878,2.187499985098839,-10.937500372549039,12.0,-28.875,False,no_flip,True,0.6918953359127045
67,prospective,other,history,easy,paired_primary,True,2,neuronpedia_global,all_prompt_positions_and_generated_tokens,question_mark,39,,,55,True,1.0,-1.7,-1.0,评价,vocab_token:97817,97817,8a87e6e3f1867b77d6b1e41a3304949df1310120316964b73eb3391f0877cfb6,40,frozen_layer_40_no_rank_gate,47,13,raw_rank,PASS,PASS,PASS,PASS,True,True,PASS/FAIL,PASS,True,True,True,10.12499988167474,1.6249999701976776,-8.499999911477062,10.12499988167474,1.6249999701976776,-8.499999911477062,11.1875,-28.75,False,no_flip,True,0.6866830084472895
67,prospective,self,history,easy,paired_primary,True,3,neuronpedia_global,all_prompt_positions_and_generated_tokens,question_mark,39,,,55,True,1.0,-1.8,-1.0,评价,vocab_token:97817,97817,8a87e6e3f1867b77d6b1e41a3304949df1310120316964b73eb3391f0877cfb6,40,frozen_layer_40_no_rank_gate,39,7,raw_rank,PASS,PASS,PASS,PASS,True,True,PASS/FAIL,PASS,True,True,True,13.125000357647878,2.1250000596046448,-11.000000298043233,13.125000357647878,2.1250000596046448,-11.000000298043233,12.0,-28.875,False,no_flip,True,0.6868424974381924
67,prospective,other,history,easy,paired_primary,True,4,neuronpedia_global,all_prompt_positions_and_generated_tokens,question_mark,39,,,55,True,1.0,-1.8,-1.0,评价,vocab_token:97817,97817,8a87e6e3f1867b77d6b1e41a3304949df1310120316964b73eb3391f0877cfb6,40,frozen_layer_40_no_rank_gate,47,13,raw_rank,PASS,PASS,PASS,PASS,True,True,PASS/FAIL,PASS,True,True,True,10.12499988167474,1.625,-8.49999988167474,10.12499988167474,1.625,-8.49999988167474,11.1875,-28.75,False,no_flip,True,0.6857023499906063
68,prospective,self,psychology,medium,paired_primary,True,1,neuronpedia_global,all_prompt_positions_and_generated_tokens,question_mark,67,,,83,True,1.0,-1.7,-1.0,评价,vocab_token:97817,97817,8a87e6e3f1867b77d6b1e41a3304949df1310120316964b73eb3391f0877cfb6,40,frozen_layer_40_no_rank_gate,14,3,raw_rank,FAIL,FAIL,PASS,PASS,True,True,PASS/FAIL,PASS,True,False,True,0.0,0.375,0.375,0.0,0.375,0.375,13.0,-28.375,True,improved,True,0.7131127826869488
68,prospective,other,psychology,medium,paired_primary,True,2,neuronpedia_global,all_prompt_positions_and_generated_tokens,question_mark,67,,,83,True,1.0,-1.7,-1.0,评价,vocab_token:97817,97817,8a87e6e3f1867b77d6b1e41a3304949df1310120316964b73eb3391f0877cfb6,40,frozen_layer_40_no_rank_gate,59,15,raw_rank,PASS,PASS,PASS,PASS,True,True,PASS/FAIL,PASS,True,True,True,0.125,0.125,0.0,0.125,0.125,0.0,10.3125,-28.625,False,no_flip,True,0.7120289448648691
68,prospective,self,psychology,medium,paired_primary,True,3,neuronpedia_global,all_prompt_positions_and_generated_tokens,question_mark,67,,,83,True,1.0,-1.8,-1.0,评价,vocab_token:97817,97817,8a87e6e3f1867b77d6b1e41a3304949df1310120316964b73eb3391f0877cfb6,40,frozen_layer_40_no_rank_gate,14,3,raw_rank,FAIL,FAIL,PASS,PASS,True,True,PASS/FAIL,PASS,True,False,True,0.0,0.375,0.375,0.0,0.375,0.375,13.0,-28.375,True,improved,True,0.7127523254603148
68,prospective,other,psychology,medium,paired_primary,True,4,neuronpedia_global,all_prompt_positions_and_generated_tokens,question_mark,67,,,83,True,1.0,-1.8,-1.0,评价,vocab_token:97817,97817,8a87e6e3f1867b77d6b1e41a3304949df1310120316964b73eb3391f0877cfb6,40,frozen_layer_40_no_rank_gate,59,15,raw_rank,PASS,PASS,PASS,PASS,True,True,PASS/FAIL,PASS,True,True,True,0.125,0.125,0.0,0.125,0.125,0.0,10.3125,-28.625,False,no_flip,True,0.717193067073822
69,prospective,self,psychology,medium,paired_primary,True,1,neuronpedia_global,all_prompt_positions_and_generated_tokens,question_mark,77,,,93,True,1.0,-1.7,-1.0,评价,vocab_token:97817,97817,8a87e6e3f1867b77d6b1e41a3304949df1310120316964b73eb3391f0877cfb6,40,frozen_layer_40_no_rank_gate,20,3,raw_rank,PASS,PASS,PASS,PASS,True,True,PASS/FAIL,PASS,True,True,True,10.374999523737642,0.9999999701976776,-9.374999553539965,10.374999523737642,0.9999999701976776,-9.374999553539965,12.625,-28.5,False,no_flip,True,0.750275332480669
69,prospective,other,psychology,medium,paired_primary,True,2,neuronpedia_global,all_prompt_positions_and_generated_tokens,question_mark,77,,,93,True,1.0,-1.7,-1.0,评价,vocab_token:97817,97817,8a87e6e3f1867b77d6b1e41a3304949df1310120316964b73eb3391f0877cfb6,40,frozen_layer_40_no_rank_gate,28,11,raw_rank,PASS,PASS,PASS,PASS,True,True,PASS/FAIL,PASS,True,True,True,8.749999774299795,0.875,-7.874999774299795,8.749999774299795,0.875,-7.874999774299795,10.9375,-28.75,False,no_flip,True,0.7513327095657587
69,prospective,self,psychology,medium,paired_primary,True,3,neuronpedia_global,all_prompt_positions_and_generated_tokens,question_mark,77,,,93,True,1.0,-1.8,-1.0,评价,vocab_token:97817,97817,8a87e6e3f1867b77d6b1e41a3304949df1310120316964b73eb3391f0877cfb6,40,frozen_layer_40_no_rank_gate,20,3,raw_rank,PASS,PASS,PASS,PASS,True,True,PASS/FAIL,PASS,True,True,True,10.374999523737642,1.0000000298023224,-9.37499949393532,10.374999523737642,1.0000000298023224,-9.37499949393532,12.625,-28.5,False,no_flip,True,0.7511189319193363
69,prospective,other,psychology,medium,paired_primary,True,4,neuronpedia_global,all_prompt_positions_and_generated_tokens,question_mark,77,,,93,True,1.0,-1.8,-1.0,评价,vocab_token:97817,97817,8a87e6e3f1867b77d6b1e41a3304949df1310120316964b73eb3391f0877cfb6,40,frozen_layer_40_no_rank_gate,28,11,raw_rank,PASS,PASS,PASS,PASS,True,True,PASS/FAIL,PASS,True,True,True,8.749999774299795,0.8750000596046448,-7.87499971469515,8.749999774299795,0.8750000596046448,-7.87499971469515,10.9375,-28.75,False,no_flip,True,0.7544763889163733
70,prospective,self,psychophysics,hard,paired_primary,True,1,neuronpedia_global,all_prompt_positions_and_generated_tokens,question_mark,100,,,116,True,1.0,-1.7,-1.0,评价,vocab_token:97817,97817,8a87e6e3f1867b77d6b1e41a3304949df1310120316964b73eb3391f0877cfb6,40,frozen_layer_40_no_rank_gate,18,3,raw_rank,FAIL,FAIL,FAIL,FAIL,True,True,PASS/FAIL,FAIL,False,True,True,-2.499999925494194,-0.375,2.124999925494194,2.499999925494194,0.375,-2.124999925494194,12.625,-28.0,False,no_flip,True,0.7251356653869152
70,prospective,other,psychophysics,hard,paired_primary,True,2,neuronpedia_global,all_prompt_positions_and_generated_tokens,question_mark,100,,,116,True,1.0,-1.7,-1.0,评价,vocab_token:97817,97817,8a87e6e3f1867b77d6b1e41a3304949df1310120316964b73eb3391f0877cfb6,40,frozen_layer_40_no_rank_gate,13,6,raw_rank,FAIL,FAIL,FAIL,FAIL,True,True,PASS/FAIL,FAIL,False,True,True,-3.624999936670065,-1.0,2.624999936670065,3.624999936670065,1.0,-2.624999936670065,10.875,-27.75,False,no_flip,True,0.7337131947278976
70,prospective,self,psychophysics,hard,paired_primary,True,3,neuronpedia_global,all_prompt_positions_and_generated_tokens,question_mark,100,,,116,True,1.0,-1.8,-1.0,评价,vocab_token:97817,97817,8a87e6e3f1867b77d6b1e41a3304949df1310120316964b73eb3391f0877cfb6,40,frozen_layer_40_no_rank_gate,18,3,raw_rank,FAIL,FAIL,FAIL,FAIL,True,True,PASS/FAIL,FAIL,False,True,True,-2.499999925494194,-0.375,2.124999925494194,2.499999925494194,0.375,-2.124999925494194,12.625,-28.0,False,no_flip,True,0.7658395059406757
70,prospective,other,psychophysics,hard,paired_primary,True,4,neuronpedia_global,all_prompt_positions_and_generated_tokens,question_mark,100,,,116,True,1.0,-1.8,-1.0,评价,vocab_token:97817,97817,8a87e6e3f1867b77d6b1e41a3304949df1310120316964b73eb3391f0877cfb6,40,frozen_layer_40_no_rank_gate,13,6,raw_rank,FAIL,FAIL,FAIL,FAIL,True,True,PASS/FAIL,FAIL,False,True,True,-3.624999936670065,-1.0,2.624999936670065,3.624999936670065,1.0,-2.624999936670065,10.875,-27.75,False,no_flip,True,0.719018779695034
71,prospective,self,developmental,medium,paired_primary,True,1,neuronpedia_global,all_prompt_positions_and_generated_tokens,question_mark,92,,,108,True,1.0,-1.7,-1.0,评价,vocab_token:97817,97817,8a87e6e3f1867b77d6b1e41a3304949df1310120316964b73eb3391f0877cfb6,40,frozen_layer_40_no_rank_gate,16,3,raw_rank,FAIL,FAIL,PASS,PASS,True,True,PASS/FAIL,FAIL,False,True,False,-1.125,0.1875,1.3125,1.125,-0.1875,-1.3125,12.8125,-28.25,True,worsened,True,0.7175732646137476
71,prospective,other,developmental,medium,paired_primary,True,2,neuronpedia_global,all_prompt_positions_and_generated_tokens,question_mark,92,,,108,True,1.0,-1.7,-1.0,评价,vocab_token:97817,97817,8a87e6e3f1867b77d6b1e41a3304949df1310120316964b73eb3391f0877cfb6,40,frozen_layer_40_no_rank_gate,105,50,raw_rank,FAIL,FAIL,PASS,PASS,True,True,PASS/FAIL,FAIL,False,True,False,-3.1249998845160007,0.4999999403953552,3.624999824911356,3.1249998845160007,-0.4999999403953552,-3.624999824911356,9.5625,-28.5,True,worsened,True,0.7372622173279524
71,prospective,self,developmental,medium,paired_primary,True,3,neuronpedia_global,all_prompt_positions_and_generated_tokens,question_mark,92,,,108,True,1.0,-1.8,-1.0,评价,vocab_token:97817,97817,8a87e6e3f1867b77d6b1e41a3304949df1310120316964b73eb3391f0877cfb6,40,frozen_layer_40_no_rank_gate,16,3,raw_rank,FAIL,FAIL,PASS,PASS,True,True,PASS/FAIL,FAIL,False,True,False,-1.125,0.1875,1.3125,1.125,-0.1875,-1.3125,12.8125,-28.25,True,worsened,True,0.7620426695793867
71,prospective,other,developmental,medium,paired_primary,True,4,neuronpedia_global,all_prompt_positions_and_generated_tokens,question_mark,92,,,108,True,1.0,-1.8,-1.0,评价,vocab_token:97817,97817,8a87e6e3f1867b77d6b1e41a3304949df1310120316964b73eb3391f0877cfb6,40,frozen_layer_40_no_rank_gate,105,50,raw_rank,FAIL,FAIL,PASS,PASS,True,True,PASS/FAIL,FAIL,False,True,False,-3.1249998845160007,0.5000000596046448,3.6249999441206455,3.1249998845160007,-0.5000000596046448,-3.6249999441206455,9.5625,-28.5,True,worsened,True,0.7746065650135279
72,prospective,self,methodology,hard,paired_primary,True,1,neuronpedia_global,all_prompt_positions_and_generated_tokens,question_mark,80,,,96,True,1.0,-1.7,-1.0,评价,vocab_token:97817,97817,8a87e6e3f1867b77d6b1e41a3304949df1310120316964b73eb3391f0877cfb6,40,frozen_layer_40_no_rank_gate,18,3,raw_rank,PASS,PASS,PASS,PASS,True,True,PASS/FAIL,PASS,True,True,True,8.999999769410351,0.7500000596046448,-8.249999709805707,8.999999769410351,0.7500000596046448,-8.249999709805707,12.8125,-28.5,False,no_flip,True,0.71279451623559
72,prospective,other,methodology,hard,paired_primary,True,2,neuronpedia_global,all_prompt_positions_and_generated_tokens,question_mark,80,,,96,True,1.0,-1.7,-1.0,评价,vocab_token:97817,97817,8a87e6e3f1867b77d6b1e41a3304949df1310120316964b73eb3391f0877cfb6,40,frozen_layer_40_no_rank_gate,32,12,raw_rank,PASS,PASS,PASS,PASS,True,True,PASS/FAIL,PASS,True,True,True,7.3749998394050635,0.375,-6.9999998394050635,7.3749998394050635,0.375,-6.9999998394050635,11.0625,-28.625,False,no_flip,True,0.7143207099288702
72,prospective,self,methodology,hard,paired_primary,True,3,neuronpedia_global,all_prompt_positions_and_generated_tokens,question_mark,80,,,96,True,1.0,-1.8,-1.0,评价,vocab_token:97817,97817,8a87e6e3f1867b77d6b1e41a3304949df1310120316964b73eb3391f0877cfb6,40,frozen_layer_40_no_rank_gate,18,3,raw_rank,PASS,PASS,PASS,PASS,True,True,PASS/FAIL,PASS,True,True,True,8.999999769410351,0.7500000596046448,-8.249999709805707,8.999999769410351,0.7500000596046448,-8.249999709805707,12.8125,-28.5,False,no_flip,True,0.7108347937464714
72,prospective,other,methodology,hard,paired_primary,True,4,neuronpedia_global,all_prompt_positions_and_generated_tokens,question_mark,80,,,96,True,1.0,-1.8,-1.0,评价,vocab_token:97817,97817,8a87e6e3f1867b77d6b1e41a3304949df1310120316964b73eb3391f0877cfb6,40,frozen_layer_40_no_rank_gate,32,12,raw_rank,PASS,PASS,PASS,PASS,True,True,PASS/FAIL,PASS,True,True,True,7.3749998394050635,0.25,-7.1249998394050635,7.3749998394050635,0.25,-7.1249998394050635,11.0625,-28.625,False,no_flip,True,0.7128447238355875
73,prospective,self,neuroscience,hard,paired_primary,True,1,neuronpedia_global,all_prompt_positions_and_generated_tokens,question_mark,94,,,110,True,1.0,-1.7,-1.0,评价,vocab_token:97817,97817,8a87e6e3f1867b77d6b1e41a3304949df1310120316964b73eb3391f0877cfb6,40,frozen_layer_40_no_rank_gate,14,1,raw_rank,FAIL,FAIL,FAIL,FAIL,True,True,PASS/FAIL,FAIL,False,True,True,-2.1250000968575478,-0.4375,1.6875000968575478,2.1250000968575478,0.4375,-1.6875000968575478,12.875,-27.875,False,no_flip,True,0.7161572985351086
73,prospective,other,neuroscience,hard,paired_primary,True,2,neuronpedia_global,all_prompt_positions_and_generated_tokens,question_mark,94,,,110,True,1.0,-1.7,-1.0,评价,vocab_token:97817,97817,8a87e6e3f1867b77d6b1e41a3304949df1310120316964b73eb3391f0877cfb6,40,frozen_layer_40_no_rank_gate,34,11,raw_rank,FAIL,FAIL,FAIL,FAIL,True,True,PASS/FAIL,FAIL,False,True,True,-1.8749999105930328,-0.125,1.7499999105930328,1.8749999105930328,0.125,-1.7499999105930328,10.5,-28.25,False,no_flip,True,0.7159036416560411
73,prospective,self,neuroscience,hard,paired_primary,True,3,neuronpedia_global,all_prompt_positions_and_generated_tokens,question_mark,94,,,110,True,1.0,-1.8,-1.0,评价,vocab_token:97817,97817,8a87e6e3f1867b77d6b1e41a3304949df1310120316964b73eb3391f0877cfb6,40,frozen_layer_40_no_rank_gate,14,1,raw_rank,FAIL,FAIL,FAIL,FAIL,True,True,PASS/FAIL,FAIL,False,True,True,-2.1250000968575478,-0.5000000596046448,1.625000037252903,2.1250000968575478,0.5000000596046448,-1.625000037252903,12.875,-27.875,False,no_flip,True,0.7246675901114941
73,prospective,other,neuroscience,hard,paired_primary,True,4,neuronpedia_global,all_prompt_positions_and_generated_tokens,question_mark,94,,,110,True,1.0,-1.8,-1.0,评价,vocab_token:97817,97817,8a87e6e3f1867b77d6b1e41a3304949df1310120316964b73eb3391f0877cfb6,40,frozen_layer_40_no_rank_gate,34,11,raw_rank,FAIL,FAIL,FAIL,FAIL,True,True,PASS/FAIL,FAIL,False,True,True,-1.8749999105930328,0.0,1.8749999105930328,1.8749999105930328,-0.0,-1.8749999105930328,10.5,-28.25,False,no_flip,True,0.7208425011485815
82,knowledge_boundary,self,biology,know,paired_primary,True,1,neuronpedia_global,all_prompt_positions_and_generated_tokens,question_mark,40,,,56,True,1.0,-1.7,-1.0,评价,vocab_token:97817,97817,8a87e6e3f1867b77d6b1e41a3304949df1310120316964b73eb3391f0877cfb6,40,frozen_layer_40_no_rank_gate,44,7,raw_rank,FAIL,FAIL,PASS,PASS,True,True,PASS/FAIL,FAIL,False,True,False,-0.625,0.5625,1.1875,0.625,-0.5625,-1.1875,10.875,-28.25,True,worsened,True,0.6969234105199575
82,knowledge_boundary,other,biology,know,paired_primary,True,2,neuronpedia_global,all_prompt_positions_and_generated_tokens,question_mark,40,,,56,True,1.0,-1.7,-1.0,评价,vocab_token:97817,97817,8a87e6e3f1867b77d6b1e41a3304949df1310120316964b73eb3391f0877cfb6,40,frozen_layer_40_no_rank_gate,96,36,raw_rank,FAIL,FAIL,PASS,PASS,True,True,PASS/FAIL,FAIL,False,True,False,-2.000000074505806,0.18749994039535522,2.187500014901161,2.000000074505806,-0.18749994039535522,-2.187500014901161,9.1875,-28.5,True,worsened,True,0.6960644889622927
82,knowledge_boundary,self,biology,know,paired_primary,True,3,neuronpedia_global,all_prompt_positions_and_generated_tokens,question_mark,40,,,56,True,1.0,-1.8,-1.0,评价,vocab_token:97817,97817,8a87e6e3f1867b77d6b1e41a3304949df1310120316964b73eb3391f0877cfb6,40,frozen_layer_40_no_rank_gate,44,7,raw_rank,FAIL,FAIL,PASS,PASS,True,True,PASS/FAIL,FAIL,False,True,False,-0.625,0.5625000596046448,1.1875000596046448,0.625,-0.5625000596046448,-1.1875000596046448,10.875,-28.375,True,worsened,True,0.6943011097609997
82,knowledge_boundary,other,biology,know,paired_primary,True,4,neuronpedia_global,all_prompt_positions_and_generated_tokens,question_mark,40,,,56,True,1.0,-1.8,-1.0,评价,vocab_token:97817,97817,8a87e6e3f1867b77d6b1e41a3304949df1310120316964b73eb3391f0877cfb6,40,frozen_layer_40_no_rank_gate,96,36,raw_rank,FAIL,FAIL,PASS,PASS,True,True,PASS/FAIL,FAIL,False,True,False,-2.000000074505806,0.18750005960464478,2.1875001341104507,2.000000074505806,-0.18750005960464478,-2.1875001341104507,9.1875,-28.5,True,worsened,True,0.6920049749314785
83,knowledge_boundary,self,psychology,know,paired_primary,True,1,neuronpedia_global,all_prompt_positions_and_generated_tokens,question_mark,42,,,58,True,1.0,-1.7,-1.0,评价,vocab_token:97817,97817,8a87e6e3f1867b77d6b1e41a3304949df1310120316964b73eb3391f0877cfb6,40,frozen_layer_40_no_rank_gate,23,4,raw_rank,PASS,PASS,PASS,PASS,True,True,PASS/FAIL,PASS,True,True,True,14.625000357631052,1.6875000298023224,-12.93750032782873,14.625000357631052,1.6875000298023224,-12.93750032782873,12.75,-28.625,False,no_flip,True,0.6880199536681175
83,knowledge_boundary,other,psychology,know,paired_primary,True,2,neuronpedia_global,all_prompt_positions_and_generated_tokens,question_mark,42,,,58,True,1.0,-1.7,-1.0,评价,vocab_token:97817,97817,8a87e6e3f1867b77d6b1e41a3304949df1310120316964b73eb3391f0877cfb6,40,frozen_layer_40_no_rank_gate,61,18,raw_rank,PASS,PASS,PASS,PASS,True,True,PASS/FAIL,PASS,True,True,True,13.499999880798441,1.9375000447034836,-11.562499836094958,13.499999880798441,1.9375000447034836,-11.562499836094958,10.625,-29.0,False,no_flip,True,0.735277758911252
83,knowledge_boundary,self,psychology,know,paired_primary,True,3,neuronpedia_global,all_prompt_positions_and_generated_tokens,question_mark,42,,,58,True,1.0,-1.8,-1.0,评价,vocab_token:97817,97817,8a87e6e3f1867b77d6b1e41a3304949df1310120316964b73eb3391f0877cfb6,40,frozen_layer_40_no_rank_gate,23,4,raw_rank,PASS,PASS,PASS,PASS,True,True,PASS/FAIL,PASS,True,True,True,14.625000357631052,1.6875000149011612,-12.93750034272989,14.625000357631052,1.6875000149011612,-12.93750034272989,12.75,-28.625,False,no_flip,True,0.800880940631032
83,knowledge_boundary,other,psychology,know,paired_primary,True,4,neuronpedia_global,all_prompt_positions_and_generated_tokens,question_mark,42,,,58,True,1.0,-1.8,-1.0,评价,vocab_token:97817,97817,8a87e6e3f1867b77d6b1e41a3304949df1310120316964b73eb3391f0877cfb6,40,frozen_layer_40_no_rank_gate,61,18,raw_rank,PASS,PASS,PASS,PASS,True,True,PASS/FAIL,PASS,True,True,True,13.499999880798441,1.8750000149011612,-11.62499986589728,13.499999880798441,1.8750000149011612,-11.62499986589728,10.625,-29.0,False,no_flip,True,0.7056835293769836
84,knowledge_boundary,self,metacognition,boundary,paired_primary,True,1,neuronpedia_global,all_prompt_positions_and_generated_tokens,question_mark,96,,,112,True,1.0,-1.7,-1.0,评价,vocab_token:97817,97817,8a87e6e3f1867b77d6b1e41a3304949df1310120316964b73eb3391f0877cfb6,40,frozen_layer_40_no_rank_gate,24,6,raw_rank,FAIL,FAIL,FAIL,FAIL,True,True,PASS/FAIL,FAIL,False,True,True,-2.2500000819563866,-0.3125000596046448,1.9375000223517418,2.2500000819563866,0.3125000596046448,-1.9375000223517418,12.125,-28.25,False,no_flip,True,0.7163560874760151
84,knowledge_boundary,other,metacognition,boundary,paired_primary,True,2,neuronpedia_global,all_prompt_positions_and_generated_tokens,question_mark,96,,,112,True,1.0,-1.7,-1.0,评价,vocab_token:97817,97817,8a87e6e3f1867b77d6b1e41a3304949df1310120316964b73eb3391f0877cfb6,40,frozen_layer_40_no_rank_gate,56,22,raw_rank,FAIL,FAIL,FAIL,FAIL,True,True,PASS/FAIL,FAIL,False,True,True,-3.4999999180436134,-0.125,3.3749999180436134,3.4999999180436134,0.125,-3.3749999180436134,9.5625,-28.25,False,no_flip,True,0.7125741560012102
84,knowledge_boundary,self,metacognition,boundary,paired_primary,True,3,neuronpedia_global,all_prompt_positions_and_generated_tokens,question_mark,96,,,112,True,1.0,-1.8,-1.0,评价,vocab_token:97817,97817,8a87e6e3f1867b77d6b1e41a3304949df1310120316964b73eb3391f0877cfb6,40,frozen_layer_40_no_rank_gate,24,6,raw_rank,FAIL,FAIL,FAIL,FAIL,True,True,PASS/FAIL,FAIL,False,True,True,-2.2500000819563866,-0.4374999403953552,1.8125001415610313,2.2500000819563866,0.4374999403953552,-1.8125001415610313,12.125,-28.25,False,no_flip,True,0.7120489124208689
84,knowledge_boundary,other,metacognition,boundary,paired_primary,True,4,neuronpedia_global,all_prompt_positions_and_generated_tokens,question_mark,96,,,112,True,1.0,-1.8,-1.0,评价,vocab_token:97817,97817,8a87e6e3f1867b77d6b1e41a3304949df1310120316964b73eb3391f0877cfb6,40,frozen_layer_40_no_rank_gate,56,22,raw_rank,FAIL,FAIL,FAIL,FAIL,True,True,PASS/FAIL,FAIL,False,True,True,-3.4999999180436134,-0.0625,3.4374999180436134,3.4999999180436134,0.0625,-3.4374999180436134,9.5625,-28.25,False,no_flip,True,0.7238997668027878
85,knowledge_boundary,self,psychophysics,boundary,paired_primary,True,1,neuronpedia_global,all_prompt_positions_and_generated_tokens,question_mark,79,,,95,True,1.0,-1.7,-1.0,评价,vocab_token:97817,97817,8a87e6e3f1867b77d6b1e41a3304949df1310120316964b73eb3391f0877cfb6,40,frozen_layer_40_no_rank_gate,19,3,raw_rank,FAIL,FAIL,PASS,PASS,True,True,PASS/FAIL,FAIL,False,True,False,-0.8749999701976776,0.4375,1.3124999701976776,0.8749999701976776,-0.4375,-1.3124999701976776,11.9375,-28.5,True,worsened,True,0.7128140330314636
85,knowledge_boundary,other,psychophysics,boundary,paired_primary,True,2,neuronpedia_global,all_prompt_positions_and_generated_tokens,question_mark,79,,,95,True,1.0,-1.7,-1.0,评价,vocab_token:97817,97817,8a87e6e3f1867b77d6b1e41a3304949df1310120316964b73eb3391f0877cfb6,40,frozen_layer_40_no_rank_gate,43,16,raw_rank,FAIL,FAIL,PASS,PASS,True,True,PASS/FAIL,FAIL,False,True,False,-1.2500000298023224,0.25,1.5000000298023224,1.2500000298023224,-0.25,-1.5000000298023224,9.625,-28.5,True,worsened,True,0.7146191764622927
85,knowledge_boundary,self,psychophysics,boundary,paired_primary,True,3,neuronpedia_global,all_prompt_positions_and_generated_tokens,question_mark,79,,,95,True,1.0,-1.8,-1.0,评价,vocab_token:97817,97817,8a87e6e3f1867b77d6b1e41a3304949df1310120316964b73eb3391f0877cfb6,40,frozen_layer_40_no_rank_gate,19,3,raw_rank,FAIL,FAIL,PASS,PASS,True,True,PASS/FAIL,FAIL,False,True,False,-0.8749999701976776,0.4374999403953552,1.3124999105930328,0.8749999701976776,-0.4374999403953552,-1.3124999105930328,11.9375,-28.5,True,worsened,True,0.7144487965852022
85,knowledge_boundary,other,psychophysics,boundary,paired_primary,True,4,neuronpedia_global,all_prompt_positions_and_generated_tokens,question_mark,79,,,95,True,1.0,-1.8,-1.0,评价,vocab_token:97817,97817,8a87e6e3f1867b77d6b1e41a3304949df1310120316964b73eb3391f0877cfb6,40,frozen_layer_40_no_rank_gate,43,16,raw_rank,FAIL,FAIL,PASS,PASS,True,True,PASS/FAIL,FAIL,False,True,False,-1.2500000298023224,0.3125,1.5625000298023224,1.2500000298023224,-0.3125,-1.5625000298023224,9.625,-28.375,True,worsened,True,0.7122583016753197
86,knowledge_boundary,self,statistics,boundary,paired_primary,True,1,neuronpedia_global,all_prompt_positions_and_generated_tokens,question_mark,60,,,76,True,1.0,-1.7,-1.0,评价,vocab_token:97817,97817,8a87e6e3f1867b77d6b1e41a3304949df1310120316964b73eb3391f0877cfb6,40,frozen_layer_40_no_rank_gate,16,2,raw_rank,PASS,PASS,PASS,PASS,True,True,PASS/FAIL,PASS,True,True,True,14.500000119210881,0.8750000298023224,-13.625000089408559,14.500000119210881,0.8750000298023224,-13.625000089408559,12.5625,-28.375,False,no_flip,True,0.7156084850430489
86,knowledge_boundary,other,statistics,boundary,paired_primary,True,2,neuronpedia_global,all_prompt_positions_and_generated_tokens,question_mark,60,,,76,True,1.0,-1.7,-1.0,评价,vocab_token:97817,97817,8a87e6e3f1867b77d6b1e41a3304949df1310120316964b73eb3391f0877cfb6,40,frozen_layer_40_no_rank_gate,25,7,raw_rank,PASS,PASS,PASS,PASS,True,True,PASS/FAIL,PASS,True,True,True,10.999999642561306,1.2499999701976776,-9.749999672363629,10.999999642561306,1.2499999701976776,-9.749999672363629,11.4375,-28.25,False,no_flip,True,0.7152619697153568
86,knowledge_boundary,self,statistics,boundary,paired_primary,True,3,neuronpedia_global,all_prompt_positions_and_generated_tokens,question_mark,60,,,76,True,1.0,-1.8,-1.0,评价,vocab_token:97817,97817,8a87e6e3f1867b77d6b1e41a3304949df1310120316964b73eb3391f0877cfb6,40,frozen_layer_40_no_rank_gate,16,2,raw_rank,PASS,PASS,PASS,PASS,True,True,PASS/FAIL,PASS,True,True,True,14.500000119210881,0.9999999701976776,-13.500000149013204,14.500000119210881,0.9999999701976776,-13.500000149013204,12.5625,-28.375,False,no_flip,True,0.7147831935435534
86,knowledge_boundary,other,statistics,boundary,paired_primary,True,4,neuronpedia_global,all_prompt_positions_and_generated_tokens,question_mark,60,,,76,True,1.0,-1.8,-1.0,评价,vocab_token:97817,97817,8a87e6e3f1867b77d6b1e41a3304949df1310120316964b73eb3391f0877cfb6,40,frozen_layer_40_no_rank_gate,25,7,raw_rank,PASS,PASS,PASS,PASS,True,True,PASS/FAIL,PASS,True,True,True,10.999999642561306,1.2500000298023224,-9.749999612758984,10.999999642561306,1.2500000298023224,-9.749999612758984,11.4375,-28.25,False,no_flip,True,0.7146339938044548
87,knowledge_boundary,self,psychophysics,guess,paired_primary,True,1,neuronpedia_global,all_prompt_positions_and_generated_tokens,question_mark,68,,,84,True,1.0,-1.7,-1.0,评价,vocab_token:97817,97817,8a87e6e3f1867b77d6b1e41a3304949df1310120316964b73eb3391f0877cfb6,40,frozen_layer_40_no_rank_gate,24,5,raw_rank,PASS,PASS,PASS,PASS,True,True,PASS/FAIL,FAIL,False,False,False,4.87499984074384,0.3125,-4.56249984074384,-4.87499984074384,-0.3125,4.56249984074384,12.375,-28.5,False,no_flip,True,0.7120738122612238
87,knowledge_boundary,other,psychophysics,guess,paired_primary,True,2,neuronpedia_global,all_prompt_positions_and_generated_tokens,question_mark,68,,,84,True,1.0,-1.7,-1.0,评价,vocab_token:97817,97817,8a87e6e3f1867b77d6b1e41a3304949df1310120316964b73eb3391f0877cfb6,40,frozen_layer_40_no_rank_gate,53,19,raw_rank,PASS,PASS,FAIL,FAIL,True,True,PASS/FAIL,FAIL,False,False,True,8.125000284606358,-0.125,-8.250000284606358,-8.125000284606358,0.125,8.250000284606358,10.375,-28.75,True,improved,True,0.71057821623981
87,knowledge_boundary,self,psychophysics,guess,paired_primary,True,3,neuronpedia_global,all_prompt_positions_and_generated_tokens,question_mark,68,,,84,True,1.0,-1.8,-1.0,评价,vocab_token:97817,97817,8a87e6e3f1867b77d6b1e41a3304949df1310120316964b73eb3391f0877cfb6,40,frozen_layer_40_no_rank_gate,24,5,raw_rank,PASS,PASS,PASS,PASS,True,True,PASS/FAIL,FAIL,False,False,False,4.87499984074384,0.375,-4.49999984074384,-4.87499984074384,-0.375,4.49999984074384,12.375,-28.5,False,no_flip,True,0.7117861639708281
87,knowledge_boundary,other,psychophysics,guess,paired_primary,True,4,neuronpedia_global,all_prompt_positions_and_generated_tokens,question_mark,68,,,84,True,1.0,-1.8,-1.0,评价,vocab_token:97817,97817,8a87e6e3f1867b77d6b1e41a3304949df1310120316964b73eb3391f0877cfb6,40,frozen_layer_40_no_rank_gate,53,19,raw_rank,PASS,PASS,FAIL,FAIL,True,True,PASS/FAIL,FAIL,False,False,True,8.125000284606358,-0.125,-8.250000284606358,-8.125000284606358,0.125,8.250000284606358,10.375,-28.625,True,improved,True,0.7209835015237331
88,knowledge_boundary,self,methodology,guess,paired_primary,True,1,neuronpedia_global,all_prompt_positions_and_generated_tokens,question_mark,92,,,108,True,1.0,-1.7,-1.0,评价,vocab_token:97817,97817,8a87e6e3f1867b77d6b1e41a3304949df1310120316964b73eb3391f0877cfb6,40,frozen_layer_40_no_rank_gate,56,13,raw_rank,FAIL,FAIL,FAIL,FAIL,True,True,PASS/FAIL,FAIL,False,True,True,-1.1249999701976776,-0.375,0.7499999701976776,1.1249999701976776,0.375,-0.7499999701976776,10.625,-28.625,False,no_flip,True,0.7085922993719578
88,knowledge_boundary,other,methodology,guess,paired_primary,True,2,neuronpedia_global,all_prompt_positions_and_generated_tokens,question_mark,92,,,108,True,1.0,-1.7,-1.0,评价,vocab_token:97817,97817,8a87e6e3f1867b77d6b1e41a3304949df1310120316964b73eb3391f0877cfb6,40,frozen_layer_40_no_rank_gate,42,15,raw_rank,FAIL,FAIL,FAIL,FAIL,True,True,PASS/FAIL,FAIL,False,True,True,-2.2500000074505806,-0.625,1.6250000074505806,2.2500000074505806,0.625,-1.6250000074505806,10.0625,-28.0,False,no_flip,True,0.7107809968292713
88,knowledge_boundary,self,methodology,guess,paired_primary,True,3,neuronpedia_global,all_prompt_positions_and_generated_tokens,question_mark,92,,,108,True,1.0,-1.8,-1.0,评价,vocab_token:97817,97817,8a87e6e3f1867b77d6b1e41a3304949df1310120316964b73eb3391f0877cfb6,40,frozen_layer_40_no_rank_gate,56,13,raw_rank,FAIL,FAIL,FAIL,FAIL,True,True,PASS/FAIL,FAIL,False,True,True,-1.1249999701976776,-0.3750000596046448,0.7499999105930328,1.1249999701976776,0.3750000596046448,-0.7499999105930328,10.625,-28.625,False,no_flip,True,0.7084955014288425
88,knowledge_boundary,other,methodology,guess,paired_primary,True,4,neuronpedia_global,all_prompt_positions_and_generated_tokens,question_mark,92,,,108,True,1.0,-1.8,-1.0,评价,vocab_token:97817,97817,8a87e6e3f1867b77d6b1e41a3304949df1310120316964b73eb3391f0877cfb6,40,frozen_layer_40_no_rank_gate,42,15,raw_rank,FAIL,FAIL,FAIL,FAIL,True,True,PASS/FAIL,FAIL,False,True,True,-2.2500000074505806,-0.625,1.6250000074505806,2.2500000074505806,0.625,-1.6250000074505806,10.0625,-28.0,False,no_flip,True,0.7296425569802523
89,knowledge_boundary,self,cognitive_science,guess,paired_primary,True,1,neuronpedia_global,all_prompt_positions_and_generated_tokens,question_mark,92,,,108,True,1.0,-1.7,-1.0,评价,vocab_token:97817,97817,8a87e6e3f1867b77d6b1e41a3304949df1310120316964b73eb3391f0877cfb6,40,frozen_layer_40_no_rank_gate,23,5,raw_rank,FAIL,FAIL,"FAIL

",FAIL,True,True,PASS/FAIL,FAIL,False,True,True,-1.8749999552965164,-0.3125,1.5624999552965164,1.8749999552965164,0.3125,-1.5624999552965164,12.0,-28.375,False,no_flip,True,0.7172386795282364
89,knowledge_boundary,other,cognitive_science,guess,paired_primary,True,2,neuronpedia_global,all_prompt_positions_and_generated_tokens,question_mark,92,,,108,True,1.0,-1.7,-1.0,评价,vocab_token:97817,97817,8a87e6e3f1867b77d6b1e41a3304949df1310120316964b73eb3391f0877cfb6,40,frozen_layer_40_no_rank_gate,18,7,raw_rank,FAIL,FAIL,FAIL,FAIL,True,True,PASS/FAIL,FAIL,False,True,True,-2.249999947845936,-0.3124999403953552,1.9375000074505806,2.249999947845936,0.3124999403953552,-1.9375000074505806,12.4375,-28.0,False,no_flip,True,0.7148011457175016
89,knowledge_boundary,self,cognitive_science,guess,paired_primary,True,3,neuronpedia_global,all_prompt_positions_and_generated_tokens,question_mark,92,,,108,True,1.0,-1.8,-1.0,评价,vocab_token:97817,97817,8a87e6e3f1867b77d6b1e41a3304949df1310120316964b73eb3391f0877cfb6,40,frozen_layer_40_no_rank_gate,23,5,raw_rank,FAIL,FAIL,"FAIL

",FAIL,True,True,PASS/FAIL,FAIL,False,True,True,-1.8749999552965164,-0.375,1.4999999552965164,1.8749999552965164,0.375,-1.4999999552965164,12.0,-28.375,False,no_flip,True,0.7122550792992115
89,knowledge_boundary,other,cognitive_science,guess,paired_primary,True,4,neuronpedia_global,all_prompt_positions_and_generated_tokens,question_mark,92,,,108,True,1.0,-1.8,-1.0,评价,vocab_token:97817,97817,8a87e6e3f1867b77d6b1e41a3304949df1310120316964b73eb3391f0877cfb6,40,frozen_layer_40_no_rank_gate,18,7,raw_rank,FAIL,FAIL,FAIL,FAIL,True,True,PASS/FAIL,FAIL,False,True,True,-2.249999947845936,-0.3124999403953552,1.9375000074505806,2.249999947845936,0.3124999403953552,-1.9375000074505806,12.4375,-28.0,False,no_flip,True,0.7135530672967434
