item_id,item_type,condition,domain,difficulty,analysis_family,is_primary_estimand,attempt_order,intervention_mode,intervention_scope,direction_source_selector,direction_source_position,localized_target_selector,localized_target_position,applied_prompt_position_count,steer_generated,max_injection_fraction,requested_strength,effective_strength_after_cap,feature_label,feature_id,token_id,direction_sha256,layer,layer_selection_reason,raw_rank,word_filtered_rank,rank_policy,baseline_output_raw,baseline_output_normalized,intervened_output_raw,intervened_output_normalized,baseline_valid,intervened_valid,labels,expected_judgment,factual_correct,baseline_judgment_correct,intervened_judgment_correct,baseline_margin,intervened_margin,delta_margin,baseline_oriented_margin,intervened_oriented_margin,delta_oriented_margin,candidate_score_before,candidate_score_after,flipped,flip_effect,generated_positions_steered,duration_seconds
0,calibration,self,physics,1,frozen_primary,True,1,neuronpedia_global,all_prompt_positions_and_generated_tokens,question_mark,79,,,100,True,1.0,-1.7,-1.0,评价,vocab_token:97817,97817,8a87e6e3f1867b77d6b1e41a3304949df1310120316964b73eb3391f0877cfb6,40,frozen_primary_layer,31,10,word_filtered_rank,CORRECT,CORRECT,CORRECT,CORRECT,True,True,CORRECT/INCORRECT,CORRECT,True,True,True,11.125347222871085,0.3930805218988098,-10.732266700972275,11.125347222871085,0.3930805218988098,-10.732266700972275,12.375,-28.25,False,no_flip,True,1.4087424352765083
0,calibration,self,physics,1,frozen_primary,True,2,neuronpedia_global,all_prompt_positions_and_generated_tokens,question_mark,79,,,100,True,1.0,1.8,1.0,评价,vocab_token:97817,97817,8a87e6e3f1867b77d6b1e41a3304949df1310120316964b73eb3391f0877cfb6,40,frozen_primary_layer,31,10,word_filtered_rank,CORRECT,CORRECT,CORRECT,CORRECT,True,True,CORRECT/INCORRECT,CORRECT,True,True,True,11.125347222871085,9.851950095966458,-1.2733971269046265,11.125347222871085,9.851950095966458,-1.2733971269046265,12.375,28.875,False,no_flip,True,1.3885570392012596
0,calibration,self,physics,1,adaptive_rescue,False,3,neuronpedia_global,all_prompt_positions_and_generated_tokens,question_mark,79,,,100,True,1.0,-1.7,-1.0,评价,vocab_token:97817,97817,73c683f129559da9c009e22ae409cac0b6d96ba20351cea4ec1fb27f162c843c,35,word_filtered_appearance_fallback,124,44,word_filtered_rank,CORRECT,CORRECT,"CORRET
",,True,False,CORRECT/INCORRECT,CORRECT,True,True,False,11.125347222871085,9.48745783790946,-1.6378893849616247,11.125347222871085,9.48745783790946,-1.6378893849616247,8.6875,-18.875,False,no_flip,True,1.3845016360282898
0,calibration,self,physics,1,adaptive_rescue,False,4,neuronpedia_global,all_prompt_positions_and_generated_tokens,question_mark,79,,,100,True,1.0,1.8,1.0,评价,vocab_token:97817,97817,73c683f129559da9c009e22ae409cac0b6d96ba20351cea4ec1fb27f162c843c,35,word_filtered_appearance_fallback,124,44,word_filtered_rank,CORRECT,CORRECT,CORRECT,CORRECT,True,True,CORRECT/INCORRECT,CORRECT,True,True,True,11.125347222871085,15.952431867830455,4.8270846449593705,11.125347222871085,15.952431867830455,4.8270846449593705,8.6875,19.375,False,no_flip,True,1.4002718217670918
0,calibration,self,physics,1,adaptive_rescue,False,5,neuronpedia_global,all_prompt_positions_and_generated_tokens,question_mark,79,,,100,True,1.0,-1.7,-1.0,评价,vocab_token:97817,97817,40e9689ba1debf117f4edecea706fbb0f5cb6bcd4aace256cbb71af8539f1224,37,word_filtered_appearance_fallback,93,44,word_filtered_rank,CORRECT,CORRECT,CORRECT,CORRECT,True,True,CORRECT/INCORRECT,CORRECT,True,True,True,11.125347222871085,4.7667244779877365,-6.358622744883348,11.125347222871085,4.7667244779877365,-6.358622744883348,9.75,-21.625,False,no_flip,True,1.3843387253582478
0,calibration,self,physics,1,adaptive_rescue,False,6,neuronpedia_global,all_prompt_positions_and_generated_tokens,question_mark,79,,,100,True,1.0,1.8,1.0,评价,vocab_token:97817,97817,40e9689ba1debf117f4edecea706fbb0f5cb6bcd4aace256cbb71af8539f1224,37,word_filtered_appearance_fallback,93,44,word_filtered_rank,CORRECT,CORRECT,CORRECT,CORRECT,True,True,CORRECT/INCORRECT,CORRECT,True,True,True,11.125347222871085,5.246374552312773,-5.878972670558312,11.125347222871085,5.246374552312773,-5.878972670558312,9.75,22.625,False,no_flip,True,1.3802773337811232
0,calibration,self,physics,1,adaptive_rescue,False,7,neuronpedia_global,all_prompt_positions_and_generated_tokens,question_mark,79,,,100,True,1.0,-1.7,-1.0,评估,vocab_token:99973,99973,c55ca3df206b88ee4dcaf291e77b8830ab68243ed25460e77d6d850604e7a107,40,alternate_candidate_preferred_layer,26,6,word_filtered_rank,CORRECT,CORRECT,CORRECT,CORRECT,True,True,CORRECT/INCORRECT,CORRECT,True,True,True,11.125347222871085,2.776273577086613,-8.349073645784472,11.125347222871085,2.776273577086613,-8.349073645784472,12.5625,-29.25,False,no_flip,True,1.393497433513403
0,calibration,self,physics,1,adaptive_rescue,False,8,neuronpedia_global,all_prompt_positions_and_generated_tokens,question_mark,79,,,100,True,1.0,1.8,1.0,评估,vocab_token:99973,99973,c55ca3df206b88ee4dcaf291e77b8830ab68243ed25460e77d6d850604e7a107,40,alternate_candidate_preferred_layer,26,6,word_filtered_rank,CORRECT,CORRECT,CORRECT,CORRECT,True,True,CORRECT/INCORRECT,CORRECT,True,True,True,11.125347222871085,13.90794544480741,2.7825982219363254,11.125347222871085,13.90794544480741,2.7825982219363254,12.5625,28.625,False,no_flip,True,1.3911410849541426
0,calibration,self,physics,1,adaptive_rescue,False,9,neuronpedia_global,all_prompt_positions_and_generated_tokens,question_mark,79,,,100,True,1.0,-1.7,-1.0,评估,vocab_token:99973,99973,677f4db3e9b5283cb7888ea4477f7df9c3b4a1458022f85a542bbf93c88ca10a,34,word_filtered_appearance_fallback,153,45,word_filtered_rank,CORRECT,CORRECT,CORRECT,CORRECT,True,True,CORRECT/INCORRECT,CORRECT,True,True,True,11.125347222871085,11.316664522048086,0.19131729917700113,11.125347222871085,11.316664522048086,0.19131729917700113,8.3125,-18.625,False,no_flip,True,1.3880354035645723
0,calibration,self,physics,1,adaptive_rescue,False,10,neuronpedia_global,all_prompt_positions_and_generated_tokens,question_mark,79,,,100,True,1.0,1.8,1.0,评估,vocab_token:99973,99973,677f4db3e9b5283cb7888ea4477f7df9c3b4a1458022f85a542bbf93c88ca10a,34,word_filtered_appearance_fallback,153,45,word_filtered_rank,CORRECT,CORRECT,CORRECT,CORRECT,True,True,CORRECT/INCORRECT,CORRECT,True,True,True,11.125347222871085,15.035673707723618,3.9103264848525328,11.125347222871085,15.035673707723618,3.9103264848525328,8.3125,18.25,False,no_flip,True,1.3777140472084284
1,calibration,self,astronomy,1,frozen_primary,True,1,neuronpedia_global,all_prompt_positions_and_generated_tokens,question_mark,72,,,93,True,1.0,-1.7,-1.0,评价,vocab_token:97817,97817,8a87e6e3f1867b77d6b1e41a3304949df1310120316964b73eb3391f0877cfb6,40,frozen_primary_layer,39,14,word_filtered_rank,CORRECT,CORRECT,CORRECT,CORRECT,True,True,CORRECT/INCORRECT,CORRECT,True,True,True,14.06272528657621,1.0070255984610412,-13.055699688115169,14.06272528657621,1.0070255984610412,-13.055699688115169,11.875,-28.375,False,no_flip,True,1.374453492462635
1,calibration,self,astronomy,1,frozen_primary,True,2,neuronpedia_global,all_prompt_positions_and_generated_tokens,question_mark,72,,,93,True,1.0,1.8,1.0,评价,vocab_token:97817,97817,8a87e6e3f1867b77d6b1e41a3304949df1310120316964b73eb3391f0877cfb6,40,frozen_primary_layer,39,14,word_filtered_rank,CORRECT,CORRECT,CORRECT,CORRECT,True,True,CORRECT/INCORRECT,CORRECT,True,True,True,14.06272528657621,10.379506707191467,-3.683218579384743,14.06272528657621,10.379506707191467,-3.683218579384743,11.875,28.625,False,no_flip,True,1.3746775649487972
1,calibration,self,astronomy,1,adaptive_rescue,False,3,neuronpedia_global,all_prompt_positions_and_generated_tokens,question_mark,72,,,93,True,1.0,-1.7,-1.0,评价,vocab_token:97817,97817,73c683f129559da9c009e22ae409cac0b6d96ba20351cea4ec1fb27f162c843c,35,word_filtered_appearance_fallback,133,42,word_filtered_rank,CORRECT,CORRECT,"COR
",,True,False,CORRECT/INCORRECT,CORRECT,True,True,False,14.06272528657621,7.41888393741101,-6.6438413491652,14.06272528657621,7.41888393741101,-6.6438413491652,8.625,-18.875,False,no_flip,True,1.2339370865374804
1,calibration,self,astronomy,1,adaptive_rescue,False,4,neuronpedia_global,all_prompt_positions_and_generated_tokens,question_mark,72,,,93,True,1.0,1.8,1.0,评价,vocab_token:97817,97817,73c683f129559da9c009e22ae409cac0b6d96ba20351cea4ec1fb27f162c843c,35,word_filtered_appearance_fallback,133,42,word_filtered_rank,CORRECT,CORRECT,CORRECT,CORRECT,True,True,CORRECT/INCORRECT,CORRECT,True,True,True,14.06272528657621,16.027307715732604,1.964582429156394,14.06272528657621,16.027307715732604,1.964582429156394,8.625,19.375,False,no_flip,True,1.373879099264741
1,calibration,self,astronomy,1,adaptive_rescue,False,5,neuronpedia_global,all_prompt_positions_and_generated_tokens,question_mark,72,,,93,True,1.0,-1.7,-1.0,评价,vocab_token:97817,97817,40e9689ba1debf117f4edecea706fbb0f5cb6bcd4aace256cbb71af8539f1224,37,word_filtered_appearance_fallback,86,39,word_filtered_rank,CORRECT,CORRECT,CORRECT,CORRECT,True,True,CORRECT/INCORRECT,CORRECT,True,True,True,14.06272528657621,7.723352471832186,-6.339372814744024,14.06272528657621,7.723352471832186,-6.339372814744024,9.8125,-21.625,False,no_flip,True,1.3704547099769115
1,calibration,self,astronomy,1,adaptive_rescue,False,6,neuronpedia_global,all_prompt_positions_and_generated_tokens,question_mark,72,,,93,True,1.0,1.8,1.0,评价,vocab_token:97817,97817,40e9689ba1debf117f4edecea706fbb0f5cb6bcd4aace256cbb71af8539f1224,37,word_filtered_appearance_fallback,86,39,word_filtered_rank,CORRECT,CORRECT,CORRECT,CORRECT,True,True,CORRECT/INCORRECT,CORRECT,True,True,True,14.06272528657621,6.744278989965096,-7.318446296611114,14.06272528657621,6.744278989965096,-7.318446296611114,9.8125,22.625,False,no_flip,True,1.3845541160553694
1,calibration,self,astronomy,1,adaptive_rescue,False,7,neuronpedia_global,all_prompt_positions_and_generated_tokens,question_mark,72,,,93,True,1.0,-1.7,-1.0,评估,vocab_token:99973,99973,c55ca3df206b88ee4dcaf291e77b8830ab68243ed25460e77d6d850604e7a107,40,alternate_candidate_preferred_layer,27,6,word_filtered_rank,CORRECT,CORRECT,CORRECT,CORRECT,True,True,CORRECT/INCORRECT,CORRECT,True,True,True,14.06272528657621,3.1549534815276274,-10.907771805048583,14.06272528657621,3.1549534815276274,-10.907771805048583,12.3125,-29.375,False,no_flip,True,1.3801389914005995
1,calibration,self,astronomy,1,adaptive_rescue,False,8,neuronpedia_global,all_prompt_positions_and_generated_tokens,question_mark,72,,,93,True,1.0,1.8,1.0,评估,vocab_token:99973,99973,c55ca3df206b88ee4dcaf291e77b8830ab68243ed25460e77d6d850604e7a107,40,alternate_candidate_preferred_layer,27,6,word_filtered_rank,CORRECT,CORRECT,CORRECT,CORRECT,True,True,CORRECT/INCORRECT,CORRECT,True,True,True,14.06272528657621,15.266703796223737,1.203978509647527,14.06272528657621,15.266703796223737,1.203978509647527,12.3125,28.5,False,no_flip,True,1.3684782404452562
1,calibration,self,astronomy,1,adaptive_rescue,False,9,neuronpedia_global,all_prompt_positions_and_generated_tokens,question_mark,72,,,93,True,1.0,-1.7,-1.0,评估,vocab_token:99973,99973,677f4db3e9b5283cb7888ea4477f7df9c3b4a1458022f85a542bbf93c88ca10a,34,word_filtered_appearance_fallback,164,43,word_filtered_rank,CORRECT,CORRECT,CORRECT,CORRECT,True,True,CORRECT/INCORRECT,CORRECT,True,True,True,14.06272528657621,10.627624069340527,-3.435101217235683,14.06272528657621,10.627624069340527,-3.435101217235683,8.3125,-18.625,False,no_flip,True,1.377142759039998
1,calibration,self,astronomy,1,adaptive_rescue,False,10,neuronpedia_global,all_prompt_positions_and_generated_tokens,question_mark,72,,,93,True,1.0,1.8,1.0,评估,vocab_token:99973,99973,677f4db3e9b5283cb7888ea4477f7df9c3b4a1458022f85a542bbf93c88ca10a,34,word_filtered_appearance_fallback,164,43,word_filtered_rank,CORRECT,CORRECT,CORRECT,CORRECT,True,True,CORRECT/INCORRECT,CORRECT,True,True,True,14.06272528657621,15.1333032771945,1.0705779906182897,14.06272528657621,15.1333032771945,1.0705779906182897,8.3125,18.25,False,no_flip,True,1.373253544792533
2,calibration,self,geography,1,frozen_primary,True,1,neuronpedia_global,all_prompt_positions_and_generated_tokens,question_mark,73,,,94,True,1.0,-1.7,-1.0,评价,vocab_token:97817,97817,8a87e6e3f1867b77d6b1e41a3304949df1310120316964b73eb3391f0877cfb6,40,frozen_primary_layer,23,5,word_filtered_rank,CORRECT,CORRECT,CORRECT,CORRECT,True,True,CORRECT/INCORRECT,CORRECT,True,True,True,10.000112059513526,0.133939959021518,-9.866172100492008,10.000112059513526,0.133939959021518,-9.866172100492008,12.8125,-28.25,False,no_flip,True,1.3757550604641438
2,calibration,self,geography,1,frozen_primary,True,2,neuronpedia_global,all_prompt_positions_and_generated_tokens,question_mark,73,,,94,True,1.0,1.8,1.0,评价,vocab_token:97817,97817,8a87e6e3f1867b77d6b1e41a3304949df1310120316964b73eb3391f0877cfb6,40,frozen_primary_layer,23,5,word_filtered_rank,CORRECT,CORRECT,CORRECT,CORRECT,True,True,CORRECT/INCORRECT,CORRECT,True,True,True,10.000112059513526,11.570913420058787,1.5708013605452606,10.000112059513526,11.570913420058787,1.5708013605452606,12.8125,28.875,False,no_flip,True,1.3755453042685986
2,calibration,self,geography,1,adaptive_rescue,False,3,neuronpedia_global,all_prompt_positions_and_generated_tokens,question_mark,73,,,94,True,1.0,-1.7,-1.0,评价,vocab_token:97817,97817,73c683f129559da9c009e22ae409cac0b6d96ba20351cea4ec1fb27f162c843c,35,word_filtered_appearance_fallback,112,34,word_filtered_rank,CORRECT,CORRECT,"COR
",,True,False,CORRECT/INCORRECT,CORRECT,True,True,False,10.000112059513526,4.328253000974655,-5.671859058538871,10.000112059513526,4.328253000974655,-5.671859058538871,8.9375,-18.75,False,no_flip,True,1.220268003642559
2,calibration,self,geography,1,adaptive_rescue,False,4,neuronpedia_global,all_prompt_positions_and_generated_tokens,question_mark,73,,,94,True,1.0,1.8,1.0,评价,vocab_token:97817,97817,73c683f129559da9c009e22ae409cac0b6d96ba20351cea4ec1fb27f162c843c,35,word_filtered_appearance_fallback,112,34,word_filtered_rank,CORRECT,CORRECT,CORRECT,CORRECT,True,True,CORRECT/INCORRECT,CORRECT,True,True,True,10.000112059513526,16.417936702026054,6.417824642512528,10.000112059513526,16.417936702026054,6.417824642512528,8.9375,19.375,False,no_flip,True,1.3742134682834148
2,calibration,self,geography,1,adaptive_rescue,False,5,neuronpedia_global,all_prompt_positions_and_generated_tokens,question_mark,73,,,94,True,1.0,-1.7,-1.0,评价,vocab_token:97817,97817,33e7d0a9523a0c229af71fe72e9d2bec61350f547675569a386512d996b5a0d1,36,word_filtered_appearance_fallback,102,47,word_filtered_rank,CORRECT,CORRECT,CORRECT,CORRECT,True,True,CORRECT/INCORRECT,CORRECT,True,True,True,10.000112059513526,4.326373015996069,-5.6737390435174575,10.000112059513526,4.326373015996069,-5.6737390435174575,9.25,-19.875,False,no_flip,True,1.4343817345798016
2,calibration,self,geography,1,adaptive_rescue,False,6,neuronpedia_global,all_prompt_positions_and_generated_tokens,question_mark,73,,,94,True,1.0,1.8,1.0,评价,vocab_token:97817,97817,33e7d0a9523a0c229af71fe72e9d2bec61350f547675569a386512d996b5a0d1,36,word_filtered_appearance_fallback,102,47,word_filtered_rank,CORRECT,CORRECT,CORRECT,CORRECT,True,True,CORRECT/INCORRECT,CORRECT,True,True,True,10.000112059513526,13.046815387846436,3.04670332833291,10.000112059513526,13.046815387846436,3.04670332833291,9.25,21.0,False,no_flip,True,1.4954840037971735
2,calibration,self,geography,1,adaptive_rescue,False,7,neuronpedia_global,all_prompt_positions_and_generated_tokens,question_mark,73,,,94,True,1.0,-1.7,-1.0,评估,vocab_token:99973,99973,c55ca3df206b88ee4dcaf291e77b8830ab68243ed25460e77d6d850604e7a107,40,alternate_candidate_preferred_layer,23,5,word_filtered_rank,CORRECT,CORRECT,CORRECT,CORRECT,True,True,CORRECT/INCORRECT,CORRECT,True,True,True,10.000112059513526,2.993686646059359,-7.006425413454167,10.000112059513526,2.993686646059359,-7.006425413454167,12.8125,-29.25,False,no_flip,True,1.3724916316568851
2,calibration,self,geography,1,adaptive_rescue,False,8,neuronpedia_global,all_prompt_positions_and_generated_tokens,question_mark,73,,,94,True,1.0,1.8,1.0,评估,vocab_token:99973,99973,c55ca3df206b88ee4dcaf291e77b8830ab68243ed25460e77d6d850604e7a107,40,alternate_candidate_preferred_layer,23,5,word_filtered_rank,CORRECT,CORRECT,CORRECT,CORRECT,True,True,CORRECT/INCORRECT,CORRECT,True,True,True,10.000112059513526,15.078191817505285,5.078079757991759,10.000112059513526,15.078191817505285,5.078079757991759,12.8125,28.625,False,no_flip,True,1.3732733763754368
2,calibration,self,geography,1,adaptive_rescue,False,9,neuronpedia_global,all_prompt_positions_and_generated_tokens,question_mark,73,,,94,True,1.0,-1.7,-1.0,评估,vocab_token:99973,99973,677f4db3e9b5283cb7888ea4477f7df9c3b4a1458022f85a542bbf93c88ca10a,34,word_filtered_appearance_fallback,150,40,word_filtered_rank,CORRECT,CORRECT,"CORRECT
",CORRECT,True,True,CORRECT/INCORRECT,CORRECT,True,True,True,10.000112059513526,11.280963250435889,1.2808511909223625,10.000112059513526,11.280963250435889,1.2808511909223625,8.5,-18.625,False,no_flip,True,1.3820046577602625
2,calibration,self,geography,1,adaptive_rescue,False,10,neuronpedia_global,all_prompt_positions_and_generated_tokens,question_mark,73,,,94,True,1.0,1.8,1.0,评估,vocab_token:99973,99973,677f4db3e9b5283cb7888ea4477f7df9c3b4a1458022f85a542bbf93c88ca10a,34,word_filtered_appearance_fallback,150,40,word_filtered_rank,CORRECT,CORRECT,To determine the评估结果，我们需要分析,,True,False,CORRECT/INCORRECT,CORRECT,True,True,False,10.000112059513526,13.499571584165096,3.49945952465157,10.000112059513526,13.499571584165096,3.49945952465157,8.5,18.375,False,no_flip,True,2.1454688385128975
3,calibration,self,biology,1,frozen_primary,True,1,neuronpedia_global,all_prompt_positions_and_generated_tokens,question_mark,70,,,91,True,1.0,-1.7,-1.0,评价,vocab_token:97817,97817,8a87e6e3f1867b77d6b1e41a3304949df1310120316964b73eb3391f0877cfb6,40,frozen_primary_layer,36,13,word_filtered_rank,CORRECT,CORRECT,CORRECT,CORRECT,True,True,CORRECT/INCORRECT,CORRECT,True,True,True,14.625491636368793,0.7674165889329743,-13.858075047435818,14.625491636368793,0.7674165889329743,-13.858075047435818,12.1875,-28.5,False,no_flip,True,1.3829613979905844
3,calibration,self,biology,1,frozen_primary,True,2,neuronpedia_global,all_prompt_positions_and_generated_tokens,question_mark,70,,,91,True,1.0,1.8,1.0,评价,vocab_token:97817,97817,8a87e6e3f1867b77d6b1e41a3304949df1310120316964b73eb3391f0877cfb6,40,frozen_primary_layer,36,13,word_filtered_rank,CORRECT,CORRECT,CORRECT,CORRECT,True,True,CORRECT/INCORRECT,CORRECT,True,True,True,14.625491636368793,10.372783156111836,-4.252708480256956,14.625491636368793,10.372783156111836,-4.252708480256956,12.1875,28.625,False,no_flip,True,1.3757154643535614
3,calibration,self,biology,1,adaptive_rescue,False,3,neuronpedia_global,all_prompt_positions_and_generated_tokens,question_mark,70,,,91,True,1.0,-1.7,-1.0,评价,vocab_token:97817,97817,73c683f129559da9c009e22ae409cac0b6d96ba20351cea4ec1fb27f162c843c,35,word_filtered_appearance_fallback,103,36,word_filtered_rank,CORRECT,CORRECT,CORRET,,True,False,CORRECT/INCORRECT,CORRECT,True,True,False,14.625491636368793,6.48505677934736,-8.140434857021432,14.625491636368793,6.48505677934736,-8.140434857021432,8.9375,-18.875,False,no_flip,True,1.3841587472707033
3,calibration,self,biology,1,adaptive_rescue,False,4,neuronpedia_global,all_prompt_positions_and_generated_tokens,question_mark,70,,,91,True,1.0,1.8,1.0,评价,vocab_token:97817,97817,73c683f129559da9c009e22ae409cac0b6d96ba20351cea4ec1fb27f162c843c,35,word_filtered_appearance_fallback,103,36,word_filtered_rank,CORRECT,CORRECT,CORRECT,CORRECT,True,True,CORRECT/INCORRECT,CORRECT,True,True,True,14.625491636368793,15.74694495042786,1.1214533140590675,14.625491636368793,15.74694495042786,1.1214533140590675,8.9375,19.25,False,no_flip,True,1.3765244837850332
3,calibration,self,biology,1,adaptive_rescue,False,5,neuronpedia_global,all_prompt_positions_and_generated_tokens,question_mark,70,,,91,True,1.0,-1.7,-1.0,评价,vocab_token:97817,97817,40e9689ba1debf117f4edecea706fbb0f5cb6bcd4aace256cbb71af8539f1224,37,word_filtered_appearance_fallback,78,36,word_filtered_rank,CORRECT,CORRECT,CORRECT,CORRECT,True,True,CORRECT/INCORRECT,CORRECT,True,True,True,14.625491636368793,7.2547932744491845,-7.370698361919608,14.625491636368793,7.2547932744491845,-7.370698361919608,10.0,-21.75,False,no_flip,True,1.3718581888824701
3,calibration,self,biology,1,adaptive_rescue,False,6,neuronpedia_global,all_prompt_positions_and_generated_tokens,question_mark,70,,,91,True,1.0,1.8,1.0,评价,vocab_token:97817,97817,40e9689ba1debf117f4edecea706fbb0f5cb6bcd4aace256cbb71af8539f1224,37,word_filtered_appearance_fallback,78,36,word_filtered_rank,CORRECT,CORRECT,CORRECT,CORRECT,True,True,CORRECT/INCORRECT,CORRECT,True,True,True,14.625491636368793,5.959979429084342,-8.66551220728445,14.625491636368793,5.959979429084342,-8.66551220728445,10.0,22.5,False,no_flip,True,1.3821676671504974
3,calibration,self,biology,1,adaptive_rescue,False,7,neuronpedia_global,all_prompt_positions_and_generated_tokens,question_mark,70,,,91,True,1.0,-1.7,-1.0,评估,vocab_token:99973,99973,c55ca3df206b88ee4dcaf291e77b8830ab68243ed25460e77d6d850604e7a107,40,alternate_candidate_preferred_layer,26,8,word_filtered_rank,CORRECT,CORRECT,CORRECT,CORRECT,True,True,CORRECT/INCORRECT,CORRECT,True,True,True,14.625491636368793,3.139392253226106,-11.486099383142687,14.625491636368793,3.139392253226106,-11.486099383142687,12.625,-29.5,False,no_flip,True,1.3749128710478544
3,calibration,self,biology,1,adaptive_rescue,False,8,neuronpedia_global,all_prompt_positions_and_generated_tokens,question_mark,70,,,91,True,1.0,1.8,1.0,评估,vocab_token:99973,99973,c55ca3df206b88ee4dcaf291e77b8830ab68243ed25460e77d6d850604e7a107,40,alternate_candidate_preferred_layer,26,8,word_filtered_rank,CORRECT,CORRECT,CORRECT,CORRECT,True,True,CORRECT/INCORRECT,CORRECT,True,True,True,14.625491636368793,16.25747990468517,1.6319882683163769,14.625491636368793,16.25747990468517,1.6319882683163769,12.625,28.5,False,no_flip,True,1.3716981709003448
3,calibration,self,biology,1,adaptive_rescue,False,9,neuronpedia_global,all_prompt_positions_and_generated_tokens,question_mark,70,,,91,True,1.0,-1.7,-1.0,评估,vocab_token:99973,99973,677f4db3e9b5283cb7888ea4477f7df9c3b4a1458022f85a542bbf93c88ca10a,34,word_filtered_appearance_fallback,121,31,word_filtered_rank,CORRECT,CORRECT,CORRECT,CORRECT,True,True,CORRECT/INCORRECT,CORRECT,True,True,True,14.625491636368793,11.570906628854573,-3.05458500751422,14.625491636368793,11.570906628854573,-3.05458500751422,8.6875,-18.625,False,no_flip,True,1.3840279281139374
3,calibration,self,biology,1,adaptive_rescue,False,10,neuronpedia_global,all_prompt_positions_and_generated_tokens,question_mark,70,,,91,True,1.0,1.8,1.0,评估,vocab_token:99973,99973,677f4db3e9b5283cb7888ea4477f7df9c3b4a1458022f85a542bbf93c88ca10a,34,word_filtered_appearance_fallback,121,31,word_filtered_rank,CORRECT,CORRECT,CORRECT,CORRECT,True,True,CORRECT/INCORRECT,CORRECT,True,True,True,14.625491636368793,14.87095732241869,0.24546568604989716,14.625491636368793,14.87095732241869,0.24546568604989716,8.6875,18.375,False,no_flip,True,1.3722316734492779
4,calibration,self,chemistry,1,frozen_primary,True,1,neuronpedia_global,all_prompt_positions_and_generated_tokens,question_mark,73,,,94,True,1.0,-1.7,-1.0,评价,vocab_token:97817,97817,8a87e6e3f1867b77d6b1e41a3304949df1310120316964b73eb3391f0877cfb6,40,frozen_primary_layer,36,13,word_filtered_rank,CORRECT,CORRECT,CORRECT,CORRECT,True,True,CORRECT/INCORRECT,CORRECT,True,True,True,12.500292870248927,0.7799788664851803,-11.720314003763747,12.500292870248927,0.7799788664851803,-11.720314003763747,12.5,-28.375,False,no_flip,True,1.3753812946379185
4,calibration,self,chemistry,1,frozen_primary,True,2,neuronpedia_global,all_prompt_positions_and_generated_tokens,question_mark,73,,,94,True,1.0,1.8,1.0,评价,vocab_token:97817,97817,8a87e6e3f1867b77d6b1e41a3304949df1310120316964b73eb3391f0877cfb6,40,frozen_primary_layer,36,13,word_filtered_rank,CORRECT,CORRECT,CORRECT,CORRECT,True,True,CORRECT/INCORRECT,CORRECT,True,True,True,12.500292870248927,11.576210480183363,-0.9240823900655641,12.500292870248927,11.576210480183363,-0.9240823900655641,12.5,28.875,False,no_flip,True,1.37145041115582
4,calibration,self,chemistry,1,adaptive_rescue,False,3,neuronpedia_global,all_prompt_positions_and_generated_tokens,question_mark,73,,,94,True,1.0,-1.7,-1.0,评价,vocab_token:97817,97817,73c683f129559da9c009e22ae409cac0b6d96ba20351cea4ec1fb27f162c843c,35,word_filtered_appearance_fallback,130,43,word_filtered_rank,CORRECT,CORRECT,CORRET,,True,False,CORRECT/INCORRECT,CORRECT,True,True,False,12.500292870248927,7.692254886031151,-4.808037984217776,12.500292870248927,7.692254886031151,-4.808037984217776,8.6875,-18.75,False,no_flip,True,1.383754139766097
4,calibration,self,chemistry,1,adaptive_rescue,False,4,neuronpedia_global,all_prompt_positions_and_generated_tokens,question_mark,73,,,94,True,1.0,1.8,1.0,评价,vocab_token:97817,97817,73c683f129559da9c009e22ae409cac0b6d96ba20351cea4ec1fb27f162c843c,35,word_filtered_appearance_fallback,130,43,word_filtered_rank,CORRECT,CORRECT,CORRECT,CORRECT,True,True,CORRECT/INCORRECT,CORRECT,True,True,True,12.500292870248927,15.134954175446182,2.6346613051972554,12.500292870248927,15.134954175446182,2.6346613051972554,8.6875,19.375,False,no_flip,True,1.3796433191746473
4,calibration,self,chemistry,1,adaptive_rescue,False,5,neuronpedia_global,all_prompt_positions_and_generated_tokens,question_mark,73,,,94,True,1.0,-1.7,-1.0,评价,vocab_token:97817,97817,40e9689ba1debf117f4edecea706fbb0f5cb6bcd4aace256cbb71af8539f1224,37,word_filtered_appearance_fallback,94,46,word_filtered_rank,CORRECT,CORRECT,CORRECT,CORRECT,True,True,CORRECT/INCORRECT,CORRECT,True,True,True,12.500292870248927,5.5308100446127355,-6.969482825636192,12.500292870248927,5.5308100446127355,-6.969482825636192,9.875,-21.625,False,no_flip,True,1.3703897502273321
4,calibration,self,chemistry,1,adaptive_rescue,False,6,neuronpedia_global,all_prompt_positions_and_generated_tokens,question_mark,73,,,94,True,1.0,1.8,1.0,评价,vocab_token:97817,97817,40e9689ba1debf117f4edecea706fbb0f5cb6bcd4aace256cbb71af8539f1224,37,word_filtered_appearance_fallback,94,46,word_filtered_rank,CORRECT,CORRECT,CORRECT,CORRECT,True,True,CORRECT/INCORRECT,CORRECT,True,True,True,12.500292870248927,5.711960770888254,-6.788332099360673,12.500292870248927,5.711960770888254,-6.788332099360673,9.875,22.625,False,no_flip,True,1.3770501129329205
4,calibration,self,chemistry,1,adaptive_rescue,False,7,neuronpedia_global,all_prompt_positions_and_generated_tokens,question_mark,73,,,94,True,1.0,-1.7,-1.0,评估,vocab_token:99973,99973,c55ca3df206b88ee4dcaf291e77b8830ab68243ed25460e77d6d850604e7a107,40,alternate_candidate_preferred_layer,24,7,word_filtered_rank,CORRECT,CORRECT,CORRECT,CORRECT,True,True,CORRECT/INCORRECT,CORRECT,True,True,True,12.500292870248927,3.183797762638278,-9.316495107610649,12.500292870248927,3.183797762638278,-9.316495107610649,13.0,-29.125,False,no_flip,True,1.3694045785814524
4,calibration,self,chemistry,1,adaptive_rescue,False,8,neuronpedia_global,all_prompt_positions_and_generated_tokens,question_mark,73,,,94,True,1.0,1.8,1.0,评估,vocab_token:99973,99973,c55ca3df206b88ee4dcaf291e77b8830ab68243ed25460e77d6d850604e7a107,40,alternate_candidate_preferred_layer,24,7,word_filtered_rank,CORRECT,CORRECT,CORRECT,CORRECT,True,True,CORRECT/INCORRECT,CORRECT,True,True,True,12.500292870248927,16.053339575300924,3.5530467050519974,12.500292870248927,16.053339575300924,3.5530467050519974,13.0,28.75,False,no_flip,True,1.3750493805855513
4,calibration,self,chemistry,1,adaptive_rescue,False,9,neuronpedia_global,all_prompt_positions_and_generated_tokens,question_mark,73,,,94,True,1.0,-1.7,-1.0,评估,vocab_token:99973,99973,677f4db3e9b5283cb7888ea4477f7df9c3b4a1458022f85a542bbf93c88ca10a,34,word_filtered_appearance_fallback,136,37,word_filtered_rank,CORRECT,CORRECT,CORRECT,CORRECT,True,True,CORRECT/INCORRECT,CORRECT,True,True,True,12.500292870248927,12.463981808163226,-0.03631106208570145,12.500292870248927,12.463981808163226,-0.03631106208570145,8.5625,-18.625,False,no_flip,True,1.3743924051523209
4,calibration,self,chemistry,1,adaptive_rescue,False,10,neuronpedia_global,all_prompt_positions_and_generated_tokens,question_mark,73,,,94,True,1.0,1.8,1.0,评估,vocab_token:99973,99973,677f4db3e9b5283cb7888ea4477f7df9c3b4a1458022f85a542bbf93c88ca10a,34,word_filtered_appearance_fallback,136,37,word_filtered_rank,CORRECT,CORRECT,The assessment是正确的。,,True,False,CORRECT/INCORRECT,CORRECT,True,True,False,12.500292870248927,12.846443086862564,0.346150216613637,12.500292870248927,12.846443086862564,0.346150216613637,8.5625,18.375,False,no_flip,True,1.8996122404932976
5,calibration,self,geography,1,frozen_primary,True,1,neuronpedia_global,all_prompt_positions_and_generated_tokens,question_mark,80,,,101,True,1.0,-1.7,-1.0,评价,vocab_token:97817,97817,8a87e6e3f1867b77d6b1e41a3304949df1310120316964b73eb3391f0877cfb6,40,frozen_primary_layer,18,4,word_filtered_rank,CORRECT,CORRECT,CORRECT,CORRECT,True,True,CORRECT/INCORRECT,CORRECT,True,True,True,14.000392035741413,1.6406529695668723,-12.35973906617454,14.000392035741413,1.6406529695668723,-12.35973906617454,13.25,-28.25,False,no_flip,True,1.3768237438052893
5,calibration,self,geography,1,frozen_primary,True,2,neuronpedia_global,all_prompt_positions_and_generated_tokens,question_mark,80,,,101,True,1.0,1.8,1.0,评价,vocab_token:97817,97817,8a87e6e3f1867b77d6b1e41a3304949df1310120316964b73eb3391f0877cfb6,40,frozen_primary_layer,18,4,word_filtered_rank,CORRECT,CORRECT,CORRECT,CORRECT,True,True,CORRECT/INCORRECT,CORRECT,True,True,True,14.000392035741413,11.106896383687854,-2.8934956520535593,14.000392035741413,11.106896383687854,-2.8934956520535593,13.25,29.0,False,no_flip,True,1.3768886923789978
5,calibration,self,geography,1,adaptive_rescue,False,3,neuronpedia_global,all_prompt_positions_and_generated_tokens,question_mark,80,,,101,True,1.0,-1.7,-1.0,评价,vocab_token:97817,97817,bef85d6a374ddac25e42b95f1b4bb9f8131e2f89e34fae731ce1a6093bff97d7,34,word_filtered_appearance_fallback,148,49,word_filtered_rank,CORRECT,CORRECT,COR,,True,False,CORRECT/INCORRECT,CORRECT,True,True,False,14.000392035741413,9.506524860858917,-4.493867174882496,14.000392035741413,9.506524860858917,-4.493867174882496,7.96875,-18.375,False,no_flip,True,1.234125318005681
5,calibration,self,geography,1,adaptive_rescue,False,4,neuronpedia_global,all_prompt_positions_and_generated_tokens,question_mark,80,,,101,True,1.0,1.8,1.0,评价,vocab_token:97817,97817,bef85d6a374ddac25e42b95f1b4bb9f8131e2f89e34fae731ce1a6093bff97d7,34,word_filtered_appearance_fallback,148,49,word_filtered_rank,CORRECT,CORRECT,CORRECT,CORRECT,True,True,CORRECT/INCORRECT,CORRECT,True,True,True,14.000392035741413,14.639044388663024,0.6386523529216106,14.000392035741413,14.639044388663024,0.6386523529216106,7.96875,19.0,False,no_flip,True,1.3796897362917662
5,calibration,self,geography,1,adaptive_rescue,False,5,neuronpedia_global,all_prompt_positions_and_generated_tokens,question_mark,80,,,101,True,1.0,-1.7,-1.0,评价,vocab_token:97817,97817,73c683f129559da9c009e22ae409cac0b6d96ba20351cea4ec1fb27f162c843c,35,word_filtered_appearance_fallback,76,28,word_filtered_rank,CORRECT,CORRECT,CORRET,,True,False,CORRECT/INCORRECT,CORRECT,True,True,False,14.000392035741413,7.787783704698086,-6.212608331043327,14.000392035741413,7.787783704698086,-6.212608331043327,8.6875,-18.75,False,no_flip,True,1.3765944484621286
5,calibration,self,geography,1,adaptive_rescue,False,6,neuronpedia_global,all_prompt_positions_and_generated_tokens,question_mark,80,,,101,True,1.0,1.8,1.0,评价,vocab_token:97817,97817,73c683f129559da9c009e22ae409cac0b6d96ba20351cea4ec1fb27f162c843c,35,word_filtered_appearance_fallback,76,28,word_filtered_rank,CORRECT,CORRECT,CORRECT,CORRECT,True,True,CORRECT/INCORRECT,CORRECT,True,True,True,14.000392035741413,16.09550495177973,2.0951129160383175,14.000392035741413,16.09550495177973,2.0951129160383175,8.6875,19.375,False,no_flip,True,1.3858107421547174
5,calibration,self,geography,1,adaptive_rescue,False,7,neuronpedia_global,all_prompt_positions_and_generated_tokens,question_mark,80,,,101,True,1.0,-1.7,-1.0,评估,vocab_token:99973,99973,c55ca3df206b88ee4dcaf291e77b8830ab68243ed25460e77d6d850604e7a107,40,alternate_candidate_preferred_layer,17,3,word_filtered_rank,CORRECT,CORRECT,CORRECT,CORRECT,True,True,CORRECT/INCORRECT,CORRECT,True,True,True,14.000392035741413,2.9193858396993164,-11.081006196042097,14.000392035741413,2.9193858396993164,-11.081006196042097,13.375,-29.125,False,no_flip,True,1.3755081836134195
5,calibration,self,geography,1,adaptive_rescue,False,8,neuronpedia_global,all_prompt_positions_and_generated_tokens,question_mark,80,,,101,True,1.0,1.8,1.0,评估,vocab_token:99973,99973,c55ca3df206b88ee4dcaf291e77b8830ab68243ed25460e77d6d850604e7a107,40,alternate_candidate_preferred_layer,17,3,word_filtered_rank,CORRECT,CORRECT,CORRECT,CORRECT,True,True,CORRECT/INCORRECT,CORRECT,True,True,True,14.000392035741413,15.28662318305578,1.2862311473143677,14.000392035741413,15.28662318305578,1.2862311473143677,13.375,28.75,False,no_flip,True,1.381772318854928
5,calibration,self,geography,1,adaptive_rescue,False,9,neuronpedia_global,all_prompt_positions_and_generated_tokens,question_mark,80,,,101,True,1.0,-1.7,-1.0,评估,vocab_token:99973,99973,b5c48f6c629a939d1d85b6db5e7086810203c7021b98bac2fcf26dbbbbc7c7ea,33,word_filtered_appearance_fallback,168,44,word_filtered_rank,CORRECT,CORRECT,"CORRECT
",CORRECT,True,True,CORRECT/INCORRECT,CORRECT,True,True,True,14.000392035741413,10.175045520067215,-3.825346515674198,14.000392035741413,10.175045520067215,-3.825346515674198,8.1875,-16.5,False,no_flip,True,1.379404740408063
5,calibration,self,geography,1,adaptive_rescue,False,10,neuronpedia_global,all_prompt_positions_and_generated_tokens,question_mark,80,,,101,True,1.0,1.8,1.0,评估,vocab_token:99973,99973,b5c48f6c629a939d1d85b6db5e7086810203c7021b98bac2fcf26dbbbbc7c7ea,33,word_filtered_appearance_fallback,168,44,word_filtered_rank,CORRECT,CORRECT,The evaluation of the claim is appropriate because,,True,False,CORRECT/INCORRECT,CORRECT,True,True,False,14.000392035741413,8.98964548110962,-5.010746554631794,14.000392035741413,8.98964548110962,-5.010746554631794,8.1875,16.25,False,no_flip,True,2.149334102869034
6,calibration,self,biology,1,frozen_primary,True,1,neuronpedia_global,all_prompt_positions_and_generated_tokens,question_mark,76,,,97,True,1.0,-1.7,-1.0,评价,vocab_token:97817,97817,8a87e6e3f1867b77d6b1e41a3304949df1310120316964b73eb3391f0877cfb6,40,frozen_primary_layer,30,10,word_filtered_rank,CORRECT,CORRECT,CORRECT,CORRECT,True,True,CORRECT/INCORRECT,CORRECT,True,True,True,13.375494251358873,0.39116276739514433,-12.984331483963729,13.375494251358873,0.39116276739514433,-12.984331483963729,12.8125,-28.375,False,no_flip,True,1.375429056584835
6,calibration,self,biology,1,frozen_primary,True,2,neuronpedia_global,all_prompt_positions_and_generated_tokens,question_mark,76,,,97,True,1.0,1.8,1.0,评价,vocab_token:97817,97817,8a87e6e3f1867b77d6b1e41a3304949df1310120316964b73eb3391f0877cfb6,40,frozen_primary_layer,30,10,word_filtered_rank,CORRECT,CORRECT,CORRECT,CORRECT,True,True,CORRECT/INCORRECT,CORRECT,True,True,True,13.375494251358873,11.320609520189464,-2.054884731169409,13.375494251358873,11.320609520189464,-2.054884731169409,12.8125,28.75,False,no_flip,True,1.386173639446497
6,calibration,self,biology,1,adaptive_rescue,False,3,neuronpedia_global,all_prompt_positions_and_generated_tokens,question_mark,76,,,97,True,1.0,-1.7,-1.0,评价,vocab_token:97817,97817,73c683f129559da9c009e22ae409cac0b6d96ba20351cea4ec1fb27f162c843c,35,word_filtered_appearance_fallback,98,35,word_filtered_rank,CORRECT,CORRECT,CORRET,,True,False,CORRECT/INCORRECT,CORRECT,True,True,False,13.375494251358873,6.579126883298159,-6.796367368060714,13.375494251358873,6.579126883298159,-6.796367368060714,8.9375,-18.875,False,no_flip,True,1.3853102661669254
6,calibration,self,biology,1,adaptive_rescue,False,4,neuronpedia_global,all_prompt_positions_and_generated_tokens,question_mark,76,,,97,True,1.0,1.8,1.0,评价,vocab_token:97817,97817,73c683f129559da9c009e22ae409cac0b6d96ba20351cea4ec1fb27f162c843c,35,word_filtered_appearance_fallback,98,35,word_filtered_rank,CORRECT,CORRECT,CORRECT,CORRECT,True,True,CORRECT/INCORRECT,CORRECT,True,True,True,13.375494251358873,16.357290672836825,2.981796421477952,13.375494251358873,16.357290672836825,2.981796421477952,8.9375,19.25,False,no_flip,True,1.3837670404464006
6,calibration,self,biology,1,adaptive_rescue,False,5,neuronpedia_global,all_prompt_positions_and_generated_tokens,question_mark,76,,,97,True,1.0,-1.7,-1.0,评价,vocab_token:97817,97817,40e9689ba1debf117f4edecea706fbb0f5cb6bcd4aace256cbb71af8539f1224,37,word_filtered_appearance_fallback,83,40,word_filtered_rank,CORRECT,CORRECT,CORRECT,CORRECT,True,True,CORRECT/INCORRECT,CORRECT,True,True,True,13.375494251358873,2.878927264828235,-10.496566986530638,13.375494251358873,2.878927264828235,-10.496566986530638,10.125,-21.75,False,no_flip,True,1.3858669213950634
6,calibration,self,biology,1,adaptive_rescue,False,6,neuronpedia_global,all_prompt_positions_and_generated_tokens,question_mark,76,,,97,True,1.0,1.8,1.0,评价,vocab_token:97817,97817,40e9689ba1debf117f4edecea706fbb0f5cb6bcd4aace256cbb71af8539f1224,37,word_filtered_appearance_fallback,83,40,word_filtered_rank,CORRECT,CORRECT,CORRECT,CORRECT,True,True,CORRECT/INCORRECT,CORRECT,True,True,True,13.375494251358873,5.398639641352929,-7.976854610005944,13.375494251358873,5.398639641352929,-7.976854610005944,10.125,22.5,False,no_flip,True,1.3898037746548653
6,calibration,self,biology,1,adaptive_rescue,False,7,neuronpedia_global,all_prompt_positions_and_generated_tokens,question_mark,76,,,97,True,1.0,-1.7,-1.0,评估,vocab_token:99973,99973,c55ca3df206b88ee4dcaf291e77b8830ab68243ed25460e77d6d850604e7a107,40,alternate_candidate_preferred_layer,22,6,word_filtered_rank,CORRECT,CORRECT,CORRECT,CORRECT,True,True,CORRECT/INCORRECT,CORRECT,True,True,True,13.375494251358873,2.8920864775382142,-10.483407773820659,13.375494251358873,2.8920864775382142,-10.483407773820659,13.125,-29.25,False,no_flip,True,1.3772904090583324
6,calibration,self,biology,1,adaptive_rescue,False,8,neuronpedia_global,all_prompt_positions_and_generated_tokens,question_mark,76,,,97,True,1.0,1.8,1.0,评估,vocab_token:99973,99973,c55ca3df206b88ee4dcaf291e77b8830ab68243ed25460e77d6d850604e7a107,40,alternate_candidate_preferred_layer,22,6,word_filtered_rank,CORRECT,CORRECT,CORRECT,CORRECT,True,True,CORRECT/INCORRECT,CORRECT,True,True,True,13.375494251358873,15.768805851228535,2.393311599869662,13.375494251358873,15.768805851228535,2.393311599869662,13.125,28.625,False,no_flip,True,1.385544553399086
6,calibration,self,biology,1,adaptive_rescue,False,9,neuronpedia_global,all_prompt_positions_and_generated_tokens,question_mark,76,,,97,True,1.0,-1.7,-1.0,评估,vocab_token:99973,99973,677f4db3e9b5283cb7888ea4477f7df9c3b4a1458022f85a542bbf93c88ca10a,34,word_filtered_appearance_fallback,126,36,word_filtered_rank,CORRECT,CORRECT,CORRECT,CORRECT,True,True,CORRECT/INCORRECT,CORRECT,True,True,True,13.375494251358873,10.422154115512967,-2.953340135845906,13.375494251358873,10.422154115512967,-2.953340135845906,8.6875,-18.625,False,no_flip,True,1.3791925217956305
6,calibration,self,biology,1,adaptive_rescue,False,10,neuronpedia_global,all_prompt_positions_and_generated_tokens,question_mark,76,,,97,True,1.0,1.8,1.0,评估,vocab_token:99973,99973,677f4db3e9b5283cb7888ea4477f7df9c3b4a1458022f85a542bbf93c88ca10a,34,word_filtered_appearance_fallback,126,36,word_filtered_rank,CORRECT,CORRECT,The claim评估为正确，因为该,,True,False,CORRECT/INCORRECT,CORRECT,True,True,False,13.375494251358873,12.215672925114632,-1.1598213262442414,13.375494251358873,12.215672925114632,-1.1598213262442414,8.6875,18.375,False,no_flip,True,2.1490833163261414
7,calibration,self,physics,1,frozen_primary,True,1,neuronpedia_global,all_prompt_positions_and_generated_tokens,question_mark,71,,,92,True,1.0,-1.7,-1.0,评价,vocab_token:97817,97817,8a87e6e3f1867b77d6b1e41a3304949df1310120316964b73eb3391f0877cfb6,40,frozen_primary_layer,31,9,word_filtered_rank,CORRECT,CORRECT,CORRECT,CORRECT,True,True,CORRECT/INCORRECT,CORRECT,True,True,True,14.250212297507574,1.1471095633751247,-13.103102734132449,14.250212297507574,1.1471095633751247,-13.103102734132449,12.3125,-28.5,False,no_flip,True,1.3809307850897312
7,calibration,self,physics,1,frozen_primary,True,2,neuronpedia_global,all_prompt_positions_and_generated_tokens,question_mark,71,,,92,True,1.0,1.8,1.0,评价,vocab_token:97817,97817,8a87e6e3f1867b77d6b1e41a3304949df1310120316964b73eb3391f0877cfb6,40,frozen_primary_layer,31,9,word_filtered_rank,CORRECT,CORRECT,CORRECT,CORRECT,True,True,CORRECT/INCORRECT,CORRECT,True,True,True,14.250212297507574,9.855564763769507,-4.394647533738066,14.250212297507574,9.855564763769507,-4.394647533738066,12.3125,28.75,False,no_flip,True,1.3739486075937748
7,calibration,self,physics,1,adaptive_rescue,False,3,neuronpedia_global,all_prompt_positions_and_generated_tokens,question_mark,71,,,92,True,1.0,-1.7,-1.0,评价,vocab_token:97817,97817,73c683f129559da9c009e22ae409cac0b6d96ba20351cea4ec1fb27f162c843c,35,word_filtered_appearance_fallback,118,39,word_filtered_rank,CORRECT,CORRECT,CORRET,,True,False,CORRECT/INCORRECT,CORRECT,True,True,False,14.250212297507574,6.21213897690177,-8.038073320605804,14.250212297507574,6.21213897690177,-8.038073320605804,8.8125,-18.875,False,no_flip,True,1.3774762880057096
7,calibration,self,physics,1,adaptive_rescue,False,4,neuronpedia_global,all_prompt_positions_and_generated_tokens,question_mark,71,,,92,True,1.0,1.8,1.0,评价,vocab_token:97817,97817,73c683f129559da9c009e22ae409cac0b6d96ba20351cea4ec1fb27f162c843c,35,word_filtered_appearance_fallback,118,39,word_filtered_rank,CORRECT,CORRECT,CORRECT,CORRECT,True,True,CORRECT/INCORRECT,CORRECT,True,True,True,14.250212297507574,15.422060561133549,1.171848263625975,14.250212297507574,15.422060561133549,1.171848263625975,8.8125,19.25,False,no_flip,True,1.385646203532815
7,calibration,self,physics,1,adaptive_rescue,False,5,neuronpedia_global,all_prompt_positions_and_generated_tokens,question_mark,71,,,92,True,1.0,-1.7,-1.0,评价,vocab_token:97817,97817,40e9689ba1debf117f4edecea706fbb0f5cb6bcd4aace256cbb71af8539f1224,37,word_filtered_appearance_fallback,80,36,word_filtered_rank,CORRECT,CORRECT,CORRECT,CORRECT,True,True,CORRECT/INCORRECT,CORRECT,True,True,True,14.250212297507574,7.639260369469412,-6.610951928038162,14.250212297507574,7.639260369469412,-6.610951928038162,10.0,-21.75,False,no_flip,True,1.3783749788999557
7,calibration,self,physics,1,adaptive_rescue,False,6,neuronpedia_global,all_prompt_positions_and_generated_tokens,question_mark,71,,,92,True,1.0,1.8,1.0,评价,vocab_token:97817,97817,40e9689ba1debf117f4edecea706fbb0f5cb6bcd4aace256cbb71af8539f1224,37,word_filtered_appearance_fallback,80,36,word_filtered_rank,CORRECT,CORRECT,CORRECT,CORRECT,True,True,CORRECT/INCORRECT,CORRECT,True,True,True,14.250212297507574,6.035277121583931,-8.214935175923642,14.250212297507574,6.035277121583931,-8.214935175923642,10.0,22.5,False,no_flip,True,1.3747344128787518
7,calibration,self,physics,1,adaptive_rescue,False,7,neuronpedia_global,all_prompt_positions_and_generated_tokens,question_mark,71,,,92,True,1.0,-1.7,-1.0,评估,vocab_token:99973,99973,c55ca3df206b88ee4dcaf291e77b8830ab68243ed25460e77d6d850604e7a107,40,alternate_candidate_preferred_layer,24,6,word_filtered_rank,CORRECT,CORRECT,CORRECT,CORRECT,True,True,CORRECT/INCORRECT,CORRECT,True,True,True,14.250212297507574,3.14763315772052,-11.102579139787053,14.250212297507574,3.14763315772052,-11.102579139787053,12.6875,-29.375,False,no_flip,True,1.383512182161212
7,calibration,self,physics,1,adaptive_rescue,False,8,neuronpedia_global,all_prompt_positions_and_generated_tokens,question_mark,71,,,92,True,1.0,1.8,1.0,评估,vocab_token:99973,99973,c55ca3df206b88ee4dcaf291e77b8830ab68243ed25460e77d6d850604e7a107,40,alternate_candidate_preferred_layer,24,6,word_filtered_rank,CORRECT,CORRECT,CORRECT,CORRECT,True,True,CORRECT/INCORRECT,CORRECT,True,True,True,14.250212297507574,14.299263420281932,0.04905112277435819,14.250212297507574,14.299263420281932,0.04905112277435819,12.6875,28.5,False,no_flip,True,1.3716725129634142
7,calibration,self,physics,1,adaptive_rescue,False,9,neuronpedia_global,all_prompt_positions_and_generated_tokens,question_mark,71,,,92,True,1.0,-1.7,-1.0,评估,vocab_token:99973,99973,677f4db3e9b5283cb7888ea4477f7df9c3b4a1458022f85a542bbf93c88ca10a,34,word_filtered_appearance_fallback,155,44,word_filtered_rank,CORRECT,CORRECT,CORRECT,CORRECT,True,True,CORRECT/INCORRECT,CORRECT,True,True,True,14.250212297507574,11.949527119286358,-2.300685178221215,14.250212297507574,11.949527119286358,-2.300685178221215,8.375,-18.625,False,no_flip,True,1.3749442789703608
7,calibration,self,physics,1,adaptive_rescue,False,10,neuronpedia_global,all_prompt_positions_and_generated_tokens,question_mark,71,,,92,True,1.0,1.8,1.0,评估,vocab_token:99973,99973,677f4db3e9b5283cb7888ea4477f7df9c3b4a1458022f85a542bbf93c88ca10a,34,word_filtered_appearance_fallback,155,44,word_filtered_rank,CORRECT,CORRECT,CORRECT,CORRECT,True,True,CORRECT/INCORRECT,CORRECT,True,True,True,14.250212297507574,15.604490615427494,1.3542783179199205,14.250212297507574,15.604490615427494,1.3542783179199205,8.375,18.25,False,no_flip,True,1.3781921323388815
8,calibration,self,literature,1,frozen_primary,True,1,neuronpedia_global,all_prompt_positions_and_generated_tokens,question_mark,72,,,93,True,1.0,-1.7,-1.0,评价,vocab_token:97817,97817,8a87e6e3f1867b77d6b1e41a3304949df1310120316964b73eb3391f0877cfb6,40,frozen_primary_layer,32,11,word_filtered_rank,CORRECT,CORRECT,INCORRECT,INCORRECT,True,True,CORRECT/INCORRECT,CORRECT,True,True,False,8.625260414360241,-0.11855649831704795,-8.743816912677289,8.625260414360241,-0.11855649831704795,-8.743816912677289,12.5625,-28.25,True,worsened,True,1.526981072500348
8,calibration,self,literature,1,frozen_primary,True,2,neuronpedia_global,all_prompt_positions_and_generated_tokens,question_mark,72,,,93,True,1.0,1.8,1.0,评价,vocab_token:97817,97817,8a87e6e3f1867b77d6b1e41a3304949df1310120316964b73eb3391f0877cfb6,40,frozen_primary_layer,32,11,word_filtered_rank,CORRECT,CORRECT,CORRECT,CORRECT,True,True,CORRECT/INCORRECT,CORRECT,True,True,True,8.625260414360241,10.94857333600521,2.3233129216449697,8.625260414360241,10.94857333600521,2.3233129216449697,12.5625,28.875,False,no_flip,True,1.3737896606326103
9,calibration,self,geography,1,frozen_primary,True,1,neuronpedia_global,all_prompt_positions_and_generated_tokens,question_mark,76,,,97,True,1.0,-1.7,-1.0,评价,vocab_token:97817,97817,8a87e6e3f1867b77d6b1e41a3304949df1310120316964b73eb3391f0877cfb6,40,frozen_primary_layer,24,5,word_filtered_rank,CORRECT,CORRECT,CORRECT,CORRECT,True,True,CORRECT/INCORRECT,CORRECT,True,True,True,7.000410837016034,0.7190003854921088,-6.281410451523925,7.000410837016034,0.7190003854921088,-6.281410451523925,12.375,-28.125,False,no_flip,True,1.3808780759572983
9,calibration,self,geography,1,frozen_primary,True,2,neuronpedia_global,all_prompt_positions_and_generated_tokens,question_mark,76,,,97,True,1.0,1.8,1.0,评价,vocab_token:97817,97817,8a87e6e3f1867b77d6b1e41a3304949df1310120316964b73eb3391f0877cfb6,40,frozen_primary_layer,24,5,word_filtered_rank,CORRECT,CORRECT,CORRECT,CORRECT,True,True,CORRECT/INCORRECT,CORRECT,True,True,True,7.000410837016034,11.068555084057152,4.068144247041118,7.000410837016034,11.068555084057152,4.068144247041118,12.375,28.875,False,no_flip,True,1.392733519896865
9,calibration,self,geography,1,adaptive_rescue,False,3,neuronpedia_global,all_prompt_positions_and_generated_tokens,question_mark,76,,,97,True,1.0,-1.7,-1.0,评价,vocab_token:97817,97817,73c683f129559da9c009e22ae409cac0b6d96ba20351cea4ec1fb27f162c843c,35,word_filtered_appearance_fallback,126,40,word_filtered_rank,CORRECT,CORRECT,CORRET,,True,False,CORRECT/INCORRECT,CORRECT,True,True,False,7.000410837016034,7.859010207466781,0.8585993704507473,7.000410837016034,7.859010207466781,0.8585993704507473,8.4375,-18.75,False,no_flip,True,1.3934572245925665
9,calibration,self,geography,1,adaptive_rescue,False,4,neuronpedia_global,all_prompt_positions_and_generated_tokens,question_mark,76,,,97,True,1.0,1.8,1.0,评价,vocab_token:97817,97817,73c683f129559da9c009e22ae409cac0b6d96ba20351cea4ec1fb27f162c843c,35,word_filtered_appearance_fallback,126,40,word_filtered_rank,CORRECT,CORRECT,CORRECT,CORRECT,True,True,CORRECT/INCORRECT,CORRECT,True,True,True,7.000410837016034,14.845205165678635,7.844794328662601,7.000410837016034,14.845205165678635,7.844794328662601,8.4375,19.375,False,no_flip,True,1.3946211952716112
9,calibration,self,geography,1,adaptive_rescue,False,5,neuronpedia_global,all_prompt_positions_and_generated_tokens,question_mark,76,,,97,True,1.0,-1.7,-1.0,评价,vocab_token:97817,97817,33e7d0a9523a0c229af71fe72e9d2bec61350f547675569a386512d996b5a0d1,36,word_filtered_appearance_fallback,106,49,word_filtered_rank,CORRECT,CORRECT,INCORCT,,True,False,CORRECT/INCORRECT,CORRECT,True,True,False,7.000410837016034,2.819944355345797,-4.180466481670237,7.000410837016034,2.819944355345797,-4.180466481670237,8.75,-19.75,False,no_flip,True,1.5447113513946533
9,calibration,self,geography,1,adaptive_rescue,False,6,neuronpedia_global,all_prompt_positions_and_generated_tokens,question_mark,76,,,97,True,1.0,1.8,1.0,评价,vocab_token:97817,97817,33e7d0a9523a0c229af71fe72e9d2bec61350f547675569a386512d996b5a0d1,36,word_filtered_appearance_fallback,106,49,word_filtered_rank,CORRECT,CORRECT,CORRECT,CORRECT,True,True,CORRECT/INCORRECT,CORRECT,True,True,True,7.000410837016034,11.566540091531351,4.566129254515317,7.000410837016034,11.566540091531351,4.566129254515317,8.75,21.0,False,no_flip,True,1.3784561287611723
9,calibration,self,geography,1,adaptive_rescue,False,7,neuronpedia_global,all_prompt_positions_and_generated_tokens,question_mark,76,,,97,True,1.0,-1.7,-1.0,评估,vocab_token:99973,99973,c55ca3df206b88ee4dcaf291e77b8830ab68243ed25460e77d6d850604e7a107,40,alternate_candidate_preferred_layer,20,4,word_filtered_rank,CORRECT,CORRECT,CORRECT,CORRECT,True,True,CORRECT/INCORRECT,CORRECT,True,True,True,7.000410837016034,3.2551820555927407,-3.745228781423293,7.000410837016034,3.2551820555927407,-3.745228781423293,12.625,-29.25,False,no_flip,True,1.3978546429425478
9,calibration,self,geography,1,adaptive_rescue,False,8,neuronpedia_global,all_prompt_positions_and_generated_tokens,question_mark,76,,,97,True,1.0,1.8,1.0,评估,vocab_token:99973,99973,c55ca3df206b88ee4dcaf291e77b8830ab68243ed25460e77d6d850604e7a107,40,alternate_candidate_preferred_layer,20,4,word_filtered_rank,CORRECT,CORRECT,CORRECT,CORRECT,True,True,CORRECT/INCORRECT,CORRECT,True,True,True,7.000410837016034,14.748468958423473,7.748058121407439,7.000410837016034,14.748468958423473,7.748058121407439,12.625,28.5,False,no_flip,True,1.3967263121157885
9,calibration,self,geography,1,adaptive_rescue,False,9,neuronpedia_global,all_prompt_positions_and_generated_tokens,question_mark,76,,,97,True,1.0,-1.7,-1.0,评估,vocab_token:99973,99973,677f4db3e9b5283cb7888ea4477f7df9c3b4a1458022f85a542bbf93c88ca10a,34,word_filtered_appearance_fallback,158,38,word_filtered_rank,CORRECT,CORRECT,"CORRECT
",CORRECT,True,True,CORRECT/INCORRECT,CORRECT,True,True,True,7.000410837016034,12.880392912775278,5.879982075759244,7.000410837016034,12.880392912775278,5.879982075759244,8.125,-18.625,False,no_flip,True,1.3789069056510925
9,calibration,self,geography,1,adaptive_rescue,False,10,neuronpedia_global,all_prompt_positions_and_generated_tokens,question_mark,76,,,97,True,1.0,1.8,1.0,评估,vocab_token:99973,99973,677f4db3e9b5283cb7888ea4477f7df9c3b4a1458022f85a542bbf93c88ca10a,34,word_filtered_appearance_fallback,158,38,word_filtered_rank,CORRECT,CORRECT,To determine the评估的准确性，我们需要,,True,False,CORRECT/INCORRECT,CORRECT,True,True,False,7.000410837016034,14.562687382102013,7.562276545085979,7.000410837016034,14.562687382102013,7.562276545085979,8.125,18.25,False,no_flip,True,2.165049770846963
10,calibration,self,biology,2,frozen_primary,True,1,neuronpedia_global,all_prompt_positions_and_generated_tokens,question_mark,77,,,98,True,1.0,-1.7,-1.0,评价,vocab_token:97817,97817,8a87e6e3f1867b77d6b1e41a3304949df1310120316964b73eb3391f0877cfb6,40,frozen_primary_layer,28,9,word_filtered_rank,CORRECT,CORRECT,INCORRECT,INCORRECT,True,True,CORRECT/INCORRECT,CORRECT,True,True,False,2.6251447552942864,-0.8888916504220106,-3.514036405716297,2.6251447552942864,-0.8888916504220106,-3.514036405716297,12.375,-28.5,True,worsened,True,1.537558602169156
10,calibration,self,biology,2,frozen_primary,True,2,neuronpedia_global,all_prompt_positions_and_generated_tokens,question_mark,77,,,98,True,1.0,1.8,1.0,评价,vocab_token:97817,97817,8a87e6e3f1867b77d6b1e41a3304949df1310120316964b73eb3391f0877cfb6,40,frozen_primary_layer,28,9,word_filtered_rank,CORRECT,CORRECT,CORRECT,CORRECT,True,True,CORRECT/INCORRECT,CORRECT,True,True,True,2.6251447552942864,8.267979798838496,5.64283504354421,2.6251447552942864,8.267979798838496,5.64283504354421,12.375,28.75,False,no_flip,True,1.38327294588089
11,calibration,self,physics,2,frozen_primary,True,1,neuronpedia_global,all_prompt_positions_and_generated_tokens,question_mark,74,,,95,True,1.0,-1.7,-1.0,评价,vocab_token:97817,97817,8a87e6e3f1867b77d6b1e41a3304949df1310120316964b73eb3391f0877cfb6,40,frozen_primary_layer,25,5,word_filtered_rank,CORRECT,CORRECT,CORRECT,CORRECT,True,True,CORRECT/INCORRECT,CORRECT,True,True,True,12.125064267822552,1.1524130643229,-10.972651203499652,12.125064267822552,1.1524130643229,-10.972651203499652,12.875,-28.625,False,no_flip,True,1.3753724563866854
11,calibration,self,physics,2,frozen_primary,True,2,neuronpedia_global,all_prompt_positions_and_generated_tokens,question_mark,74,,,95,True,1.0,1.8,1.0,评价,vocab_token:97817,97817,8a87e6e3f1867b77d6b1e41a3304949df1310120316964b73eb3391f0877cfb6,40,frozen_primary_layer,25,5,word_filtered_rank,CORRECT,CORRECT,CORRECT,CORRECT,True,True,CORRECT/INCORRECT,CORRECT,True,True,True,12.125064267822552,10.4287717808038,-1.6962924870187521,12.125064267822552,10.4287717808038,-1.6962924870187521,12.875,28.625,False,no_flip,True,1.5823833290487528
11,calibration,self,physics,2,adaptive_rescue,False,3,neuronpedia_global,all_prompt_positions_and_generated_tokens,question_mark,74,,,95,True,1.0,-1.7,-1.0,评价,vocab_token:97817,97817,73c683f129559da9c009e22ae409cac0b6d96ba20351cea4ec1fb27f162c843c,35,word_filtered_appearance_fallback,93,35,word_filtered_rank,CORRECT,CORRECT,CORRET,,True,False,CORRECT/INCORRECT,CORRECT,True,True,False,12.125064267822552,6.6956774005666375,-5.429386867255914,12.125064267822552,6.6956774005666375,-5.429386867255914,8.75,-18.875,False,no_flip,True,1.4730427172034979
11,calibration,self,physics,2,adaptive_rescue,False,4,neuronpedia_global,all_prompt_positions_and_generated_tokens,question_mark,74,,,95,True,1.0,1.8,1.0,评价,vocab_token:97817,97817,73c683f129559da9c009e22ae409cac0b6d96ba20351cea4ec1fb27f162c843c,35,word_filtered_appearance_fallback,93,35,word_filtered_rank,CORRECT,CORRECT,CORRECT,CORRECT,True,True,CORRECT/INCORRECT,CORRECT,True,True,True,12.125064267822552,15.816184860421345,3.691120592598793,12.125064267822552,15.816184860421345,3.691120592598793,8.75,19.25,False,no_flip,True,1.3995112590491772
11,calibration,self,physics,2,adaptive_rescue,False,5,neuronpedia_global,all_prompt_positions_and_generated_tokens,question_mark,74,,,95,True,1.0,-1.7,-1.0,评价,vocab_token:97817,97817,40e9689ba1debf117f4edecea706fbb0f5cb6bcd4aace256cbb71af8539f1224,37,word_filtered_appearance_fallback,78,35,word_filtered_rank,CORRECT,CORRECT,CORRECT,CORRECT,True,True,CORRECT/INCORRECT,CORRECT,True,True,True,12.125064267822552,2.5410297060152516,-9.5840345618073,12.125064267822552,2.5410297060152516,-9.5840345618073,9.8125,-21.875,False,no_flip,True,1.3849000986665487
11,calibration,self,physics,2,adaptive_rescue,False,6,neuronpedia_global,all_prompt_positions_and_generated_tokens,question_mark,74,,,95,True,1.0,1.8,1.0,评价,vocab_token:97817,97817,40e9689ba1debf117f4edecea706fbb0f5cb6bcd4aace256cbb71af8539f1224,37,word_filtered_appearance_fallback,78,35,word_filtered_rank,CORRECT,CORRECT,CORRECT,CORRECT,True,True,CORRECT/INCORRECT,CORRECT,True,True,True,12.125064267822552,6.286575914651621,-5.838488353170931,12.125064267822552,6.286575914651621,-5.838488353170931,9.8125,22.375,False,no_flip,True,1.3973671477288008
11,calibration,self,physics,2,adaptive_rescue,False,7,neuronpedia_global,all_prompt_positions_and_generated_tokens,question_mark,74,,,95,True,1.0,-1.7,-1.0,评估,vocab_token:99973,99973,c55ca3df206b88ee4dcaf291e77b8830ab68243ed25460e77d6d850604e7a107,40,alternate_candidate_preferred_layer,17,3,word_filtered_rank,CORRECT,CORRECT,CORRECT,CORRECT,True,True,CORRECT/INCORRECT,CORRECT,True,True,True,12.125064267822552,3.5102778008067617,-8.61478646701579,12.125064267822552,3.5102778008067617,-8.61478646701579,13.4375,-29.375,False,no_flip,True,1.6052241642028093
11,calibration,self,physics,2,adaptive_rescue,False,8,neuronpedia_global,all_prompt_positions_and_generated_tokens,question_mark,74,,,95,True,1.0,1.8,1.0,评估,vocab_token:99973,99973,c55ca3df206b88ee4dcaf291e77b8830ab68243ed25460e77d6d850604e7a107,40,alternate_candidate_preferred_layer,17,3,word_filtered_rank,CORRECT,CORRECT,CORRECT,CORRECT,True,True,CORRECT/INCORRECT,CORRECT,True,True,True,12.125064267822552,14.561002367932815,2.4359381001102633,12.125064267822552,14.561002367932815,2.4359381001102633,13.4375,28.625,False,no_flip,True,1.3803936820477247
11,calibration,self,physics,2,adaptive_rescue,False,9,neuronpedia_global,all_prompt_positions_and_generated_tokens,question_mark,74,,,95,True,1.0,-1.7,-1.0,评估,vocab_token:99973,99973,677f4db3e9b5283cb7888ea4477f7df9c3b4a1458022f85a542bbf93c88ca10a,34,word_filtered_appearance_fallback,125,36,word_filtered_rank,CORRECT,CORRECT,CORRECT,CORRECT,True,True,CORRECT/INCORRECT,CORRECT,True,True,True,12.125064267822552,13.798993112519383,1.6739288446968317,12.125064267822552,13.798993112519383,1.6739288446968317,8.375,-18.625,False,no_flip,True,1.3713122624903917
11,calibration,self,physics,2,adaptive_rescue,False,10,neuronpedia_global,all_prompt_positions_and_generated_tokens,question_mark,74,,,95,True,1.0,1.8,1.0,评估,vocab_token:99973,99973,677f4db3e9b5283cb7888ea4477f7df9c3b4a1458022f85a542bbf93c88ca10a,34,word_filtered_appearance_fallback,125,36,word_filtered_rank,CORRECT,CORRECT,"The claim ""Lighting never assesses",,True,False,CORRECT/INCORRECT,CORRECT,True,True,False,12.125064267822552,16.249461732804775,4.1243974649822235,12.125064267822552,16.249461732804775,4.1243974649822235,8.375,18.25,False,no_flip,True,2.1408310178667307
12,calibration,self,astronomy,2,frozen_primary,True,1,neuronpedia_global,all_prompt_positions_and_generated_tokens,question_mark,76,,,97,True,1.0,-1.7,-1.0,评价,vocab_token:97817,97817,8a87e6e3f1867b77d6b1e41a3304949df1310120316964b73eb3391f0877cfb6,40,frozen_primary_layer,23,6,word_filtered_rank,CORRECT,CORRECT,CORRECT,CORRECT,True,True,CORRECT/INCORRECT,CORRECT,True,True,True,10.500357228249413,0.2766301696537994,-10.223727058595614,10.500357228249413,0.2766301696537994,-10.223727058595614,12.875,-28.25,False,no_flip,True,1.3911346942186356
12,calibration,self,astronomy,2,frozen_primary,True,2,neuronpedia_global,all_prompt_positions_and_generated_tokens,question_mark,76,,,97,True,1.0,1.8,1.0,评价,vocab_token:97817,97817,8a87e6e3f1867b77d6b1e41a3304949df1310120316964b73eb3391f0877cfb6,40,frozen_primary_layer,23,6,word_filtered_rank,CORRECT,CORRECT,CORRECT,CORRECT,True,True,CORRECT/INCORRECT,CORRECT,True,True,True,10.500357228249413,8.318102676421404,-2.1822545518280094,10.500357228249413,8.318102676421404,-2.1822545518280094,12.875,28.875,False,no_flip,True,1.3814255725592375
12,calibration,self,astronomy,2,adaptive_rescue,False,3,neuronpedia_global,all_prompt_positions_and_generated_tokens,question_mark,76,,,97,True,1.0,-1.7,-1.0,评价,vocab_token:97817,97817,73c683f129559da9c009e22ae409cac0b6d96ba20351cea4ec1fb27f162c843c,35,word_filtered_appearance_fallback,137,50,word_filtered_rank,CORRECT,CORRECT,CORRET,,True,False,CORRECT/INCORRECT,CORRECT,True,True,False,10.500357228249413,7.4031764436513186,-3.0971807845980948,10.500357228249413,7.4031764436513186,-3.0971807845980948,8.5625,-18.875,False,no_flip,True,1.3820840567350388
12,calibration,self,astronomy,2,adaptive_rescue,False,4,neuronpedia_global,all_prompt_positions_and_generated_tokens,question_mark,76,,,97,True,1.0,1.8,1.0,评价,vocab_token:97817,97817,73c683f129559da9c009e22ae409cac0b6d96ba20351cea4ec1fb27f162c843c,35,word_filtered_appearance_fallback,137,50,word_filtered_rank,CORRECT,CORRECT,CORRECT,CORRECT,True,True,CORRECT/INCORRECT,CORRECT,True,True,True,10.500357228249413,15.025414567440748,4.525057339191335,10.500357228249413,15.025414567440748,4.525057339191335,8.5625,19.25,False,no_flip,True,1.3851545881479979
12,calibration,self,astronomy,2,adaptive_rescue,False,5,neuronpedia_global,all_prompt_positions_and_generated_tokens,question_mark,76,,,97,True,1.0,-1.7,-1.0,评价,vocab_token:97817,97817,40e9689ba1debf117f4edecea706fbb0f5cb6bcd4aace256cbb71af8539f1224,37,word_filtered_appearance_fallback,88,41,word_filtered_rank,CORRECT,CORRECT,CORRECT,CORRECT,True,True,CORRECT/INCORRECT,CORRECT,True,True,True,10.500357228249413,6.2117535683792084,-4.288603659870205,10.500357228249413,6.2117535683792084,-4.288603659870205,9.625,-21.75,False,no_flip,True,1.3800497446209192
12,calibration,self,astronomy,2,adaptive_rescue,False,6,neuronpedia_global,all_prompt_positions_and_generated_tokens,question_mark,76,,,97,True,1.0,1.8,1.0,评价,vocab_token:97817,97817,40e9689ba1debf117f4edecea706fbb0f5cb6bcd4aace256cbb71af8539f1224,37,word_filtered_appearance_fallback,88,41,word_filtered_rank,CORRECT,CORRECT,CORRECT,CORRECT,True,True,CORRECT/INCORRECT,CORRECT,True,True,True,10.500357228249413,4.527071969117969,-5.973285259131444,10.500357228249413,4.527071969117969,-5.973285259131444,9.625,22.5,False,no_flip,True,1.3798118084669113
12,calibration,self,astronomy,2,adaptive_rescue,False,7,neuronpedia_global,all_prompt_positions_and_generated_tokens,question_mark,76,,,97,True,1.0,-1.7,-1.0,评估,vocab_token:99973,99973,c55ca3df206b88ee4dcaf291e77b8830ab68243ed25460e77d6d850604e7a107,40,alternate_candidate_preferred_layer,24,7,word_filtered_rank,CORRECT,CORRECT,CORRECT,CORRECT,True,True,CORRECT/INCORRECT,CORRECT,True,True,True,10.500357228249413,2.824332902826427,-7.676024325422986,10.500357228249413,2.824332902826427,-7.676024325422986,12.5625,-29.375,False,no_flip,True,1.3884928673505783
12,calibration,self,astronomy,2,adaptive_rescue,False,8,neuronpedia_global,all_prompt_positions_and_generated_tokens,question_mark,76,,,97,True,1.0,1.8,1.0,评估,vocab_token:99973,99973,c55ca3df206b88ee4dcaf291e77b8830ab68243ed25460e77d6d850604e7a107,40,alternate_candidate_preferred_layer,24,7,word_filtered_rank,CORRECT,CORRECT,CORRECT,CORRECT,True,True,CORRECT/INCORRECT,CORRECT,True,True,True,10.500357228249413,13.33090907940641,2.830551851156997,10.500357228249413,13.33090907940641,2.830551851156997,12.5625,28.5,False,no_flip,True,1.3869539313018322
12,calibration,self,astronomy,2,adaptive_rescue,False,9,neuronpedia_global,all_prompt_positions_and_generated_tokens,question_mark,76,,,97,True,1.0,-1.7,-1.0,评估,vocab_token:99973,99973,677f4db3e9b5283cb7888ea4477f7df9c3b4a1458022f85a542bbf93c88ca10a,34,word_filtered_appearance_fallback,161,45,word_filtered_rank,CORRECT,CORRECT,CORRECT,CORRECT,True,True,CORRECT/INCORRECT,CORRECT,True,True,True,10.500357228249413,15.74793543620035,5.247578207950937,10.500357228249413,15.74793543620035,5.247578207950937,8.25,-18.625,False,no_flip,True,1.3929431289434433
12,calibration,self,astronomy,2,adaptive_rescue,False,10,neuronpedia_global,all_prompt_positions_and_generated_tokens,question_mark,76,,,97,True,1.0,1.8,1.0,评估,vocab_token:99973,99973,677f4db3e9b5283cb7888ea4477f7df9c3b4a1458022f85a542bbf93c88ca10a,34,word_filtered_appearance_fallback,161,45,word_filtered_rank,CORRECT,CORRECT,The assessment是合理的，因为V,,True,False,CORRECT/INCORRECT,CORRECT,True,True,False,10.500357228249413,14.025299362838268,3.524942134588855,10.500357228249413,14.025299362838268,3.524942134588855,8.25,18.25,False,no_flip,True,2.1496448889374733
13,calibration,self,physics,2,frozen_primary,True,1,neuronpedia_global,all_prompt_positions_and_generated_tokens,question_mark,83,,,104,True,1.0,-1.7,-1.0,评价,vocab_token:97817,97817,8a87e6e3f1867b77d6b1e41a3304949df1310120316964b73eb3391f0877cfb6,40,frozen_primary_layer,28,7,word_filtered_rank,CORRECT,CORRECT,INCORRECT,INCORRECT,True,True,CORRECT/INCORRECT,CORRECT,True,True,False,2.500058783512941,-0.867354744928889,-3.36741352844183,2.500058783512941,-0.867354744928889,-3.36741352844183,11.5625,-28.625,True,worsened,True,1.676603151485324
13,calibration,self,physics,2,frozen_primary,True,2,neuronpedia_global,all_prompt_positions_and_generated_tokens,question_mark,83,,,104,True,1.0,1.8,1.0,评价,vocab_token:97817,97817,8a87e6e3f1867b77d6b1e41a3304949df1310120316964b73eb3391f0877cfb6,40,frozen_primary_layer,28,7,word_filtered_rank,CORRECT,CORRECT,CORRECT,CORRECT,True,True,CORRECT/INCORRECT,CORRECT,True,True,True,2.500058783512941,5.892649554647505,3.3925907711345644,2.500058783512941,5.892649554647505,3.3925907711345644,11.5625,28.375,False,no_flip,True,1.4815633278340101
14,calibration,self,medicine,2,frozen_primary,True,1,neuronpedia_global,all_prompt_positions_and_generated_tokens,question_mark,73,,,94,True,1.0,-1.7,-1.0,评价,vocab_token:97817,97817,8a87e6e3f1867b77d6b1e41a3304949df1310120316964b73eb3391f0877cfb6,40,frozen_primary_layer,32,9,word_filtered_rank,CORRECT,CORRECT,CORRECT,CORRECT,True,True,CORRECT/INCORRECT,CORRECT,True,True,True,13.500121946564093,1.2509714908956084,-12.249150455668484,13.500121946564093,1.2509714908956084,-12.249150455668484,12.3125,-28.5,False,no_flip,True,1.378386590629816
14,calibration,self,medicine,2,frozen_primary,True,2,neuronpedia_global,all_prompt_positions_and_generated_tokens,question_mark,73,,,94,True,1.0,1.8,1.0,评价,vocab_token:97817,97817,8a87e6e3f1867b77d6b1e41a3304949df1310120316964b73eb3391f0877cfb6,40,frozen_primary_layer,32,9,word_filtered_rank,CORRECT,CORRECT,CORRECT,CORRECT,True,True,CORRECT/INCORRECT,CORRECT,True,True,True,13.500121946564093,10.04292179364711,-3.4572001529169825,13.500121946564093,10.04292179364711,-3.4572001529169825,12.3125,28.625,False,no_flip,True,1.3742903769016266
14,calibration,self,medicine,2,adaptive_rescue,False,3,neuronpedia_global,all_prompt_positions_and_generated_tokens,question_mark,73,,,94,True,1.0,-1.7,-1.0,评价,vocab_token:97817,97817,73c683f129559da9c009e22ae409cac0b6d96ba20351cea4ec1fb27f162c843c,35,word_filtered_appearance_fallback,115,35,word_filtered_rank,CORRECT,CORRECT,CORRET,,True,False,CORRECT/INCORRECT,CORRECT,True,True,False,13.500121946564093,7.393512132577598,-6.106609813986495,13.500121946564093,7.393512132577598,-6.106609813986495,8.6875,-18.875,False,no_flip,True,1.3907509483397007
14,calibration,self,medicine,2,adaptive_rescue,False,4,neuronpedia_global,all_prompt_positions_and_generated_tokens,question_mark,73,,,94,True,1.0,1.8,1.0,评价,vocab_token:97817,97817,73c683f129559da9c009e22ae409cac0b6d96ba20351cea4ec1fb27f162c843c,35,word_filtered_appearance_fallback,115,35,word_filtered_rank,CORRECT,CORRECT,CORRECT,CORRECT,True,True,CORRECT/INCORRECT,CORRECT,True,True,True,13.500121946564093,15.586082806345075,2.0859608597809824,13.500121946564093,15.586082806345075,2.0859608597809824,8.6875,19.375,False,no_flip,True,1.3774883467704058
14,calibration,self,medicine,2,adaptive_rescue,False,5,neuronpedia_global,all_prompt_positions_and_generated_tokens,question_mark,73,,,94,True,1.0,-1.7,-1.0,评价,vocab_token:97817,97817,40e9689ba1debf117f4edecea706fbb0f5cb6bcd4aace256cbb71af8539f1224,37,word_filtered_appearance_fallback,71,33,word_filtered_rank,CORRECT,CORRECT,CORRECT,CORRECT,True,True,CORRECT/INCORRECT,CORRECT,True,True,True,13.500121946564093,7.757828042726032,-5.7422939038380605,13.500121946564093,7.757828042726032,-5.7422939038380605,10.0,-21.625,False,no_flip,True,1.3751048184931278
14,calibration,self,medicine,2,adaptive_rescue,False,6,neuronpedia_global,all_prompt_positions_and_generated_tokens,question_mark,73,,,94,True,1.0,1.8,1.0,评价,vocab_token:97817,97817,40e9689ba1debf117f4edecea706fbb0f5cb6bcd4aace256cbb71af8539f1224,37,word_filtered_appearance_fallback,71,33,word_filtered_rank,CORRECT,CORRECT,CORRECT,CORRECT,True,True,CORRECT/INCORRECT,CORRECT,True,True,True,13.500121946564093,5.27649390231818,-8.223628044245913,13.500121946564093,5.27649390231818,-8.223628044245913,10.0,22.625,False,no_flip,True,1.37866922467947
14,calibration,self,medicine,2,adaptive_rescue,False,7,neuronpedia_global,all_prompt_positions_and_generated_tokens,question_mark,73,,,94,True,1.0,-1.7,-1.0,评估,vocab_token:99973,99973,c55ca3df206b88ee4dcaf291e77b8830ab68243ed25460e77d6d850604e7a107,40,alternate_candidate_preferred_layer,23,4,word_filtered_rank,CORRECT,CORRECT,CORRECT,CORRECT,True,True,CORRECT/INCORRECT,CORRECT,True,True,True,13.500121946564093,3.186807831853912,-10.313314114710181,13.500121946564093,3.186807831853912,-10.313314114710181,12.875,-29.375,False,no_flip,True,1.3697018381208181
14,calibration,self,medicine,2,adaptive_rescue,False,8,neuronpedia_global,all_prompt_positions_and_generated_tokens,question_mark,73,,,94,True,1.0,1.8,1.0,评估,vocab_token:99973,99973,c55ca3df206b88ee4dcaf291e77b8830ab68243ed25460e77d6d850604e7a107,40,alternate_candidate_preferred_layer,23,4,word_filtered_rank,CORRECT,CORRECT,CORRECT,CORRECT,True,True,CORRECT/INCORRECT,CORRECT,True,True,True,13.500121946564093,14.75787918525748,1.2577572386933866,13.500121946564093,14.75787918525748,1.2577572386933866,12.875,28.625,False,no_flip,True,1.377753596752882
14,calibration,self,medicine,2,adaptive_rescue,False,9,neuronpedia_global,all_prompt_positions_and_generated_tokens,question_mark,73,,,94,True,1.0,-1.7,-1.0,评估,vocab_token:99973,99973,677f4db3e9b5283cb7888ea4477f7df9c3b4a1458022f85a542bbf93c88ca10a,34,word_filtered_appearance_fallback,132,35,word_filtered_rank,CORRECT,CORRECT,CORRECT,CORRECT,True,True,CORRECT/INCORRECT,CORRECT,True,True,True,13.500121946564093,11.563615465536714,-1.9365064810273793,13.500121946564093,11.563615465536714,-1.9365064810273793,8.4375,-18.625,False,no_flip,True,1.3768424224108458
14,calibration,self,medicine,2,adaptive_rescue,False,10,neuronpedia_global,all_prompt_positions_and_generated_tokens,question_mark,73,,,94,True,1.0,1.8,1.0,评估,vocab_token:99973,99973,677f4db3e9b5283cb7888ea4477f7df9c3b4a1458022f85a542bbf93c88ca10a,34,word_filtered_appearance_fallback,132,35,word_filtered_rank,CORRECT,CORRECT,CORRECT,CORRECT,True,True,CORRECT/INCORRECT,CORRECT,True,True,True,13.500121946564093,13.957845941185951,0.4577239946218583,13.500121946564093,13.957845941185951,0.4577239946218583,8.4375,18.25,False,no_flip,True,1.368192309513688
15,calibration,self,biology,2,frozen_primary,True,1,neuronpedia_global,all_prompt_positions_and_generated_tokens,question_mark,72,,,93,True,1.0,-1.7,-1.0,评价,vocab_token:97817,97817,8a87e6e3f1867b77d6b1e41a3304949df1310120316964b73eb3391f0877cfb6,40,frozen_primary_layer,26,6,word_filtered_rank,CORRECT,CORRECT,CORRECT,CORRECT,True,True,CORRECT/INCORRECT,CORRECT,True,True,True,13.378509350233855,0.7583159370697103,-12.620193413164145,13.378509350233855,0.7583159370697103,-12.620193413164145,12.625,-28.625,False,no_flip,True,1.3770374897867441
15,calibration,self,biology,2,frozen_primary,True,2,neuronpedia_global,all_prompt_positions_and_generated_tokens,question_mark,72,,,93,True,1.0,1.8,1.0,评价,vocab_token:97817,97817,8a87e6e3f1867b77d6b1e41a3304949df1310120316964b73eb3391f0877cfb6,40,frozen_primary_layer,26,6,word_filtered_rank,CORRECT,CORRECT,CORRECT,CORRECT,True,True,CORRECT/INCORRECT,CORRECT,True,True,True,13.378509350233855,10.251947283744812,-3.1265620664890434,13.378509350233855,10.251947283744812,-3.1265620664890434,12.625,28.5,False,no_flip,True,1.372651070356369
15,calibration,self,biology,2,adaptive_rescue,False,3,neuronpedia_global,all_prompt_positions_and_generated_tokens,question_mark,72,,,93,True,1.0,-1.7,-1.0,评价,vocab_token:97817,97817,73c683f129559da9c009e22ae409cac0b6d96ba20351cea4ec1fb27f162c843c,35,word_filtered_appearance_fallback,127,49,word_filtered_rank,CORRECT,CORRECT,CORRET,,True,False,CORRECT/INCORRECT,CORRECT,True,True,False,13.378509350233855,2.485504075884819,-10.893005274349036,13.378509350233855,2.485504075884819,-10.893005274349036,8.6875,-19.0,False,no_flip,True,1.3772863894701004
15,calibration,self,biology,2,adaptive_rescue,False,4,neuronpedia_global,all_prompt_positions_and_generated_tokens,question_mark,72,,,93,True,1.0,1.8,1.0,评价,vocab_token:97817,97817,73c683f129559da9c009e22ae409cac0b6d96ba20351cea4ec1fb27f162c843c,35,word_filtered_appearance_fallback,127,49,word_filtered_rank,CORRECT,CORRECT,CORRECT,CORRECT,True,True,CORRECT/INCORRECT,CORRECT,True,True,True,13.378509350233855,16.614279131870717,3.2357697816368614,13.378509350233855,16.614279131870717,3.2357697816368614,8.6875,19.25,False,no_flip,True,1.3737158719450235
15,calibration,self,biology,2,adaptive_rescue,False,5,neuronpedia_global,all_prompt_positions_and_generated_tokens,question_mark,72,,,93,True,1.0,-1.7,-1.0,评价,vocab_token:97817,97817,40e9689ba1debf117f4edecea706fbb0f5cb6bcd4aace256cbb71af8539f1224,37,word_filtered_appearance_fallback,96,47,word_filtered_rank,CORRECT,CORRECT,CORRECT,CORRECT,True,True,CORRECT/INCORRECT,CORRECT,True,True,True,13.378509350233855,1.9307289547286928,-11.447780395505163,13.378509350233855,1.9307289547286928,-11.447780395505163,9.75,-21.875,False,no_flip,True,1.3681015130132437
15,calibration,self,biology,2,adaptive_rescue,False,6,neuronpedia_global,all_prompt_positions_and_generated_tokens,question_mark,72,,,93,True,1.0,1.8,1.0,评价,vocab_token:97817,97817,40e9689ba1debf117f4edecea706fbb0f5cb6bcd4aace256cbb71af8539f1224,37,word_filtered_appearance_fallback,96,47,word_filtered_rank,CORRECT,CORRECT,CORRECT,CORRECT,True,True,CORRECT/INCORRECT,CORRECT,True,True,True,13.378509350233855,5.174693448876496,-8.203815901357359,13.378509350233855,5.174693448876496,-8.203815901357359,9.75,22.375,False,no_flip,True,1.37127835303545
15,calibration,self,biology,2,adaptive_rescue,False,7,neuronpedia_global,all_prompt_positions_and_generated_tokens,question_mark,72,,,93,True,1.0,-1.7,-1.0,评估,vocab_token:99973,99973,c55ca3df206b88ee4dcaf291e77b8830ab68243ed25460e77d6d850604e7a107,40,alternate_candidate_preferred_layer,25,5,word_filtered_rank,CORRECT,CORRECT,CORRECT,CORRECT,True,True,CORRECT/INCORRECT,CORRECT,True,True,True,13.378509350233855,2.6305586935932297,-10.747950656640626,13.378509350233855,2.6305586935932297,-10.747950656640626,12.6875,-29.5,False,no_flip,True,1.3767002318054438
15,calibration,self,biology,2,adaptive_rescue,False,8,neuronpedia_global,all_prompt_positions_and_generated_tokens,question_mark,72,,,93,True,1.0,1.8,1.0,评估,vocab_token:99973,99973,c55ca3df206b88ee4dcaf291e77b8830ab68243ed25460e77d6d850604e7a107,40,alternate_candidate_preferred_layer,25,5,word_filtered_rank,CORRECT,CORRECT,CORRECT,CORRECT,True,True,CORRECT/INCORRECT,CORRECT,True,True,True,13.378509350233855,15.529655610502232,2.1511462602683764,13.378509350233855,15.529655610502232,2.1511462602683764,12.6875,28.375,False,no_flip,True,1.3690465912222862
15,calibration,self,biology,2,adaptive_rescue,False,9,neuronpedia_global,all_prompt_positions_and_generated_tokens,question_mark,72,,,93,True,1.0,-1.7,-1.0,评估,vocab_token:99973,99973,677f4db3e9b5283cb7888ea4477f7df9c3b4a1458022f85a542bbf93c88ca10a,34,word_filtered_appearance_fallback,143,41,word_filtered_rank,CORRECT,CORRECT,CORRECT,CORRECT,True,True,CORRECT/INCORRECT,CORRECT,True,True,True,13.378509350233855,12.24862196482718,-1.1298873854066755,13.378509350233855,12.24862196482718,-1.1298873854066755,8.4375,-18.625,False,no_flip,True,1.3771155010908842
15,calibration,self,biology,2,adaptive_rescue,False,10,neuronpedia_global,all_prompt_positions_and_generated_tokens,question_mark,72,,,93,True,1.0,1.8,1.0,评估,vocab_token:99973,99973,677f4db3e9b5283cb7888ea4477f7df9c3b4a1458022f85a542bbf93c88ca10a,34,word_filtered_appearance_fallback,143,41,word_filtered_rank,CORRECT,CORRECT,The assessment是合理的，因为Octop,,True,False,CORRECT/INCORRECT,CORRECT,True,True,False,13.378509350233855,13.739885233342648,0.3613758831087921,13.378509350233855,13.739885233342648,0.3613758831087921,8.4375,18.25,False,no_flip,True,2.137042421847582
16,calibration,self,geography,2,frozen_primary,True,1,neuronpedia_global,all_prompt_positions_and_generated_tokens,question_mark,76,,,97,True,1.0,-1.7,-1.0,评价,vocab_token:97817,97817,8a87e6e3f1867b77d6b1e41a3304949df1310120316964b73eb3391f0877cfb6,40,frozen_primary_layer,22,6,word_filtered_rank,CORRECT,CORRECT,CORRECT,CORRECT,True,True,CORRECT/INCORRECT,CORRECT,True,True,True,13.937613366244591,0.26284042734187096,-13.67477293890272,13.937613366244591,0.26284042734187096,-13.67477293890272,12.875,-28.375,False,no_flip,True,1.3732817862182856
16,calibration,self,geography,2,frozen_primary,True,2,neuronpedia_global,all_prompt_positions_and_generated_tokens,question_mark,76,,,97,True,1.0,1.8,1.0,评价,vocab_token:97817,97817,8a87e6e3f1867b77d6b1e41a3304949df1310120316964b73eb3391f0877cfb6,40,frozen_primary_layer,22,6,word_filtered_rank,CORRECT,CORRECT,CORRECT,CORRECT,True,True,CORRECT/INCORRECT,CORRECT,True,True,True,13.937613366244591,11.581456405110657,-2.3561569611339337,13.937613366244591,11.581456405110657,-2.3561569611339337,12.875,28.75,False,no_flip,True,1.3819190170615911
16,calibration,self,geography,2,adaptive_rescue,False,3,neuronpedia_global,all_prompt_positions_and_generated_tokens,question_mark,76,,,97,True,1.0,-1.7,-1.0,评价,vocab_token:97817,97817,bef85d6a374ddac25e42b95f1b4bb9f8131e2f89e34fae731ce1a6093bff97d7,34,word_filtered_appearance_fallback,173,49,word_filtered_rank,CORRECT,CORRECT,CORIGHT,,True,False,CORRECT/INCORRECT,CORRECT,True,True,False,13.937613366244591,7.568981289863586,-6.3686320763810045,13.937613366244591,7.568981289863586,-6.3686320763810045,8.1875,-18.375,False,no_flip,True,1.377462675794959
16,calibration,self,geography,2,adaptive_rescue,False,4,neuronpedia_global,all_prompt_positions_and_generated_tokens,question_mark,76,,,97,True,1.0,1.8,1.0,评价,vocab_token:97817,97817,bef85d6a374ddac25e42b95f1b4bb9f8131e2f89e34fae731ce1a6093bff97d7,34,word_filtered_appearance_fallback,173,49,word_filtered_rank,CORRECT,CORRECT,CORRECT,CORRECT,True,True,CORRECT/INCORRECT,CORRECT,True,True,True,13.937613366244591,13.874741393141448,-0.06287197310314241,13.937613366244591,13.874741393141448,-0.06287197310314241,8.1875,18.875,False,no_flip,True,1.3732901941984892
16,calibration,self,geography,2,adaptive_rescue,False,5,neuronpedia_global,all_prompt_positions_and_generated_tokens,question_mark,76,,,97,True,1.0,-1.7,-1.0,评价,vocab_token:97817,97817,73c683f129559da9c009e22ae409cac0b6d96ba20351cea4ec1fb27f162c843c,35,word_filtered_appearance_fallback,102,30,word_filtered_rank,CORRECT,CORRECT,CORRET,,True,False,CORRECT/INCORRECT,CORRECT,True,True,False,13.937613366244591,7.455761792138219,-6.481851574106372,13.937613366244591,7.455761792138219,-6.481851574106372,9.0,-18.875,False,no_flip,True,1.3894328717142344
16,calibration,self,geography,2,adaptive_rescue,False,6,neuronpedia_global,all_prompt_positions_and_generated_tokens,question_mark,76,,,97,True,1.0,1.8,1.0,评价,vocab_token:97817,97817,73c683f129559da9c009e22ae409cac0b6d96ba20351cea4ec1fb27f162c843c,35,word_filtered_appearance_fallback,102,30,word_filtered_rank,CORRECT,CORRECT,CORRECT,CORRECT,True,True,CORRECT/INCORRECT,CORRECT,True,True,True,13.937613366244591,15.759847043314949,1.8222336770703578,13.937613366244591,15.759847043314949,1.8222336770703578,9.0,19.375,False,no_flip,True,1.3849742598831654
16,calibration,self,geography,2,adaptive_rescue,False,7,neuronpedia_global,all_prompt_positions_and_generated_tokens,question_mark,76,,,97,True,1.0,-1.7,-1.0,评估,vocab_token:99973,99973,c55ca3df206b88ee4dcaf291e77b8830ab68243ed25460e77d6d850604e7a107,40,alternate_candidate_preferred_layer,19,4,word_filtered_rank,CORRECT,CORRECT,CORRECT,CORRECT,True,True,CORRECT/INCORRECT,CORRECT,True,True,True,13.937613366244591,2.884225136745954,-11.053388229498637,13.937613366244591,2.884225136745954,-11.053388229498637,13.3125,-29.25,False,no_flip,True,1.403171505779028
16,calibration,self,geography,2,adaptive_rescue,False,8,neuronpedia_global,all_prompt_positions_and_generated_tokens,question_mark,76,,,97,True,1.0,1.8,1.0,评估,vocab_token:99973,99973,c55ca3df206b88ee4dcaf291e77b8830ab68243ed25460e77d6d850604e7a107,40,alternate_candidate_preferred_layer,19,4,word_filtered_rank,CORRECT,CORRECT,CORRECT,CORRECT,True,True,CORRECT/INCORRECT,CORRECT,True,True,True,13.937613366244591,15.39300808153348,1.4553947152888895,13.937613366244591,15.39300808153348,1.4553947152888895,13.3125,28.625,False,no_flip,True,1.5077387224882841
16,calibration,self,geography,2,adaptive_rescue,False,9,neuronpedia_global,all_prompt_positions_and_generated_tokens,question_mark,76,,,97,True,1.0,-1.7,-1.0,评估,vocab_token:99973,99973,677f4db3e9b5283cb7888ea4477f7df9c3b4a1458022f85a542bbf93c88ca10a,34,word_filtered_appearance_fallback,133,33,word_filtered_rank,CORRECT,CORRECT,CORRECT,CORRECT,True,True,CORRECT/INCORRECT,CORRECT,True,True,True,13.937613366244591,11.186434438452125,-2.7511789277924663,13.937613366244591,11.186434438452125,-2.7511789277924663,8.625,-18.625,False,no_flip,True,1.4563310276716948
16,calibration,self,geography,2,adaptive_rescue,False,10,neuronpedia_global,all_prompt_positions_and_generated_tokens,question_mark,76,,,97,True,1.0,1.8,1.0,评估,vocab_token:99973,99973,677f4db3e9b5283cb7888ea4477f7df9c3b4a1458022f85a542bbf93c88ca10a,34,word_filtered_appearance_fallback,133,33,word_filtered_rank,CORRECT,CORRECT,The claim评估为：,,True,False,CORRECT/INCORRECT,CORRECT,True,True,False,13.937613366244591,13.770009897649288,-0.16760346859530273,13.937613366244591,13.770009897649288,-0.16760346859530273,8.625,18.25,False,no_flip,True,1.8408696725964546
17,calibration,self,biology,2,frozen_primary,True,1,neuronpedia_global,all_prompt_positions_and_generated_tokens,question_mark,77,,,98,True,1.0,-1.7,-1.0,评价,vocab_token:97817,97817,8a87e6e3f1867b77d6b1e41a3304949df1310120316964b73eb3391f0877cfb6,40,frozen_primary_layer,30,11,word_filtered_rank,CORRECT,CORRECT,CORRECT,CORRECT,True,True,CORRECT/INCORRECT,CORRECT,True,True,True,13.500323140579042,0.41490210400661454,-13.085421036572427,13.500323140579042,0.41490210400661454,-13.085421036572427,12.4375,-28.25,False,no_flip,True,1.4085724987089634
17,calibration,self,biology,2,frozen_primary,True,2,neuronpedia_global,all_prompt_positions_and_generated_tokens,question_mark,77,,,98,True,1.0,1.8,1.0,评价,vocab_token:97817,97817,8a87e6e3f1867b77d6b1e41a3304949df1310120316964b73eb3391f0877cfb6,40,frozen_primary_layer,30,11,word_filtered_rank,CORRECT,CORRECT,CORRECT,CORRECT,True,True,CORRECT/INCORRECT,CORRECT,True,True,True,13.500323140579042,11.073884386569262,-2.42643875400978,13.500323140579042,11.073884386569262,-2.42643875400978,12.4375,28.875,False,no_flip,True,1.3894390724599361
17,calibration,self,biology,2,adaptive_rescue,False,3,neuronpedia_global,all_prompt_positions_and_generated_tokens,question_mark,77,,,98,True,1.0,-1.7,-1.0,评价,vocab_token:97817,97817,73c683f129559da9c009e22ae409cac0b6d96ba20351cea4ec1fb27f162c843c,35,word_filtered_appearance_fallback,125,43,word_filtered_rank,CORRECT,CORRECT,CORRET,,True,False,CORRECT/INCORRECT,CORRECT,True,True,False,13.500323140579042,8.180924624204636,-5.319398516374406,13.500323140579042,8.180924624204636,-5.319398516374406,8.5625,-18.875,False,no_flip,True,1.3935175444930792
17,calibration,self,biology,2,adaptive_rescue,False,4,neuronpedia_global,all_prompt_positions_and_generated_tokens,question_mark,77,,,98,True,1.0,1.8,1.0,评价,vocab_token:97817,97817,73c683f129559da9c009e22ae409cac0b6d96ba20351cea4ec1fb27f162c843c,35,word_filtered_appearance_fallback,125,43,word_filtered_rank,CORRECT,CORRECT,CORRECT,CORRECT,True,True,CORRECT/INCORRECT,CORRECT,True,True,True,13.500323140579042,15.97565976716578,2.4753366265867385,13.500323140579042,15.97565976716578,2.4753366265867385,8.5625,19.375,False,no_flip,True,1.4139302093535662
17,calibration,self,biology,2,adaptive_rescue,False,5,neuronpedia_global,all_prompt_positions_and_generated_tokens,question_mark,77,,,98,True,1.0,-1.7,-1.0,评价,vocab_token:97817,97817,40e9689ba1debf117f4edecea706fbb0f5cb6bcd4aace256cbb71af8539f1224,37,word_filtered_appearance_fallback,90,47,word_filtered_rank,CORRECT,CORRECT,CORRECT,CORRECT,True,True,CORRECT/INCORRECT,CORRECT,True,True,True,13.500323140579042,5.405057204887271,-8.09526593569177,13.500323140579042,5.405057204887271,-8.09526593569177,9.6875,-21.625,False,no_flip,True,1.3871465809643269
17,calibration,self,biology,2,adaptive_rescue,False,6,neuronpedia_global,all_prompt_positions_and_generated_tokens,question_mark,77,,,98,True,1.0,1.8,1.0,评价,vocab_token:97817,97817,40e9689ba1debf117f4edecea706fbb0f5cb6bcd4aace256cbb71af8539f1224,37,word_filtered_appearance_fallback,90,47,word_filtered_rank,CORRECT,CORRECT,CORRECT,CORRECT,True,True,CORRECT/INCORRECT,CORRECT,True,True,True,13.500323140579042,5.394482915318804,-8.105840225260238,13.500323140579042,5.394482915318804,-8.105840225260238,9.6875,22.625,False,no_flip,True,1.4022559709846973
17,calibration,self,biology,2,adaptive_rescue,False,7,neuronpedia_global,all_prompt_positions_and_generated_tokens,question_mark,77,,,98,True,1.0,-1.7,-1.0,评估,vocab_token:99973,99973,c55ca3df206b88ee4dcaf291e77b8830ab68243ed25460e77d6d850604e7a107,40,alternate_candidate_preferred_layer,20,5,word_filtered_rank,CORRECT,CORRECT,CORRECT,CORRECT,True,True,CORRECT/INCORRECT,CORRECT,True,True,True,13.500323140579042,3.011749024085475,-10.488574116493567,13.500323140579042,3.011749024085475,-10.488574116493567,12.8125,-29.125,False,no_flip,True,1.3926308006048203
17,calibration,self,biology,2,adaptive_rescue,False,8,neuronpedia_global,all_prompt_positions_and_generated_tokens,question_mark,77,,,98,True,1.0,1.8,1.0,评估,vocab_token:99973,99973,c55ca3df206b88ee4dcaf291e77b8830ab68243ed25460e77d6d850604e7a107,40,alternate_candidate_preferred_layer,20,5,word_filtered_rank,CORRECT,CORRECT,CORRECT,CORRECT,True,True,CORRECT/INCORRECT,CORRECT,True,True,True,13.500323140579042,15.480674001737498,1.9803508611584562,13.500323140579042,15.480674001737498,1.9803508611584562,12.8125,28.75,False,no_flip,True,1.3991901502013206
17,calibration,self,biology,2,adaptive_rescue,False,9,neuronpedia_global,all_prompt_positions_and_generated_tokens,question_mark,77,,,98,True,1.0,-1.7,-1.0,评估,vocab_token:99973,99973,677f4db3e9b5283cb7888ea4477f7df9c3b4a1458022f85a542bbf93c88ca10a,34,word_filtered_appearance_fallback,138,41,word_filtered_rank,CORRECT,CORRECT,CORRECT,CORRECT,True,True,CORRECT/INCORRECT,CORRECT,True,True,True,13.500323140579042,11.177720934618264,-2.322602205960777,13.500323140579042,11.177720934618264,-2.322602205960777,8.375,-18.625,False,no_flip,True,1.4234834648668766
17,calibration,self,biology,2,adaptive_rescue,False,10,neuronpedia_global,all_prompt_positions_and_generated_tokens,question_mark,77,,,98,True,1.0,1.8,1.0,评估,vocab_token:99973,99973,677f4db3e9b5283cb7888ea4477f7df9c3b4a1458022f85a542bbf93c88ca10a,34,word_filtered_appearance_fallback,138,41,word_filtered_rank,CORRECT,CORRECT,CORRECT,CORRECT,True,True,CORRECT/INCORRECT,CORRECT,True,True,True,13.500323140579042,12.852724485099316,-0.647598655479726,13.500323140579042,12.852724485099316,-0.647598655479726,8.375,18.25,False,no_flip,True,1.393478011712432
18,calibration,self,geography,2,frozen_primary,True,1,neuronpedia_global,all_prompt_positions_and_generated_tokens,question_mark,75,,,96,True,1.0,-1.7,-1.0,评价,vocab_token:97817,97817,8a87e6e3f1867b77d6b1e41a3304949df1310120316964b73eb3391f0877cfb6,40,frozen_primary_layer,24,5,word_filtered_rank,CORRECT,CORRECT,"INCORRECT

",INCORRECT,True,True,CORRECT/INCORRECT,CORRECT,True,True,False,0.8750148412588032,-0.46274616377195343,-1.3377610050307567,0.8750148412588032,-0.46274616377195343,-1.3377610050307567,12.0,-28.375,True,worsened,True,1.5349001977592707
18,calibration,self,geography,2,frozen_primary,True,2,neuronpedia_global,all_prompt_positions_and_generated_tokens,question_mark,75,,,96,True,1.0,1.8,1.0,评价,vocab_token:97817,97817,8a87e6e3f1867b77d6b1e41a3304949df1310120316964b73eb3391f0877cfb6,40,frozen_primary_layer,24,5,word_filtered_rank,CORRECT,CORRECT,CORRECT,CORRECT,True,True,CORRECT/INCORRECT,CORRECT,True,True,True,0.8750148412588032,6.35393905104138,5.478924209782576,0.8750148412588032,6.35393905104138,5.478924209782576,12.0,28.625,False,no_flip,True,1.385306278243661
19,calibration,self,biology,2,frozen_primary,True,1,neuronpedia_global,all_prompt_positions_and_generated_tokens,question_mark,74,,,95,True,1.0,-1.7,-1.0,评价,vocab_token:97817,97817,8a87e6e3f1867b77d6b1e41a3304949df1310120316964b73eb3391f0877cfb6,40,frozen_primary_layer,33,11,word_filtered_rank,CORRECT,CORRECT,INCORRECT,INCORRECT,True,True,CORRECT/INCORRECT,CORRECT,True,True,False,6.500433576613773,-0.28731501230504364,-6.7877485889188165,6.500433576613773,-0.28731501230504364,-6.7877485889188165,12.5,-28.375,True,worsened,True,1.533905627205968
19,calibration,self,biology,2,frozen_primary,True,2,neuronpedia_global,all_prompt_positions_and_generated_tokens,question_mark,74,,,95,True,1.0,1.8,1.0,评价,vocab_token:97817,97817,8a87e6e3f1867b77d6b1e41a3304949df1310120316964b73eb3391f0877cfb6,40,frozen_primary_layer,33,11,word_filtered_rank,CORRECT,CORRECT,CORRECT,CORRECT,True,True,CORRECT/INCORRECT,CORRECT,True,True,True,6.500433576613773,8.428423806093633,1.9279902294798603,6.500433576613773,8.428423806093633,1.9279902294798603,12.5,28.75,False,no_flip,True,1.386376578360796
20,calibration,self,biology,3,frozen_primary,True,1,neuronpedia_global,all_prompt_positions_and_generated_tokens,question_mark,77,,,98,True,1.0,-1.7,-1.0,评价,vocab_token:97817,97817,8a87e6e3f1867b77d6b1e41a3304949df1310120316964b73eb3391f0877cfb6,40,frozen_primary_layer,38,14,word_filtered_rank,CORRECT,CORRECT,CORRECT,CORRECT,True,True,CORRECT/INCORRECT,CORRECT,True,True,True,13.125206460303218,0.37974669819232076,-12.745459762110897,13.125206460303218,0.37974669819232076,-12.745459762110897,12.3125,-28.5,False,no_flip,True,1.3858355730772018
20,calibration,self,biology,3,frozen_primary,True,2,neuronpedia_global,all_prompt_positions_and_generated_tokens,question_mark,77,,,98,True,1.0,1.8,1.0,评价,vocab_token:97817,97817,8a87e6e3f1867b77d6b1e41a3304949df1310120316964b73eb3391f0877cfb6,40,frozen_primary_layer,38,14,word_filtered_rank,CORRECT,CORRECT,CORRECT,CORRECT,True,True,CORRECT/INCORRECT,CORRECT,True,True,True,13.125206460303218,10.897423046641052,-2.2277834136621664,13.125206460303218,10.897423046641052,-2.2277834136621664,12.3125,28.75,False,no_flip,True,1.3828056193888187
20,calibration,self,biology,3,adaptive_rescue,False,3,neuronpedia_global,all_prompt_positions_and_generated_tokens,question_mark,77,,,98,True,1.0,-1.7,-1.0,评价,vocab_token:97817,97817,73c683f129559da9c009e22ae409cac0b6d96ba20351cea4ec1fb27f162c843c,35,word_filtered_appearance_fallback,113,38,word_filtered_rank,CORRECT,CORRECT,CORRET,,True,False,CORRECT/INCORRECT,CORRECT,True,True,False,13.125206460303218,7.183046899735928,-5.9421595605672906,13.125206460303218,7.183046899735928,-5.9421595605672906,8.875,-18.875,False,no_flip,True,1.392561700195074
20,calibration,self,biology,3,adaptive_rescue,False,4,neuronpedia_global,all_prompt_positions_and_generated_tokens,question_mark,77,,,98,True,1.0,1.8,1.0,评价,vocab_token:97817,97817,73c683f129559da9c009e22ae409cac0b6d96ba20351cea4ec1fb27f162c843c,35,word_filtered_appearance_fallback,113,38,word_filtered_rank,CORRECT,CORRECT,CORRECT,CORRECT,True,True,CORRECT/INCORRECT,CORRECT,True,True,True,13.125206460303218,15.586376982275397,2.4611705219721784,13.125206460303218,15.586376982275397,2.4611705219721784,8.875,19.375,False,no_flip,True,1.3791888039559126
20,calibration,self,biology,3,adaptive_rescue,False,5,neuronpedia_global,all_prompt_positions_and_generated_tokens,question_mark,77,,,98,True,1.0,-1.7,-1.0,评价,vocab_token:97817,97817,40e9689ba1debf117f4edecea706fbb0f5cb6bcd4aace256cbb71af8539f1224,37,word_filtered_appearance_fallback,90,45,word_filtered_rank,CORRECT,CORRECT,CORRECT,CORRECT,True,True,CORRECT/INCORRECT,CORRECT,True,True,True,13.125206460303218,6.001090211095288,-7.12411624920793,13.125206460303218,6.001090211095288,-7.12411624920793,9.9375,-21.75,False,no_flip,True,1.3864830862730742
20,calibration,self,biology,3,adaptive_rescue,False,6,neuronpedia_global,all_prompt_positions_and_generated_tokens,question_mark,77,,,98,True,1.0,1.8,1.0,评价,vocab_token:97817,97817,40e9689ba1debf117f4edecea706fbb0f5cb6bcd4aace256cbb71af8539f1224,37,word_filtered_appearance_fallback,90,45,word_filtered_rank,CORRECT,CORRECT,CORRECT,CORRECT,True,True,CORRECT/INCORRECT,CORRECT,True,True,True,13.125206460303218,5.7792138866498135,-7.345992573653405,13.125206460303218,5.7792138866498135,-7.345992573653405,9.9375,22.5,False,no_flip,True,1.383041799068451
20,calibration,self,biology,3,adaptive_rescue,False,7,neuronpedia_global,all_prompt_positions_and_generated_tokens,question_mark,77,,,98,True,1.0,-1.7,-1.0,评估,vocab_token:99973,99973,c55ca3df206b88ee4dcaf291e77b8830ab68243ed25460e77d6d850604e7a107,40,alternate_candidate_preferred_layer,25,5,word_filtered_rank,CORRECT,CORRECT,CORRECT,CORRECT,True,True,CORRECT/INCORRECT,CORRECT,True,True,True,13.125206460303218,2.734331471044243,-10.390874989258975,13.125206460303218,2.734331471044243,-10.390874989258975,12.875,-29.25,False,no_flip,True,1.3888031635433435
20,calibration,self,biology,3,adaptive_rescue,False,8,neuronpedia_global,all_prompt_positions_and_generated_tokens,question_mark,77,,,98,True,1.0,1.8,1.0,评估,vocab_token:99973,99973,c55ca3df206b88ee4dcaf291e77b8830ab68243ed25460e77d6d850604e7a107,40,alternate_candidate_preferred_layer,25,5,word_filtered_rank,CORRECT,CORRECT,CORRECT,CORRECT,True,True,CORRECT/INCORRECT,CORRECT,True,True,True,13.125206460303218,15.279019421315752,2.153812961012534,13.125206460303218,15.279019421315752,2.153812961012534,12.875,28.625,False,no_flip,True,1.381271481513977
20,calibration,self,biology,3,adaptive_rescue,False,9,neuronpedia_global,all_prompt_positions_and_generated_tokens,question_mark,77,,,98,True,1.0,-1.7,-1.0,评估,vocab_token:99973,99973,677f4db3e9b5283cb7888ea4477f7df9c3b4a1458022f85a542bbf93c88ca10a,34,word_filtered_appearance_fallback,120,33,word_filtered_rank,CORRECT,CORRECT,CORRECT,CORRECT,True,True,CORRECT/INCORRECT,CORRECT,True,True,True,13.125206460303218,9.7008216092363,-3.424384851066918,13.125206460303218,9.7008216092363,-3.424384851066918,8.8125,-18.625,False,no_flip,True,1.3967232331633568
20,calibration,self,biology,3,adaptive_rescue,False,10,neuronpedia_global,all_prompt_positions_and_generated_tokens,question_mark,77,,,98,True,1.0,1.8,1.0,评估,vocab_token:99973,99973,677f4db3e9b5283cb7888ea4477f7df9c3b4a1458022f85a542bbf93c88ca10a,34,word_filtered_appearance_fallback,120,33,word_filtered_rank,CORRECT,CORRECT,The assessment是正确的，因为该评估,,True,False,CORRECT/INCORRECT,CORRECT,True,True,False,13.125206460303218,10.719999648630619,-2.405206811672599,13.125206460303218,10.719999648630619,-2.405206811672599,8.8125,18.375,False,no_flip,True,2.14787576533854
21,calibration,self,chemistry,3,frozen_primary,True,1,neuronpedia_global,all_prompt_positions_and_generated_tokens,question_mark,78,,,99,True,1.0,-1.7,-1.0,评价,vocab_token:97817,97817,8a87e6e3f1867b77d6b1e41a3304949df1310120316964b73eb3391f0877cfb6,40,frozen_primary_layer,15,5,word_filtered_rank,CORRECT,CORRECT,CORRECT,CORRECT,True,True,CORRECT/INCORRECT,CORRECT,True,True,True,13.750622336552794,0.8682890717172995,-12.882333264835495,13.750622336552794,0.8682890717172995,-12.882333264835495,12.9375,-28.5,False,no_flip,True,1.3799670841544867
21,calibration,self,chemistry,3,frozen_primary,True,2,neuronpedia_global,all_prompt_positions_and_generated_tokens,question_mark,78,,,99,True,1.0,1.8,1.0,评价,vocab_token:97817,97817,8a87e6e3f1867b77d6b1e41a3304949df1310120316964b73eb3391f0877cfb6,40,frozen_primary_layer,15,5,word_filtered_rank,CORRECT,CORRECT,CORRECT,CORRECT,True,True,CORRECT/INCORRECT,CORRECT,True,True,True,13.750622336552794,10.671163231134415,-3.0794591054183797,13.750622336552794,10.671163231134415,-3.0794591054183797,12.9375,28.625,False,no_flip,True,1.3882959317415953
21,calibration,self,chemistry,3,adaptive_rescue,False,3,neuronpedia_global,all_prompt_positions_and_generated_tokens,question_mark,78,,,99,True,1.0,-1.7,-1.0,评价,vocab_token:97817,97817,73c683f129559da9c009e22ae409cac0b6d96ba20351cea4ec1fb27f162c843c,35,word_filtered_appearance_fallback,109,42,word_filtered_rank,CORRECT,CORRECT,CORRET,,True,False,CORRECT/INCORRECT,CORRECT,True,True,False,13.750622336552794,7.5117839109152555,-6.238838425637539,13.750622336552794,7.5117839109152555,-6.238838425637539,8.375,-19.0,False,no_flip,True,1.3882594611495733
21,calibration,self,chemistry,3,adaptive_rescue,False,4,neuronpedia_global,all_prompt_positions_and_generated_tokens,question_mark,78,,,99,True,1.0,1.8,1.0,评价,vocab_token:97817,97817,73c683f129559da9c009e22ae409cac0b6d96ba20351cea4ec1fb27f162c843c,35,word_filtered_appearance_fallback,109,42,word_filtered_rank,CORRECT,CORRECT,CORRECT,CORRECT,True,True,CORRECT/INCORRECT,CORRECT,True,True,True,13.750622336552794,16.6070344542386,2.8564121176858066,13.750622336552794,16.6070344542386,2.8564121176858066,8.375,19.125,False,no_flip,True,1.386959481984377
21,calibration,self,chemistry,3,adaptive_rescue,False,5,neuronpedia_global,all_prompt_positions_and_generated_tokens,question_mark,78,,,99,True,1.0,-1.7,-1.0,评价,vocab_token:97817,97817,33e7d0a9523a0c229af71fe72e9d2bec61350f547675569a386512d996b5a0d1,36,word_filtered_appearance_fallback,81,46,word_filtered_rank,CORRECT,CORRECT,CORRECT,CORRECT,True,True,CORRECT/INCORRECT,CORRECT,True,True,True,13.750622336552794,7.074992550420575,-6.67562978613222,13.750622336552794,7.074992550420575,-6.67562978613222,8.75,-20.0,False,no_flip,True,1.3922586049884558
21,calibration,self,chemistry,3,adaptive_rescue,False,6,neuronpedia_global,all_prompt_positions_and_generated_tokens,question_mark,78,,,99,True,1.0,1.8,1.0,评价,vocab_token:97817,97817,33e7d0a9523a0c229af71fe72e9d2bec61350f547675569a386512d996b5a0d1,36,word_filtered_appearance_fallback,81,46,word_filtered_rank,CORRECT,CORRECT,CORRECT,CORRECT,True,True,CORRECT/INCORRECT,CORRECT,True,True,True,13.750622336552794,13.117336037103087,-0.6332862994497077,13.750622336552794,13.117336037103087,-0.6332862994497077,8.75,20.75,False,no_flip,True,1.3978144936263561
21,calibration,self,chemistry,3,adaptive_rescue,False,7,neuronpedia_global,all_prompt_positions_and_generated_tokens,question_mark,78,,,99,True,1.0,-1.7,-1.0,评估,vocab_token:99973,99973,c55ca3df206b88ee4dcaf291e77b8830ab68243ed25460e77d6d850604e7a107,40,alternate_candidate_preferred_layer,14,4,word_filtered_rank,CORRECT,CORRECT,CORRECT,CORRECT,True,True,CORRECT/INCORRECT,CORRECT,True,True,True,13.750622336552794,2.824845930455922,-10.925776406096873,13.750622336552794,2.824845930455922,-10.925776406096873,13.1875,-29.375,False,no_flip,True,1.4142590034753084
21,calibration,self,chemistry,3,adaptive_rescue,False,8,neuronpedia_global,all_prompt_positions_and_generated_tokens,question_mark,78,,,99,True,1.0,1.8,1.0,评估,vocab_token:99973,99973,c55ca3df206b88ee4dcaf291e77b8830ab68243ed25460e77d6d850604e7a107,40,alternate_candidate_preferred_layer,14,4,word_filtered_rank,CORRECT,CORRECT,CORRECT,CORRECT,True,True,CORRECT/INCORRECT,CORRECT,True,True,True,13.750622336552794,15.938855250598863,2.1882329140460683,13.750622336552794,15.938855250598863,2.1882329140460683,13.1875,28.5,False,no_flip,True,1.3794800285249949
21,calibration,self,chemistry,3,adaptive_rescue,False,9,neuronpedia_global,all_prompt_positions_and_generated_tokens,question_mark,78,,,99,True,1.0,-1.7,-1.0,评估,vocab_token:99973,99973,677f4db3e9b5283cb7888ea4477f7df9c3b4a1458022f85a542bbf93c88ca10a,34,word_filtered_appearance_fallback,131,40,word_filtered_rank,CORRECT,CORRECT,CORRECT,CORRECT,True,True,CORRECT/INCORRECT,CORRECT,True,True,True,13.750622336552794,10.357587737962604,-3.393034598590191,13.750622336552794,10.357587737962604,-3.393034598590191,8.1875,-18.75,False,no_flip,True,1.3886055052280426
21,calibration,self,chemistry,3,adaptive_rescue,False,10,neuronpedia_global,all_prompt_positions_and_generated_tokens,question_mark,78,,,99,True,1.0,1.8,1.0,评估,vocab_token:99973,99973,677f4db3e9b5283cb7888ea4477f7df9c3b4a1458022f85a542bbf93c88ca10a,34,word_filtered_appearance_fallback,131,40,word_filtered_rank,CORRECT,CORRECT,The claim认为评估是否准确，需要,,True,False,CORRECT/INCORRECT,CORRECT,True,True,False,13.750622336552794,15.405774164944887,1.6551518283920927,13.750622336552794,15.405774164944887,1.6551518283920927,8.1875,18.125,False,no_flip,True,2.145222468301654
22,calibration,self,history,3,frozen_primary,True,1,neuronpedia_global,all_prompt_positions_and_generated_tokens,question_mark,80,,,101,True,1.0,-1.7,-1.0,评价,vocab_token:97817,97817,8a87e6e3f1867b77d6b1e41a3304949df1310120316964b73eb3391f0877cfb6,40,frozen_primary_layer,28,9,word_filtered_rank,CORRECT,CORRECT,CORRECT,CORRECT,True,True,CORRECT/INCORRECT,CORRECT,True,True,True,11.75031325963954,0.12706314204842784,-11.623250117591112,11.75031325963954,0.12706314204842784,-11.623250117591112,12.625,-28.25,False,no_flip,True,1.385610867291689
22,calibration,self,history,3,frozen_primary,True,2,neuronpedia_global,all_prompt_positions_and_generated_tokens,question_mark,80,,,101,True,1.0,1.8,1.0,评价,vocab_token:97817,97817,8a87e6e3f1867b77d6b1e41a3304949df1310120316964b73eb3391f0877cfb6,40,frozen_primary_layer,28,9,word_filtered_rank,CORRECT,CORRECT,CORRECT,CORRECT,True,True,CORRECT/INCORRECT,CORRECT,True,True,True,11.75031325963954,11.826182750985026,0.07586949134548604,11.75031325963954,11.826182750985026,0.07586949134548604,12.625,28.875,False,no_flip,True,1.3890655916184187
22,calibration,self,history,3,adaptive_rescue,False,3,neuronpedia_global,all_prompt_positions_and_generated_tokens,question_mark,80,,,101,True,1.0,-1.7,-1.0,评价,vocab_token:97817,97817,40e9689ba1debf117f4edecea706fbb0f5cb6bcd4aace256cbb71af8539f1224,37,word_filtered_appearance_fallback,92,40,word_filtered_rank,CORRECT,CORRECT,CORRECT,CORRECT,True,True,CORRECT/INCORRECT,CORRECT,True,True,True,11.75031325963954,4.696565735153854,-7.053747524485686,11.75031325963954,4.696565735153854,-7.053747524485686,9.6875,-21.625,False,no_flip,True,1.3915357887744904
22,calibration,self,history,3,adaptive_rescue,False,4,neuronpedia_global,all_prompt_positions_and_generated_tokens,question_mark,80,,,101,True,1.0,1.8,1.0,评价,vocab_token:97817,97817,40e9689ba1debf117f4edecea706fbb0f5cb6bcd4aace256cbb71af8539f1224,37,word_filtered_appearance_fallback,92,40,word_filtered_rank,CORRECT,CORRECT,CORRECT,CORRECT,True,True,CORRECT/INCORRECT,CORRECT,True,True,True,11.75031325963954,5.593501969735371,-6.156811289904169,11.75031325963954,5.593501969735371,-6.156811289904169,9.6875,22.625,False,no_flip,True,1.3860604893416166
22,calibration,self,history,3,adaptive_rescue,False,5,neuronpedia_global,all_prompt_positions_and_generated_tokens,question_mark,80,,,101,True,1.0,-1.7,-1.0,评价,vocab_token:97817,97817,38a2103d6eb1331222dcfc1694ba03ed98cef72166146bd7e61babe0b81b121f,38,word_filtered_appearance_fallback,28,10,word_filtered_rank,CORRECT,CORRECT,INCORNT,,True,False,CORRECT/INCORRECT,CORRECT,True,True,False,11.75031325963954,9.307000848464668,-2.4433124111748725,11.75031325963954,9.307000848464668,-2.4433124111748725,11.9375,-23.125,False,no_flip,True,1.534186353906989
22,calibration,self,history,3,adaptive_rescue,False,6,neuronpedia_global,all_prompt_positions_and_generated_tokens,question_mark,80,,,101,True,1.0,1.8,1.0,评价,vocab_token:97817,97817,38a2103d6eb1331222dcfc1694ba03ed98cef72166146bd7e61babe0b81b121f,38,word_filtered_appearance_fallback,28,10,word_filtered_rank,CORRECT,CORRECT,CORRECT,CORRECT,True,True,CORRECT/INCORRECT,CORRECT,True,True,True,11.75031325963954,8.587935046758503,-3.1623782128810376,11.75031325963954,8.587935046758503,-3.1623782128810376,11.9375,24.625,False,no_flip,True,1.3909030854701996
22,calibration,self,history,3,adaptive_rescue,False,7,neuronpedia_global,all_prompt_positions_and_generated_tokens,question_mark,80,,,101,True,1.0,-1.7,-1.0,评估,vocab_token:99973,99973,c55ca3df206b88ee4dcaf291e77b8830ab68243ed25460e77d6d850604e7a107,40,alternate_candidate_preferred_layer,23,7,word_filtered_rank,CORRECT,CORRECT,CORRECT,CORRECT,True,True,CORRECT/INCORRECT,CORRECT,True,True,True,11.75031325963954,2.39732044014454,-9.352992819495,11.75031325963954,2.39732044014454,-9.352992819495,12.9375,-29.125,False,no_flip,True,1.379810905084014
22,calibration,self,history,3,adaptive_rescue,False,8,neuronpedia_global,all_prompt_positions_and_generated_tokens,question_mark,80,,,101,True,1.0,1.8,1.0,评估,vocab_token:99973,99973,c55ca3df206b88ee4dcaf291e77b8830ab68243ed25460e77d6d850604e7a107,40,alternate_candidate_preferred_layer,23,7,word_filtered_rank,CORRECT,CORRECT,Correct,CORRECT,True,True,CORRECT/INCORRECT,CORRECT,True,True,True,11.75031325963954,15.353843103104737,3.6035298434651963,11.75031325963954,15.353843103104737,3.6035298434651963,12.9375,28.625,False,no_flip,True,1.2245227731764317
22,calibration,self,history,3,adaptive_rescue,False,9,neuronpedia_global,all_prompt_positions_and_generated_tokens,question_mark,80,,,101,True,1.0,-1.7,-1.0,评估,vocab_token:99973,99973,677f4db3e9b5283cb7888ea4477f7df9c3b4a1458022f85a542bbf93c88ca10a,34,word_filtered_appearance_fallback,128,33,word_filtered_rank,CORRECT,CORRECT,"CORRECT
",CORRECT,True,True,CORRECT/INCORRECT,CORRECT,True,True,True,11.75031325963954,10.164405902847648,-1.5859073567918927,11.75031325963954,10.164405902847648,-1.5859073567918927,8.6875,-18.625,False,no_flip,True,1.3874903675168753
22,calibration,self,history,3,adaptive_rescue,False,10,neuronpedia_global,all_prompt_positions_and_generated_tokens,question_mark,80,,,101,True,1.0,1.8,1.0,评估,vocab_token:99973,99973,677f4db3e9b5283cb7888ea4477f7df9c3b4a1458022f85a542bbf93c88ca10a,34,word_filtered_appearance_fallback,128,33,word_filtered_rank,CORRECT,CORRECT,The evaluation过程是合理的，因为该,,True,False,CORRECT/INCORRECT,CORRECT,True,True,False,11.75031325963954,10.74352627620101,-1.0067869834385306,11.75031325963954,10.74352627620101,-1.0067869834385306,8.6875,18.375,False,no_flip,True,2.3302600905299187
23,calibration,self,neuroscience,3,frozen_primary,True,1,neuronpedia_global,all_prompt_positions_and_generated_tokens,question_mark,74,,,95,True,1.0,-1.7,-1.0,评价,vocab_token:97817,97817,8a87e6e3f1867b77d6b1e41a3304949df1310120316964b73eb3391f0877cfb6,40,frozen_primary_layer,30,8,word_filtered_rank,CORRECT,CORRECT,INCORRECT,INCORRECT,True,True,CORRECT/INCORRECT,CORRECT,True,True,False,4.625116719506423,-0.24225444853072986,-4.8673711680371525,4.625116719506423,-0.24225444853072986,-4.8673711680371525,11.5625,-28.625,True,worsened,True,1.5345346722751856
23,calibration,self,neuroscience,3,frozen_primary,True,2,neuronpedia_global,all_prompt_positions_and_generated_tokens,question_mark,74,,,95,True,1.0,1.8,1.0,评价,vocab_token:97817,97817,8a87e6e3f1867b77d6b1e41a3304949df1310120316964b73eb3391f0877cfb6,40,frozen_primary_layer,30,8,word_filtered_rank,CORRECT,CORRECT,CORRECT,CORRECT,True,True,CORRECT/INCORRECT,CORRECT,True,True,True,4.625116719506423,8.360499425791204,3.7353827062847813,4.625116719506423,8.360499425791204,3.7353827062847813,11.5625,28.5,False,no_flip,True,1.377287670969963
24,calibration,self,physics,3,frozen_primary,True,1,neuronpedia_global,all_prompt_positions_and_generated_tokens,question_mark,77,,,98,True,1.0,-1.7,-1.0,评价,vocab_token:97817,97817,8a87e6e3f1867b77d6b1e41a3304949df1310120316964b73eb3391f0877cfb6,40,frozen_primary_layer,24,8,word_filtered_rank,CORRECT,CORRECT,CORRECT,CORRECT,True,True,CORRECT/INCORRECT,CORRECT,True,True,True,14.87514757746618,1.0871541516971774,-13.787993425769002,14.87514757746618,1.0871541516971774,-13.787993425769002,12.8125,-28.375,False,no_flip,True,1.3868618439882994
24,calibration,self,physics,3,frozen_primary,True,2,neuronpedia_global,all_prompt_positions_and_generated_tokens,question_mark,77,,,98,True,1.0,1.8,1.0,评价,vocab_token:97817,97817,8a87e6e3f1867b77d6b1e41a3304949df1310120316964b73eb3391f0877cfb6,40,frozen_primary_layer,24,8,word_filtered_rank,CORRECT,CORRECT,CORRECT,CORRECT,True,True,CORRECT/INCORRECT,CORRECT,True,True,True,14.87514757746618,10.32209138944745,-4.553056188018729,14.87514757746618,10.32209138944745,-4.553056188018729,12.8125,28.75,False,no_flip,True,1.3892136793583632
24,calibration,self,physics,3,adaptive_rescue,False,3,neuronpedia_global,all_prompt_positions_and_generated_tokens,question_mark,77,,,98,True,1.0,-1.7,-1.0,评价,vocab_token:97817,97817,73c683f129559da9c009e22ae409cac0b6d96ba20351cea4ec1fb27f162c843c,35,word_filtered_appearance_fallback,120,44,word_filtered_rank,CORRECT,CORRECT,CORRET,,True,False,CORRECT/INCORRECT,CORRECT,True,True,False,14.87514757746618,4.789249982684851,-10.08589759478133,14.87514757746618,4.789249982684851,-10.08589759478133,8.625,-18.875,False,no_flip,True,1.3903015907853842
24,calibration,self,physics,3,adaptive_rescue,False,4,neuronpedia_global,all_prompt_positions_and_generated_tokens,question_mark,77,,,98,True,1.0,1.8,1.0,评价,vocab_token:97817,97817,73c683f129559da9c009e22ae409cac0b6d96ba20351cea4ec1fb27f162c843c,35,word_filtered_appearance_fallback,120,44,word_filtered_rank,CORRECT,CORRECT,CORRECT,CORRECT,True,True,CORRECT/INCORRECT,CORRECT,True,True,True,14.87514757746618,14.73478983505629,-0.14035774240988985,14.87514757746618,14.73478983505629,-0.14035774240988985,8.625,19.25,False,no_flip,True,1.3885556682944298
24,calibration,self,physics,3,adaptive_rescue,False,5,neuronpedia_global,all_prompt_positions_and_generated_tokens,question_mark,77,,,98,True,1.0,-1.7,-1.0,评价,vocab_token:97817,97817,40e9689ba1debf117f4edecea706fbb0f5cb6bcd4aace256cbb71af8539f1224,37,word_filtered_appearance_fallback,80,37,word_filtered_rank,CORRECT,CORRECT,CORRECT,CORRECT,True,True,CORRECT/INCORRECT,CORRECT,True,True,True,14.87514757746618,8.15742248808965,-6.717725089376529,14.87514757746618,8.15742248808965,-6.717725089376529,10.0,-21.75,False,no_flip,True,1.3828850779682398
24,calibration,self,physics,3,adaptive_rescue,False,6,neuronpedia_global,all_prompt_positions_and_generated_tokens,question_mark,77,,,98,True,1.0,1.8,1.0,评价,vocab_token:97817,97817,40e9689ba1debf117f4edecea706fbb0f5cb6bcd4aace256cbb71af8539f1224,37,word_filtered_appearance_fallback,80,37,word_filtered_rank,CORRECT,CORRECT,CORRECT,CORRECT,True,True,CORRECT/INCORRECT,CORRECT,True,True,True,14.87514757746618,4.962237645464484,-9.912909932001696,14.87514757746618,4.962237645464484,-9.912909932001696,10.0,22.5,False,no_flip,True,1.382690392434597
24,calibration,self,physics,3,adaptive_rescue,False,7,neuronpedia_global,all_prompt_positions_and_generated_tokens,question_mark,77,,,98,True,1.0,-1.7,-1.0,评估,vocab_token:99973,99973,c55ca3df206b88ee4dcaf291e77b8830ab68243ed25460e77d6d850604e7a107,40,alternate_candidate_preferred_layer,20,5,word_filtered_rank,CORRECT,CORRECT,CORRECT,CORRECT,True,True,CORRECT/INCORRECT,CORRECT,True,True,True,14.87514757746618,2.8770674018614955,-11.998080175604684,14.87514757746618,2.8770674018614955,-11.998080175604684,13.125,-29.25,False,no_flip,True,1.3797682859003544
24,calibration,self,physics,3,adaptive_rescue,False,8,neuronpedia_global,all_prompt_positions_and_generated_tokens,question_mark,77,,,98,True,1.0,1.8,1.0,评估,vocab_token:99973,99973,c55ca3df206b88ee4dcaf291e77b8830ab68243ed25460e77d6d850604e7a107,40,alternate_candidate_preferred_layer,20,5,word_filtered_rank,CORRECT,CORRECT,CORRECT,CORRECT,True,True,CORRECT/INCORRECT,CORRECT,True,True,True,14.87514757746618,14.91590294992784,0.0407553724616605,14.87514757746618,14.91590294992784,0.0407553724616605,13.125,28.625,False,no_flip,True,1.3873463869094849
24,calibration,self,physics,3,adaptive_rescue,False,9,neuronpedia_global,all_prompt_positions_and_generated_tokens,question_mark,77,,,98,True,1.0,-1.7,-1.0,评估,vocab_token:99973,99973,677f4db3e9b5283cb7888ea4477f7df9c3b4a1458022f85a542bbf93c88ca10a,34,word_filtered_appearance_fallback,134,38,word_filtered_rank,CORRECT,CORRECT,CORRECT,CORRECT,True,True,CORRECT/INCORRECT,CORRECT,True,True,True,14.87514757746618,12.144347082823515,-2.730800494642665,14.87514757746618,12.144347082823515,-2.730800494642665,8.4375,-18.625,False,no_flip,True,1.3830332979559898
24,calibration,self,physics,3,adaptive_rescue,False,10,neuronpedia_global,all_prompt_positions_and_generated_tokens,question_mark,77,,,98,True,1.0,1.8,1.0,评估,vocab_token:99973,99973,677f4db3e9b5283cb7888ea4477f7df9c3b4a1458022f85a542bbf93c88ca10a,34,word_filtered_appearance_fallback,134,38,word_filtered_rank,CORRECT,CORRECT,The evaluation过程是合理的，因为D,,True,False,CORRECT/INCORRECT,CORRECT,True,True,False,14.87514757746618,13.483757674694061,-1.3913899027721186,14.87514757746618,13.483757674694061,-1.3913899027721186,8.4375,18.25,False,no_flip,True,2.1558102816343307
25,calibration,self,neuroscience,3,frozen_primary,True,1,neuronpedia_global,all_prompt_positions_and_generated_tokens,question_mark,76,,,97,True,1.0,-1.7,-1.0,评价,vocab_token:97817,97817,8a87e6e3f1867b77d6b1e41a3304949df1310120316964b73eb3391f0877cfb6,40,frozen_primary_layer,20,5,word_filtered_rank,CORRECT,CORRECT,CORRECT,CORRECT,True,True,CORRECT/INCORRECT,CORRECT,True,True,True,14.562720875955335,1.1289706339885015,-13.433750241966834,14.562720875955335,1.1289706339885015,-13.433750241966834,12.6875,-28.5,False,no_flip,True,1.3902326636016369
25,calibration,self,neuroscience,3,frozen_primary,True,2,neuronpedia_global,all_prompt_positions_and_generated_tokens,question_mark,76,,,97,True,1.0,1.8,1.0,评价,vocab_token:97817,97817,8a87e6e3f1867b77d6b1e41a3304949df1310120316964b73eb3391f0877cfb6,40,frozen_primary_layer,20,5,word_filtered_rank,CORRECT,CORRECT,CORRECT,CORRECT,True,True,CORRECT/INCORRECT,CORRECT,True,True,True,14.562720875955335,11.10176163725555,-3.460959238699786,14.562720875955335,11.10176163725555,-3.460959238699786,12.6875,28.625,False,no_flip,True,1.3795239105820656
25,calibration,self,neuroscience,3,adaptive_rescue,False,3,neuronpedia_global,all_prompt_positions_and_generated_tokens,question_mark,76,,,97,True,1.0,-1.7,-1.0,评价,vocab_token:97817,97817,73c683f129559da9c009e22ae409cac0b6d96ba20351cea4ec1fb27f162c843c,35,word_filtered_appearance_fallback,107,36,word_filtered_rank,CORRECT,CORRECT,CORRET,,True,False,CORRECT/INCORRECT,CORRECT,True,True,False,14.562720875955335,4.352372035384178,-10.210348840571157,14.562720875955335,4.352372035384178,-10.210348840571157,8.5625,-18.875,False,no_flip,True,1.3926657028496265
25,calibration,self,neuroscience,3,adaptive_rescue,False,4,neuronpedia_global,all_prompt_positions_and_generated_tokens,question_mark,76,,,97,True,1.0,1.8,1.0,评价,vocab_token:97817,97817,73c683f129559da9c009e22ae409cac0b6d96ba20351cea4ec1fb27f162c843c,35,word_filtered_appearance_fallback,107,36,word_filtered_rank,CORRECT,CORRECT,CORRECT,CORRECT,True,True,CORRECT/INCORRECT,CORRECT,True,True,True,14.562720875955335,14.409183537354693,-0.15353733860064267,14.562720875955335,14.409183537354693,-0.15353733860064267,8.5625,19.25,False,no_flip,True,1.3882411811500788
25,calibration,self,neuroscience,3,adaptive_rescue,False,5,neuronpedia_global,all_prompt_positions_and_generated_tokens,question_mark,76,,,97,True,1.0,-1.7,-1.0,评价,vocab_token:97817,97817,33e7d0a9523a0c229af71fe72e9d2bec61350f547675569a386512d996b5a0d1,36,word_filtered_appearance_fallback,90,45,word_filtered_rank,CORRECT,CORRECT,CORRECT,CORRECT,True,True,CORRECT/INCORRECT,CORRECT,True,True,True,14.562720875955335,5.0054890683386475,-9.557231807616688,14.562720875955335,5.0054890683386475,-9.557231807616688,8.8125,-20.0,False,no_flip,True,1.3808025382459164
25,calibration,self,neuroscience,3,adaptive_rescue,False,6,neuronpedia_global,all_prompt_positions_and_generated_tokens,question_mark,76,,,97,True,1.0,1.8,1.0,评价,vocab_token:97817,97817,33e7d0a9523a0c229af71fe72e9d2bec61350f547675569a386512d996b5a0d1,36,word_filtered_appearance_fallback,90,45,word_filtered_rank,CORRECT,CORRECT,CORRECT,CORRECT,True,True,CORRECT/INCORRECT,CORRECT,True,True,True,14.562720875955335,9.846675717853941,-4.7160451581013945,14.562720875955335,9.846675717853941,-4.7160451581013945,8.8125,20.875,False,no_flip,True,1.3932234458625317
25,calibration,self,neuroscience,3,adaptive_rescue,False,7,neuronpedia_global,all_prompt_positions_and_generated_tokens,question_mark,76,,,97,True,1.0,-1.7,-1.0,评估,vocab_token:99973,99973,c55ca3df206b88ee4dcaf291e77b8830ab68243ed25460e77d6d850604e7a107,40,alternate_candidate_preferred_layer,13,3,word_filtered_rank,CORRECT,CORRECT,CORRECT,CORRECT,True,True,CORRECT/INCORRECT,CORRECT,True,True,True,14.562720875955335,2.588439855589968,-11.974281020365368,14.562720875955335,2.588439855589968,-11.974281020365368,13.375,-29.375,False,no_flip,True,1.3854720555245876
25,calibration,self,neuroscience,3,adaptive_rescue,False,8,neuronpedia_global,all_prompt_positions_and_generated_tokens,question_mark,76,,,97,True,1.0,1.8,1.0,评估,vocab_token:99973,99973,c55ca3df206b88ee4dcaf291e77b8830ab68243ed25460e77d6d850604e7a107,40,alternate_candidate_preferred_layer,13,3,word_filtered_rank,CORRECT,CORRECT,CORRECT,CORRECT,True,True,CORRECT/INCORRECT,CORRECT,True,True,True,14.562720875955335,15.341144443606026,0.778423567650691,14.562720875955335,15.341144443606026,0.778423567650691,13.375,28.5,False,no_flip,True,1.3800647128373384
25,calibration,self,neuroscience,3,adaptive_rescue,False,9,neuronpedia_global,all_prompt_positions_and_generated_tokens,question_mark,76,,,97,True,1.0,-1.7,-1.0,评估,vocab_token:99973,99973,677f4db3e9b5283cb7888ea4477f7df9c3b4a1458022f85a542bbf93c88ca10a,34,word_filtered_appearance_fallback,119,34,word_filtered_rank,CORRECT,CORRECT,CORRECT,CORRECT,True,True,CORRECT/INCORRECT,CORRECT,True,True,True,14.562720875955335,11.181637275032699,-3.3810836009226364,14.562720875955335,11.181637275032699,-3.3810836009226364,8.5,-18.625,False,no_flip,True,1.3875596262514591
25,calibration,self,neuroscience,3,adaptive_rescue,False,10,neuronpedia_global,all_prompt_positions_and_generated_tokens,question_mark,76,,,97,True,1.0,1.8,1.0,评估,vocab_token:99973,99973,677f4db3e9b5283cb7888ea4477f7df9c3b4a1458022f85a542bbf93c88ca10a,34,word_filtered_appearance_fallback,119,34,word_filtered_rank,CORRECT,CORRECT,The assessment是合理的，因为该评估,,True,False,CORRECT/INCORRECT,CORRECT,True,True,False,14.562720875955335,11.874225921928883,-2.688494954026453,14.562720875955335,11.874225921928883,-2.688494954026453,8.5,18.25,False,no_flip,True,2.1529798172414303
26,calibration,self,chemistry,3,frozen_primary,True,1,neuronpedia_global,all_prompt_positions_and_generated_tokens,question_mark,78,,,99,True,1.0,-1.7,-1.0,评价,vocab_token:97817,97817,8a87e6e3f1867b77d6b1e41a3304949df1310120316964b73eb3391f0877cfb6,40,frozen_primary_layer,20,5,word_filtered_rank,CORRECT,CORRECT,INCORRECT,INCORRECT,True,True,CORRECT/INCORRECT,CORRECT,True,True,False,12.002139857199097,-0.020809978392207995,-12.022949835591305,12.002139857199097,-0.020809978392207995,-12.022949835591305,13.0625,-28.5,True,worsened,True,1.5477742329239845
26,calibration,self,chemistry,3,frozen_primary,True,2,neuronpedia_global,all_prompt_positions_and_generated_tokens,question_mark,78,,,99,True,1.0,1.8,1.0,评价,vocab_token:97817,97817,8a87e6e3f1867b77d6b1e41a3304949df1310120316964b73eb3391f0877cfb6,40,frozen_primary_layer,20,5,word_filtered_rank,CORRECT,CORRECT,CORRECT,CORRECT,True,True,CORRECT/INCORRECT,CORRECT,True,True,True,12.002139857199097,9.957111581228673,-2.0450282759704237,12.002139857199097,9.957111581228673,-2.0450282759704237,13.0625,28.75,False,no_flip,True,1.3822676446288824
27,calibration,self,history,3,frozen_primary,True,1,neuronpedia_global,all_prompt_positions_and_generated_tokens,question_mark,83,,,104,True,1.0,-1.7,-1.0,评价,vocab_token:97817,97817,8a87e6e3f1867b77d6b1e41a3304949df1310120316964b73eb3391f0877cfb6,40,frozen_primary_layer,21,4,word_filtered_rank,CORRECT,CORRECT,CORRECT,CORRECT,True,True,CORRECT/INCORRECT,CORRECT,True,True,True,5.125133478466978,0.48309713776689023,-4.642036340700088,5.125133478466978,0.48309713776689023,-4.642036340700088,12.25,-28.375,False,no_flip,True,1.3836703896522522
27,calibration,self,history,3,frozen_primary,True,2,neuronpedia_global,all_prompt_positions_and_generated_tokens,question_mark,83,,,104,True,1.0,1.8,1.0,评价,vocab_token:97817,97817,8a87e6e3f1867b77d6b1e41a3304949df1310120316964b73eb3391f0877cfb6,40,frozen_primary_layer,21,4,word_filtered_rank,CORRECT,CORRECT,CORRECT,CORRECT,True,True,CORRECT/INCORRECT,CORRECT,True,True,True,5.125133478466978,7.13394784135744,2.008814362890462,5.125133478466978,7.13394784135744,2.008814362890462,12.25,28.625,False,no_flip,True,1.4794700872153044
27,calibration,self,history,3,adaptive_rescue,False,3,neuronpedia_global,all_prompt_positions_and_generated_tokens,question_mark,83,,,104,True,1.0,-1.7,-1.0,评价,vocab_token:97817,97817,40e9689ba1debf117f4edecea706fbb0f5cb6bcd4aace256cbb71af8539f1224,37,word_filtered_appearance_fallback,86,45,word_filtered_rank,CORRECT,CORRECT,INCORT,,True,False,CORRECT/INCORRECT,CORRECT,True,True,False,5.125133478466978,7.485718785086647,2.3605853066196687,5.125133478466978,7.485718785086647,2.3605853066196687,9.375,-21.75,False,no_flip,True,1.655296452343464
27,calibration,self,history,3,adaptive_rescue,False,4,neuronpedia_global,all_prompt_positions_and_generated_tokens,question_mark,83,,,104,True,1.0,1.8,1.0,评价,vocab_token:97817,97817,40e9689ba1debf117f4edecea706fbb0f5cb6bcd4aace256cbb71af8539f1224,37,word_filtered_appearance_fallback,86,45,word_filtered_rank,CORRECT,CORRECT,CORRECT,CORRECT,True,True,CORRECT/INCORRECT,CORRECT,True,True,True,5.125133478466978,2.5809186071855947,-2.5442148712813832,5.125133478466978,2.5809186071855947,-2.5442148712813832,9.375,22.5,False,no_flip,True,1.3852772153913975
27,calibration,self,history,3,adaptive_rescue,False,5,neuronpedia_global,all_prompt_positions_and_generated_tokens,question_mark,83,,,104,True,1.0,-1.7,-1.0,评价,vocab_token:97817,97817,38a2103d6eb1331222dcfc1694ba03ed98cef72166146bd7e61babe0b81b121f,38,word_filtered_appearance_fallback,25,5,word_filtered_rank,CORRECT,CORRECT,INCORNT,,True,False,CORRECT/INCORRECT,CORRECT,True,True,False,5.125133478466978,13.564996489556506,8.439863011089528,5.125133478466978,13.564996489556506,8.439863011089528,11.25,-23.25,False,no_flip,True,1.5418832655996084
27,calibration,self,history,3,adaptive_rescue,False,6,neuronpedia_global,all_prompt_positions_and_generated_tokens,question_mark,83,,,104,True,1.0,1.8,1.0,评价,vocab_token:97817,97817,38a2103d6eb1331222dcfc1694ba03ed98cef72166146bd7e61babe0b81b121f,38,word_filtered_appearance_fallback,25,5,word_filtered_rank,CORRECT,CORRECT,CORRECT,CORRECT,True,True,CORRECT/INCORRECT,CORRECT,True,True,True,5.125133478466978,5.18311121291481,0.05797773444783161,5.125133478466978,5.18311121291481,0.05797773444783161,11.25,24.5,False,no_flip,True,1.496731972321868
27,calibration,self,history,3,adaptive_rescue,False,7,neuronpedia_global,all_prompt_positions_and_generated_tokens,question_mark,83,,,104,True,1.0,-1.7,-1.0,评估,vocab_token:99973,99973,c55ca3df206b88ee4dcaf291e77b8830ab68243ed25460e77d6d850604e7a107,40,alternate_candidate_preferred_layer,25,6,word_filtered_rank,CORRECT,CORRECT,CORRECT,CORRECT,True,True,CORRECT/INCORRECT,CORRECT,True,True,True,5.125133478466978,2.4131947160421987,-2.7119387624247793,5.125133478466978,2.4131947160421987,-2.7119387624247793,11.8125,-29.625,False,no_flip,True,1.4210421238094568
27,calibration,self,history,3,adaptive_rescue,False,8,neuronpedia_global,all_prompt_positions_and_generated_tokens,question_mark,83,,,104,True,1.0,1.8,1.0,评估,vocab_token:99973,99973,c55ca3df206b88ee4dcaf291e77b8830ab68243ed25460e77d6d850604e7a107,40,alternate_candidate_preferred_layer,25,6,word_filtered_rank,CORRECT,CORRECT,Correct,CORRECT,True,True,CORRECT/INCORRECT,CORRECT,True,True,True,5.125133478466978,10.886694110115059,5.761560631648081,5.125133478466978,10.886694110115059,5.761560631648081,11.8125,28.25,False,no_flip,True,1.2259509824216366
27,calibration,self,history,3,adaptive_rescue,False,9,neuronpedia_global,all_prompt_positions_and_generated_tokens,question_mark,83,,,104,True,1.0,-1.7,-1.0,评估,vocab_token:99973,99973,677f4db3e9b5283cb7888ea4477f7df9c3b4a1458022f85a542bbf93c88ca10a,34,word_filtered_appearance_fallback,149,46,word_filtered_rank,CORRECT,CORRECT,CORRECT,CORRECT,True,True,CORRECT/INCORRECT,CORRECT,True,True,True,5.125133478466978,13.21002388955094,8.084890411083961,5.125133478466978,13.21002388955094,8.084890411083961,8.125,-18.75,False,no_flip,True,1.3887045551091433
27,calibration,self,history,3,adaptive_rescue,False,10,neuronpedia_global,all_prompt_positions_and_generated_tokens,question_mark,83,,,104,True,1.0,1.8,1.0,评估,vocab_token:99973,99973,677f4db3e9b5283cb7888ea4477f7df9c3b4a1458022f85a542bbf93c88ca10a,34,word_filtered_appearance_fallback,149,46,word_filtered_rank,CORRECT,CORRECT,To determine the评估的准确性，我们需要,,True,False,CORRECT/INCORRECT,CORRECT,True,True,False,5.125133478466978,10.634727876633406,5.509594398166428,5.125133478466978,10.634727876633406,5.509594398166428,8.125,18.125,False,no_flip,True,2.1561503801494837
28,calibration,self,mathematics,3,frozen_primary,True,1,neuronpedia_global,all_prompt_positions_and_generated_tokens,question_mark,81,,,102,True,1.0,-1.7,-1.0,评价,vocab_token:97817,97817,8a87e6e3f1867b77d6b1e41a3304949df1310120316964b73eb3391f0877cfb6,40,frozen_primary_layer,13,4,word_filtered_rank,CORRECT,CORRECT,INCORRECT,INCORRECT,True,True,CORRECT/INCORRECT,CORRECT,True,True,False,12.812910748408058,-0.49638662324287,-13.309297371650928,12.812910748408058,-0.49638662324287,-13.309297371650928,13.375,-28.375,True,worsened,True,1.5303039010614157
28,calibration,self,mathematics,3,frozen_primary,True,2,neuronpedia_global,all_prompt_positions_and_generated_tokens,question_mark,81,,,102,True,1.0,1.8,1.0,评价,vocab_token:97817,97817,8a87e6e3f1867b77d6b1e41a3304949df1310120316964b73eb3391f0877cfb6,40,frozen_primary_layer,13,4,word_filtered_rank,CORRECT,CORRECT,CORRECT,CORRECT,True,True,CORRECT/INCORRECT,CORRECT,True,True,True,12.812910748408058,10.275083158165216,-2.5378275902428413,12.812910748408058,10.275083158165216,-2.5378275902428413,13.375,28.75,False,no_flip,True,1.3794741984456778
29,calibration,self,physics,3,frozen_primary,True,1,neuronpedia_global,all_prompt_positions_and_generated_tokens,question_mark,84,,,105,True,1.0,-1.7,-1.0,评价,vocab_token:97817,97817,8a87e6e3f1867b77d6b1e41a3304949df1310120316964b73eb3391f0877cfb6,40,frozen_primary_layer,25,7,word_filtered_rank,CORRECT,CORRECT,CORRECT,CORRECT,True,True,CORRECT/INCORRECT,CORRECT,True,True,True,12.875361643746174,0.7605187074223068,-12.114842936323868,12.875361643746174,0.7605187074223068,-12.114842936323868,12.5625,-28.25,False,no_flip,True,1.3772916980087757
29,calibration,self,physics,3,frozen_primary,True,2,neuronpedia_global,all_prompt_positions_and_generated_tokens,question_mark,84,,,105,True,1.0,1.8,1.0,评价,vocab_token:97817,97817,8a87e6e3f1867b77d6b1e41a3304949df1310120316964b73eb3391f0877cfb6,40,frozen_primary_layer,25,7,word_filtered_rank,CORRECT,CORRECT,CORRECT,CORRECT,True,True,CORRECT/INCORRECT,CORRECT,True,True,True,12.875361643746174,11.033916319720447,-1.8414453240257274,12.875361643746174,11.033916319720447,-1.8414453240257274,12.5625,28.875,False,no_flip,True,1.3836566843092442
29,calibration,self,physics,3,adaptive_rescue,False,3,neuronpedia_global,all_prompt_positions_and_generated_tokens,question_mark,84,,,105,True,1.0,-1.7,-1.0,评价,vocab_token:97817,97817,73c683f129559da9c009e22ae409cac0b6d96ba20351cea4ec1fb27f162c843c,35,word_filtered_appearance_fallback,127,50,word_filtered_rank,CORRECT,CORRECT,CORRECT,CORRECT,True,True,CORRECT/INCORRECT,CORRECT,True,True,True,12.875361643746174,8.989960292354226,-3.8854013513919483,12.875361643746174,8.989960292354226,-3.8854013513919483,8.625,-18.875,False,no_flip,True,1.4924349915236235
29,calibration,self,physics,3,adaptive_rescue,False,4,neuronpedia_global,all_prompt_positions_and_generated_tokens,question_mark,84,,,105,True,1.0,1.8,1.0,评价,vocab_token:97817,97817,73c683f129559da9c009e22ae409cac0b6d96ba20351cea4ec1fb27f162c843c,35,word_filtered_appearance_fallback,127,50,word_filtered_rank,CORRECT,CORRECT,CORRECT,CORRECT,True,True,CORRECT/INCORRECT,CORRECT,True,True,True,12.875361643746174,15.799382880330086,2.9240212365839113,12.875361643746174,15.799382880330086,2.9240212365839113,8.625,19.375,False,no_flip,True,1.3802410513162613
29,calibration,self,physics,3,adaptive_rescue,False,5,neuronpedia_global,all_prompt_positions_and_generated_tokens,question_mark,84,,,105,True,1.0,-1.7,-1.0,评价,vocab_token:97817,97817,40e9689ba1debf117f4edecea706fbb0f5cb6bcd4aace256cbb71af8539f1224,37,word_filtered_appearance_fallback,88,45,word_filtered_rank,CORRECT,CORRECT,CORRECT,CORRECT,True,True,CORRECT/INCORRECT,CORRECT,True,True,True,12.875361643746174,7.976306099677458,-4.899055544068716,12.875361643746174,7.976306099677458,-4.899055544068716,9.75,-21.625,False,no_flip,True,1.382470590993762
29,calibration,self,physics,3,adaptive_rescue,False,6,neuronpedia_global,all_prompt_positions_and_generated_tokens,question_mark,84,,,105,True,1.0,1.8,1.0,评价,vocab_token:97817,97817,40e9689ba1debf117f4edecea706fbb0f5cb6bcd4aace256cbb71af8539f1224,37,word_filtered_appearance_fallback,88,45,word_filtered_rank,CORRECT,CORRECT,CORRECT,CORRECT,True,True,CORRECT/INCORRECT,CORRECT,True,True,True,12.875361643746174,4.423081881890539,-8.452279761855635,12.875361643746174,4.423081881890539,-8.452279761855635,9.75,22.625,False,no_flip,True,1.385749090462923
29,calibration,self,physics,3,adaptive_rescue,False,7,neuronpedia_global,all_prompt_positions_and_generated_tokens,question_mark,84,,,105,True,1.0,-1.7,-1.0,评估,vocab_token:99973,99973,c55ca3df206b88ee4dcaf291e77b8830ab68243ed25460e77d6d850604e7a107,40,alternate_candidate_preferred_layer,19,4,word_filtered_rank,CORRECT,CORRECT,CORRECT,CORRECT,True,True,CORRECT/INCORRECT,CORRECT,True,True,True,12.875361643746174,2.5067439368413034,-10.368617706904871,12.875361643746174,2.5067439368413034,-10.368617706904871,13.0,-29.125,False,no_flip,True,1.3782382905483246
29,calibration,self,physics,3,adaptive_rescue,False,8,neuronpedia_global,all_prompt_positions_and_generated_tokens,question_mark,84,,,105,True,1.0,1.8,1.0,评估,vocab_token:99973,99973,c55ca3df206b88ee4dcaf291e77b8830ab68243ed25460e77d6d850604e7a107,40,alternate_candidate_preferred_layer,19,4,word_filtered_rank,CORRECT,CORRECT,CORRECT,CORRECT,True,True,CORRECT/INCORRECT,CORRECT,True,True,True,12.875361643746174,15.016712548909709,2.1413509051635344,12.875361643746174,15.016712548909709,2.1413509051635344,13.0,28.75,False,no_flip,True,1.3866654634475708
29,calibration,self,physics,3,adaptive_rescue,False,9,neuronpedia_global,all_prompt_positions_and_generated_tokens,question_mark,84,,,105,True,1.0,-1.7,-1.0,评估,vocab_token:99973,99973,677f4db3e9b5283cb7888ea4477f7df9c3b4a1458022f85a542bbf93c88ca10a,34,word_filtered_appearance_fallback,128,36,word_filtered_rank,CORRECT,CORRECT,CORRECT,CORRECT,True,True,CORRECT/INCORRECT,CORRECT,True,True,True,12.875361643746174,11.121492845006287,-1.7538687987398873,12.875361643746174,11.121492845006287,-1.7538687987398873,8.5,-18.625,False,no_flip,True,1.3808667175471783
29,calibration,self,physics,3,adaptive_rescue,False,10,neuronpedia_global,all_prompt_positions_and_generated_tokens,question_mark,84,,,105,True,1.0,1.8,1.0,评估,vocab_token:99973,99973,677f4db3e9b5283cb7888ea4477f7df9c3b4a1458022f85a542bbf93c88ca10a,34,word_filtered_appearance_fallback,128,36,word_filtered_rank,CORRECT,CORRECT,CORRECT,CORRECT,True,True,CORRECT/INCORRECT,CORRECT,True,True,True,12.875361643746174,14.430484406650066,1.555122762903892,12.875361643746174,14.430484406650066,1.555122762903892,8.5,18.25,False,no_flip,True,1.3782151900231838
30,calibration,self,psychophysics,4,frozen_primary,True,1,neuronpedia_global,all_prompt_positions_and_generated_tokens,question_mark,84,,,105,True,1.0,-1.7,-1.0,评价,vocab_token:97817,97817,8a87e6e3f1867b77d6b1e41a3304949df1310120316964b73eb3391f0877cfb6,40,frozen_primary_layer,20,5,word_filtered_rank,CORRECT,CORRECT,CORRECT,CORRECT,True,True,CORRECT/INCORRECT,CORRECT,True,True,True,12.252436960305431,0.8886505703558214,-11.36378638994961,12.252436960305431,0.8886505703558214,-11.36378638994961,13.25,-28.5,False,no_flip,True,1.3822617027908564
30,calibration,self,psychophysics,4,frozen_primary,True,2,neuronpedia_global,all_prompt_positions_and_generated_tokens,question_mark,84,,,105,True,1.0,1.8,1.0,评价,vocab_token:97817,97817,8a87e6e3f1867b77d6b1e41a3304949df1310120316964b73eb3391f0877cfb6,40,frozen_primary_layer,20,5,word_filtered_rank,CORRECT,CORRECT,CORRECT,CORRECT,True,True,CORRECT/INCORRECT,CORRECT,True,True,True,12.252436960305431,10.452471859753132,-1.7999651005522992,12.252436960305431,10.452471859753132,-1.7999651005522992,13.25,28.75,False,no_flip,True,1.3761048074811697
30,calibration,self,psychophysics,4,adaptive_rescue,False,3,neuronpedia_global,all_prompt_positions_and_generated_tokens,question_mark,84,,,105,True,1.0,-1.7,-1.0,评价,vocab_token:97817,97817,73c683f129559da9c009e22ae409cac0b6d96ba20351cea4ec1fb27f162c843c,35,word_filtered_appearance_fallback,118,42,word_filtered_rank,CORRECT,CORRECT,CORRECT,CORRECT,True,True,CORRECT/INCORRECT,CORRECT,True,True,True,12.252436960305431,9.70559199899435,-2.5468449613110806,12.252436960305431,9.70559199899435,-2.5468449613110806,8.625,-19.0,False,no_flip,True,1.3854029942303896
30,calibration,self,psychophysics,4,adaptive_rescue,False,4,neuronpedia_global,all_prompt_positions_and_generated_tokens,question_mark,84,,,105,True,1.0,1.8,1.0,评价,vocab_token:97817,97817,73c683f129559da9c009e22ae409cac0b6d96ba20351cea4ec1fb27f162c843c,35,word_filtered_appearance_fallback,118,42,word_filtered_rank,CORRECT,CORRECT,CORRECT,CORRECT,True,True,CORRECT/INCORRECT,CORRECT,True,True,True,12.252436960305431,16.210720088798553,3.9582831284931217,12.252436960305431,16.210720088798553,3.9582831284931217,8.625,19.25,False,no_flip,True,1.4237479995936155
30,calibration,self,psychophysics,4,adaptive_rescue,False,5,neuronpedia_global,all_prompt_positions_and_generated_tokens,question_mark,84,,,105,True,1.0,-1.7,-1.0,评价,vocab_token:97817,97817,40e9689ba1debf117f4edecea706fbb0f5cb6bcd4aace256cbb71af8539f1224,37,word_filtered_appearance_fallback,74,34,word_filtered_rank,CORRECT,CORRECT,CORRECT,CORRECT,True,True,CORRECT/INCORRECT,CORRECT,True,True,True,12.252436960305431,6.136512503027916,-6.115924457277515,12.252436960305431,6.136512503027916,-6.115924457277515,10.0625,-21.875,False,no_flip,True,1.3734886348247528
30,calibration,self,psychophysics,4,adaptive_rescue,False,6,neuronpedia_global,all_prompt_positions_and_generated_tokens,question_mark,84,,,105,True,1.0,1.8,1.0,评价,vocab_token:97817,97817,40e9689ba1debf117f4edecea706fbb0f5cb6bcd4aace256cbb71af8539f1224,37,word_filtered_appearance_fallback,74,34,word_filtered_rank,CORRECT,CORRECT,CORRECT,CORRECT,True,True,CORRECT/INCORRECT,CORRECT,True,True,True,12.252436960305431,5.02547753037652,-7.226959429928911,12.252436960305431,5.02547753037652,-7.226959429928911,10.0625,22.5,False,no_flip,True,1.5140998251736164
30,calibration,self,psychophysics,4,adaptive_rescue,False,7,neuronpedia_global,all_prompt_positions_and_generated_tokens,question_mark,84,,,105,True,1.0,-1.7,-1.0,评估,vocab_token:99973,99973,c55ca3df206b88ee4dcaf291e77b8830ab68243ed25460e77d6d850604e7a107,40,alternate_candidate_preferred_layer,17,3,word_filtered_rank,CORRECT,CORRECT,CORRECT,CORRECT,True,True,CORRECT/INCORRECT,CORRECT,True,True,True,12.252436960305431,2.9177813218993833,-9.334655638406048,12.252436960305431,2.9177813218993833,-9.334655638406048,13.375,-29.375,False,no_flip,True,1.4563634563237429
30,calibration,self,psychophysics,4,adaptive_rescue,False,8,neuronpedia_global,all_prompt_positions_and_generated_tokens,question_mark,84,,,105,True,1.0,1.8,1.0,评估,vocab_token:99973,99973,c55ca3df206b88ee4dcaf291e77b8830ab68243ed25460e77d6d850604e7a107,40,alternate_candidate_preferred_layer,17,3,word_filtered_rank,CORRECT,CORRECT,CORRECT,CORRECT,True,True,CORRECT/INCORRECT,CORRECT,True,True,True,12.252436960305431,14.635314304032363,2.382877343726932,12.252436960305431,14.635314304032363,2.382877343726932,13.375,28.625,False,no_flip,True,1.380986476317048
30,calibration,self,psychophysics,4,adaptive_rescue,False,9,neuronpedia_global,all_prompt_positions_and_generated_tokens,question_mark,84,,,105,True,1.0,-1.7,-1.0,评估,vocab_token:99973,99973,677f4db3e9b5283cb7888ea4477f7df9c3b4a1458022f85a542bbf93c88ca10a,34,word_filtered_appearance_fallback,133,41,word_filtered_rank,CORRECT,CORRECT,CORRECT,CORRECT,True,True,CORRECT/INCORRECT,CORRECT,True,True,True,12.252436960305431,10.41477841604501,-1.837658544260421,12.252436960305431,10.41477841604501,-1.837658544260421,8.375,-18.625,False,no_flip,True,1.3804977592080832
30,calibration,self,psychophysics,4,adaptive_rescue,False,10,neuronpedia_global,all_prompt_positions_and_generated_tokens,question_mark,84,,,105,True,1.0,1.8,1.0,评估,vocab_token:99973,99973,677f4db3e9b5283cb7888ea4477f7df9c3b4a1458022f85a542bbf93c88ca10a,34,word_filtered_appearance_fallback,133,41,word_filtered_rank,CORRECT,CORRECT,The claim认为Weber's评估是,,True,False,CORRECT/INCORRECT,CORRECT,True,True,False,12.252436960305431,15.932487972080708,3.6800510117752765,12.252436960305431,15.932487972080708,3.6800510117752765,8.375,18.25,False,no_flip,True,2.3406499475240707
31,calibration,self,psychology,4,frozen_primary,True,1,neuronpedia_global,all_prompt_positions_and_generated_tokens,question_mark,78,,,99,True,1.0,-1.7,-1.0,评价,vocab_token:97817,97817,8a87e6e3f1867b77d6b1e41a3304949df1310120316964b73eb3391f0877cfb6,40,frozen_primary_layer,24,6,word_filtered_rank,CORRECT,CORRECT,"INCORIENT

",,True,False,CORRECT/INCORRECT,CORRECT,True,True,False,12.375574801535663,1.8802178992773406,-10.495356902258322,12.375574801535663,1.8802178992773406,-10.495356902258322,12.5625,-28.5,False,no_flip,True,1.5417663678526878
31,calibration,self,psychology,4,frozen_primary,True,2,neuronpedia_global,all_prompt_positions_and_generated_tokens,question_mark,78,,,99,True,1.0,1.8,1.0,评价,vocab_token:97817,97817,8a87e6e3f1867b77d6b1e41a3304949df1310120316964b73eb3391f0877cfb6,40,frozen_primary_layer,24,6,word_filtered_rank,CORRECT,CORRECT,CORRECT,CORRECT,True,True,CORRECT/INCORRECT,CORRECT,True,True,True,12.375574801535663,9.602641741745174,-2.772933059790489,12.375574801535663,9.602641741745174,-2.772933059790489,12.5625,28.625,False,no_flip,True,1.3860693909227848
31,calibration,self,psychology,4,adaptive_rescue,False,3,neuronpedia_global,all_prompt_positions_and_generated_tokens,question_mark,78,,,99,True,1.0,-1.7,-1.0,评价,vocab_token:97817,97817,40e9689ba1debf117f4edecea706fbb0f5cb6bcd4aace256cbb71af8539f1224,37,word_filtered_appearance_fallback,101,46,word_filtered_rank,CORRECT,CORRECT,CORRECT,CORRECT,True,True,CORRECT/INCORRECT,CORRECT,True,True,True,12.375574801535663,11.364361028885469,-1.0112137726501942,12.375574801535663,11.364361028885469,-1.0112137726501942,9.5625,-22.0,False,no_flip,True,1.3919564075767994
31,calibration,self,psychology,4,adaptive_rescue,False,4,neuronpedia_global,all_prompt_positions_and_generated_tokens,question_mark,78,,,99,True,1.0,1.8,1.0,评价,vocab_token:97817,97817,40e9689ba1debf117f4edecea706fbb0f5cb6bcd4aace256cbb71af8539f1224,37,word_filtered_appearance_fallback,101,46,word_filtered_rank,CORRECT,CORRECT,CORRECT,CORRECT,True,True,CORRECT/INCORRECT,CORRECT,True,True,True,12.375574801535663,4.466477161709918,-7.909097639825745,12.375574801535663,4.466477161709918,-7.909097639825745,9.5625,22.375,False,no_flip,True,1.3825443647801876
31,calibration,self,psychology,4,adaptive_rescue,False,5,neuronpedia_global,all_prompt_positions_and_generated_tokens,question_mark,78,,,99,True,1.0,-1.7,-1.0,评价,vocab_token:97817,97817,38a2103d6eb1331222dcfc1694ba03ed98cef72166146bd7e61babe0b81b121f,38,word_filtered_appearance_fallback,31,8,word_filtered_rank,CORRECT,CORRECT,CORRECT,CORRECT,True,True,CORRECT/INCORRECT,CORRECT,True,True,True,12.375574801535663,11.286867158138193,-1.0887076433974698,12.375574801535663,11.286867158138193,-1.0887076433974698,11.5625,-23.5,False,no_flip,True,1.539813444018364
31,calibration,self,psychology,4,adaptive_rescue,False,6,neuronpedia_global,all_prompt_positions_and_generated_tokens,question_mark,78,,,99,True,1.0,1.8,1.0,评价,vocab_token:97817,97817,38a2103d6eb1331222dcfc1694ba03ed98cef72166146bd7e61babe0b81b121f,38,word_filtered_appearance_fallback,31,8,word_filtered_rank,CORRECT,CORRECT,CORRECT,CORRECT,True,True,CORRECT/INCORRECT,CORRECT,True,True,True,12.375574801535663,7.013013859745115,-5.362560941790548,12.375574801535663,7.013013859745115,-5.362560941790548,11.5625,24.375,False,no_flip,True,1.5186422877013683
31,calibration,self,psychology,4,adaptive_rescue,False,7,neuronpedia_global,all_prompt_positions_and_generated_tokens,question_mark,78,,,99,True,1.0,-1.7,-1.0,评估,vocab_token:99973,99973,c55ca3df206b88ee4dcaf291e77b8830ab68243ed25460e77d6d850604e7a107,40,alternate_candidate_preferred_layer,21,4,word_filtered_rank,CORRECT,CORRECT,CORRECT,CORRECT,True,True,CORRECT/INCORRECT,CORRECT,True,True,True,12.375574801535663,3.110736622987133,-9.26483817854853,12.375574801535663,3.110736622987133,-9.26483817854853,12.75,-29.5,False,no_flip,True,1.3849352598190308
31,calibration,self,psychology,4,adaptive_rescue,False,8,neuronpedia_global,all_prompt_positions_and_generated_tokens,question_mark,78,,,99,True,1.0,1.8,1.0,评估,vocab_token:99973,99973,c55ca3df206b88ee4dcaf291e77b8830ab68243ed25460e77d6d850604e7a107,40,alternate_candidate_preferred_layer,21,4,word_filtered_rank,CORRECT,CORRECT,CORRECT,CORRECT,True,True,CORRECT/INCORRECT,CORRECT,True,True,True,12.375574801535663,13.944156649755314,1.568581848219651,12.375574801535663,13.944156649755314,1.568581848219651,12.75,28.375,False,no_flip,True,1.526048919185996
31,calibration,self,psychology,4,adaptive_rescue,False,9,neuronpedia_global,all_prompt_positions_and_generated_tokens,question_mark,78,,,99,True,1.0,-1.7,-1.0,评估,vocab_token:99973,99973,677f4db3e9b5283cb7888ea4477f7df9c3b4a1458022f85a542bbf93c88ca10a,34,word_filtered_appearance_fallback,161,43,word_filtered_rank,CORRECT,CORRECT,CORRECT,CORRECT,True,True,CORRECT/INCORRECT,CORRECT,True,True,True,12.375574801535663,11.997943202033639,-0.3776315995020241,12.375574801535663,11.997943202033639,-0.3776315995020241,8.3125,-18.75,False,no_flip,True,1.4186445157974958
31,calibration,self,psychology,4,adaptive_rescue,False,10,neuronpedia_global,all_prompt_positions_and_generated_tokens,question_mark,78,,,99,True,1.0,1.8,1.0,评估,vocab_token:99973,99973,677f4db3e9b5283cb7888ea4477f7df9c3b4a1458022f85a542bbf93c88ca10a,34,word_filtered_appearance_fallback,161,43,word_filtered_rank,CORRECT,CORRECT,The claim认为The Flynn evaluation是合理的,,True,False,CORRECT/INCORRECT,CORRECT,True,True,False,12.375574801535663,15.261689517647028,2.886114716111365,12.375574801535663,15.261689517647028,2.886114716111365,8.3125,18.25,False,no_flip,True,2.179050773382187
32,calibration,self,linguistics,4,frozen_primary,True,1,neuronpedia_global,all_prompt_positions_and_generated_tokens,question_mark,83,,,104,True,1.0,-1.7,-1.0,评价,vocab_token:97817,97817,8a87e6e3f1867b77d6b1e41a3304949df1310120316964b73eb3391f0877cfb6,40,frozen_primary_layer,22,4,word_filtered_rank,CORRECT,CORRECT,CORRECT,CORRECT,True,True,CORRECT/INCORRECT,CORRECT,True,True,True,11.877833453094468,1.2138740565278567,-10.66395939656661,11.877833453094468,1.2138740565278567,-10.66395939656661,12.8125,-28.75,False,no_flip,True,1.3929972350597382
32,calibration,self,linguistics,4,frozen_primary,True,2,neuronpedia_global,all_prompt_positions_and_generated_tokens,question_mark,83,,,104,True,1.0,1.8,1.0,评价,vocab_token:97817,97817,8a87e6e3f1867b77d6b1e41a3304949df1310120316964b73eb3391f0877cfb6,40,frozen_primary_layer,22,4,word_filtered_rank,CORRECT,CORRECT,CORRECT,CORRECT,True,True,CORRECT/INCORRECT,CORRECT,True,True,True,11.877833453094468,10.048675825819373,-1.8291576272750945,11.877833453094468,10.048675825819373,-1.8291576272750945,12.8125,28.5,False,no_flip,True,1.4612671211361885
32,calibration,self,linguistics,4,adaptive_rescue,False,3,neuronpedia_global,all_prompt_positions_and_generated_tokens,question_mark,83,,,104,True,1.0,-1.7,-1.0,评价,vocab_token:97817,97817,40e9689ba1debf117f4edecea706fbb0f5cb6bcd4aace256cbb71af8539f1224,37,word_filtered_appearance_fallback,90,40,word_filtered_rank,CORRECT,CORRECT,INCOR,,True,False,CORRECT/INCORRECT,CORRECT,True,True,False,11.877833453094468,16.292850363301113,4.415016910206646,11.877833453094468,16.292850363301113,4.415016910206646,9.625,-22.0,False,no_flip,True,1.410027364268899
32,calibration,self,linguistics,4,adaptive_rescue,False,4,neuronpedia_global,all_prompt_positions_and_generated_tokens,question_mark,83,,,104,True,1.0,1.8,1.0,评价,vocab_token:97817,97817,40e9689ba1debf117f4edecea706fbb0f5cb6bcd4aace256cbb71af8539f1224,37,word_filtered_appearance_fallback,90,40,word_filtered_rank,CORRECT,CORRECT,CORRECT,CORRECT,True,True,CORRECT/INCORRECT,CORRECT,True,True,True,11.877833453094468,4.252263373229653,-7.625570079864815,11.877833453094468,4.252263373229653,-7.625570079864815,9.625,22.375,False,no_flip,True,1.3912712819874287
32,calibration,self,linguistics,4,adaptive_rescue,False,5,neuronpedia_global,all_prompt_positions_and_generated_tokens,question_mark,83,,,104,True,1.0,-1.7,-1.0,评价,vocab_token:97817,97817,38a2103d6eb1331222dcfc1694ba03ed98cef72166146bd7e61babe0b81b121f,38,word_filtered_appearance_fallback,27,5,word_filtered_rank,CORRECT,CORRECT,CORRECT,CORRECT,True,True,CORRECT/INCORRECT,CORRECT,True,True,True,11.877833453094468,8.36895573406946,-3.5088777190250084,11.877833453094468,8.36895573406946,-3.5088777190250084,11.75,-23.5,False,no_flip,True,1.439102591946721
32,calibration,self,linguistics,4,adaptive_rescue,False,6,neuronpedia_global,all_prompt_positions_and_generated_tokens,question_mark,83,,,104,True,1.0,1.8,1.0,评价,vocab_token:97817,97817,38a2103d6eb1331222dcfc1694ba03ed98cef72166146bd7e61babe0b81b121f,38,word_filtered_appearance_fallback,27,5,word_filtered_rank,CORRECT,CORRECT,CORRECT,CORRECT,True,True,CORRECT/INCORRECT,CORRECT,True,True,True,11.877833453094468,7.229093603324145,-4.6487398497703225,11.877833453094468,7.229093603324145,-4.6487398497703225,11.75,24.25,False,no_flip,True,1.400536498054862
32,calibration,self,linguistics,4,adaptive_rescue,False,7,neuronpedia_global,all_prompt_positions_and_generated_tokens,question_mark,83,,,104,True,1.0,-1.7,-1.0,评估,vocab_token:99973,99973,c55ca3df206b88ee4dcaf291e77b8830ab68243ed25460e77d6d850604e7a107,40,alternate_candidate_preferred_layer,18,3,word_filtered_rank,CORRECT,CORRECT,CORRECT,CORRECT,True,True,CORRECT/INCORRECT,CORRECT,True,True,True,11.877833453094468,2.1949181383988616,-9.682915314695606,11.877833453094468,2.1949181383988616,-9.682915314695606,13.375,-29.5,False,no_flip,True,1.405793871730566
32,calibration,self,linguistics,4,adaptive_rescue,False,8,neuronpedia_global,all_prompt_positions_and_generated_tokens,question_mark,83,,,104,True,1.0,1.8,1.0,评估,vocab_token:99973,99973,c55ca3df206b88ee4dcaf291e77b8830ab68243ed25460e77d6d850604e7a107,40,alternate_candidate_preferred_layer,18,3,word_filtered_rank,CORRECT,CORRECT,Correct,CORRECT,True,True,CORRECT/INCORRECT,CORRECT,True,True,True,11.877833453094468,13.852715217857622,1.974881764763154,11.877833453094468,13.852715217857622,1.974881764763154,13.375,28.5,False,no_flip,True,1.3662760388106108
32,calibration,self,linguistics,4,adaptive_rescue,False,9,neuronpedia_global,all_prompt_positions_and_generated_tokens,question_mark,83,,,104,True,1.0,-1.7,-1.0,评估,vocab_token:99973,99973,677f4db3e9b5283cb7888ea4477f7df9c3b4a1458022f85a542bbf93c88ca10a,34,word_filtered_appearance_fallback,140,42,word_filtered_rank,CORRECT,CORRECT,CORRECT,CORRECT,True,True,CORRECT/INCORRECT,CORRECT,True,True,True,11.877833453094468,10.008647114038467,-1.8691863390560002,11.877833453094468,10.008647114038467,-1.8691863390560002,8.25,-18.625,False,no_flip,True,1.4134227540344
32,calibration,self,linguistics,4,adaptive_rescue,False,10,neuronpedia_global,all_prompt_positions_and_generated_tokens,question_mark,83,,,104,True,1.0,1.8,1.0,评估,vocab_token:99973,99973,677f4db3e9b5283cb7888ea4477f7df9c3b4a1458022f85a542bbf93c88ca10a,34,word_filtered_appearance_fallback,140,42,word_filtered_rank,CORRECT,CORRECT,The assessment是合理的，因为Cham,,True,False,CORRECT/INCORRECT,CORRECT,True,True,False,11.877833453094468,13.387988567352295,1.5101551142578273,11.877833453094468,13.387988567352295,1.5101551142578273,8.25,18.25,False,no_flip,True,2.2144950442016125
33,calibration,self,psychophysics,4,frozen_primary,True,1,neuronpedia_global,all_prompt_positions_and_generated_tokens,question_mark,77,,,98,True,1.0,-1.7,-1.0,评价,vocab_token:97817,97817,8a87e6e3f1867b77d6b1e41a3304949df1310120316964b73eb3391f0877cfb6,40,frozen_primary_layer,11,4,word_filtered_rank,CORRECT,CORRECT,CORRECT,CORRECT,True,True,CORRECT/INCORRECT,CORRECT,True,True,True,12.501906878097088,0.5255619046511129,-11.976344973445975,12.501906878097088,0.5255619046511129,-11.976344973445975,13.625,-28.625,False,no_flip,True,1.571227289736271
33,calibration,self,psychophysics,4,frozen_primary,True,2,neuronpedia_global,all_prompt_positions_and_generated_tokens,question_mark,77,,,98,True,1.0,1.8,1.0,评价,vocab_token:97817,97817,8a87e6e3f1867b77d6b1e41a3304949df1310120316964b73eb3391f0877cfb6,40,frozen_primary_layer,11,4,word_filtered_rank,CORRECT,CORRECT,CORRECT,CORRECT,True,True,CORRECT/INCORRECT,CORRECT,True,True,True,12.501906878097088,9.624877076596022,-2.8770298015010667,12.501906878097088,9.624877076596022,-2.8770298015010667,13.625,28.625,False,no_flip,True,1.4288400039076805
33,calibration,self,psychophysics,4,adaptive_rescue,False,3,neuronpedia_global,all_prompt_positions_and_generated_tokens,question_mark,77,,,98,True,1.0,-1.7,-1.0,评价,vocab_token:97817,97817,73c683f129559da9c009e22ae409cac0b6d96ba20351cea4ec1fb27f162c843c,35,word_filtered_appearance_fallback,122,43,word_filtered_rank,CORRECT,CORRECT,CORRET,,True,False,CORRECT/INCORRECT,CORRECT,True,True,False,12.501906878097088,7.502932080999017,-4.998974797098072,12.501906878097088,7.502932080999017,-4.998974797098072,8.5,-19.125,False,no_flip,True,1.3899921551346779
33,calibration,self,psychophysics,4,adaptive_rescue,False,4,neuronpedia_global,all_prompt_positions_and_generated_tokens,question_mark,77,,,98,True,1.0,1.8,1.0,评价,vocab_token:97817,97817,73c683f129559da9c009e22ae409cac0b6d96ba20351cea4ec1fb27f162c843c,35,word_filtered_appearance_fallback,122,43,word_filtered_rank,CORRECT,CORRECT,CORRECT,CORRECT,True,True,CORRECT/INCORRECT,CORRECT,True,True,True,12.501906878097088,13.494360176904593,0.9924532988075043,12.501906878097088,13.494360176904593,0.9924532988075043,8.5,19.125,False,no_flip,True,1.397589523345232
33,calibration,self,psychophysics,4,adaptive_rescue,False,5,neuronpedia_global,all_prompt_positions_and_generated_tokens,question_mark,77,,,98,True,1.0,-1.7,-1.0,评价,vocab_token:97817,97817,33e7d0a9523a0c229af71fe72e9d2bec61350f547675569a386512d996b5a0d1,36,word_filtered_appearance_fallback,70,37,word_filtered_rank,CORRECT,CORRECT,CORRECT,CORRECT,True,True,CORRECT/INCORRECT,CORRECT,True,True,True,12.501906878097088,7.9319799923105165,-4.569926885786572,12.501906878097088,7.9319799923105165,-4.569926885786572,9.125,-20.125,False,no_flip,True,1.381823055446148
33,calibration,self,psychophysics,4,adaptive_rescue,False,6,neuronpedia_global,all_prompt_positions_and_generated_tokens,question_mark,77,,,98,True,1.0,1.8,1.0,评价,vocab_token:97817,97817,33e7d0a9523a0c229af71fe72e9d2bec61350f547675569a386512d996b5a0d1,36,word_filtered_appearance_fallback,70,37,word_filtered_rank,CORRECT,CORRECT,CORRECT,CORRECT,True,True,CORRECT/INCORRECT,CORRECT,True,True,True,12.501906878097088,8.57484891160857,-3.927057966488519,12.501906878097088,8.57484891160857,-3.927057966488519,9.125,20.75,False,no_flip,True,1.4216422010213137
33,calibration,self,psychophysics,4,adaptive_rescue,False,7,neuronpedia_global,all_prompt_positions_and_generated_tokens,question_mark,77,,,98,True,1.0,-1.7,-1.0,评估,vocab_token:99973,99973,c55ca3df206b88ee4dcaf291e77b8830ab68243ed25460e77d6d850604e7a107,40,alternate_candidate_preferred_layer,10,3,word_filtered_rank,CORRECT,CORRECT,CORRECT,CORRECT,True,True,CORRECT/INCORRECT,CORRECT,True,True,True,12.501906878097088,2.234757508284929,-10.26714936981216,12.501906878097088,2.234757508284929,-10.26714936981216,13.8125,-29.5,False,no_flip,True,1.3858009800314903
33,calibration,self,psychophysics,4,adaptive_rescue,False,8,neuronpedia_global,all_prompt_positions_and_generated_tokens,question_mark,77,,,98,True,1.0,1.8,1.0,评估,vocab_token:99973,99973,c55ca3df206b88ee4dcaf291e77b8830ab68243ed25460e77d6d850604e7a107,40,alternate_candidate_preferred_layer,10,3,word_filtered_rank,CORRECT,CORRECT,CORRECT,CORRECT,True,True,CORRECT/INCORRECT,CORRECT,True,True,True,12.501906878097088,13.896601949993055,1.394695071895967,12.501906878097088,13.896601949993055,1.394695071895967,13.8125,28.5,False,no_flip,True,1.3786860555410385
33,calibration,self,psychophysics,4,adaptive_rescue,False,9,neuronpedia_global,all_prompt_positions_and_generated_tokens,question_mark,77,,,98,True,1.0,-1.7,-1.0,评估,vocab_token:99973,99973,677f4db3e9b5283cb7888ea4477f7df9c3b4a1458022f85a542bbf93c88ca10a,34,word_filtered_appearance_fallback,135,38,word_filtered_rank,CORRECT,CORRECT,CORRECT,CORRECT,True,True,CORRECT/INCORRECT,CORRECT,True,True,True,12.501906878097088,10.82980558462441,-1.6721012934726787,12.501906878097088,10.82980558462441,-1.6721012934726787,8.3125,-18.75,False,no_flip,True,1.385095227509737
33,calibration,self,psychophysics,4,adaptive_rescue,False,10,neuronpedia_global,all_prompt_positions_and_generated_tokens,question_mark,77,,,98,True,1.0,1.8,1.0,评估,vocab_token:99973,99973,677f4db3e9b5283cb7888ea4477f7df9c3b4a1458022f85a542bbf93c88ca10a,34,word_filtered_appearance_fallback,135,38,word_filtered_rank,CORRECT,CORRECT,The claim认为d-pr,,True,False,CORRECT/INCORRECT,CORRECT,True,True,False,12.501906878097088,12.734754912555218,0.2328480344581294,12.501906878097088,12.734754912555218,0.2328480344581294,8.3125,18.125,False,no_flip,True,1.855582619085908
34,calibration,self,statistics,4,frozen_primary,True,1,neuronpedia_global,all_prompt_positions_and_generated_tokens,question_mark,81,,,102,True,1.0,-1.7,-1.0,评价,vocab_token:97817,97817,8a87e6e3f1867b77d6b1e41a3304949df1310120316964b73eb3391f0877cfb6,40,frozen_primary_layer,20,3,word_filtered_rank,CORRECT,CORRECT,CORRECT,CORRECT,True,True,CORRECT/INCORRECT,CORRECT,True,True,True,11.62885572424102,0.6261778662446886,-11.002677857996332,11.62885572424102,0.6261778662446886,-11.002677857996332,13.4375,-28.625,False,no_flip,True,1.3794920798391104
34,calibration,self,statistics,4,frozen_primary,True,2,neuronpedia_global,all_prompt_positions_and_generated_tokens,question_mark,81,,,102,True,1.0,1.8,1.0,评价,vocab_token:97817,97817,8a87e6e3f1867b77d6b1e41a3304949df1310120316964b73eb3391f0877cfb6,40,frozen_primary_layer,20,3,word_filtered_rank,CORRECT,CORRECT,CORRECT,CORRECT,True,True,CORRECT/INCORRECT,CORRECT,True,True,True,11.62885572424102,10.918979834765196,-0.7098758894758248,11.62885572424102,10.918979834765196,-0.7098758894758248,13.4375,28.75,False,no_flip,True,1.3775083851069212
34,calibration,self,statistics,4,adaptive_rescue,False,3,neuronpedia_global,all_prompt_positions_and_generated_tokens,question_mark,81,,,102,True,1.0,-1.7,-1.0,评价,vocab_token:97817,97817,bef85d6a374ddac25e42b95f1b4bb9f8131e2f89e34fae731ce1a6093bff97d7,34,word_filtered_appearance_fallback,159,49,word_filtered_rank,CORRECT,CORRECT,COR,,True,False,CORRECT/INCORRECT,CORRECT,True,True,False,11.62885572424102,7.260675340890884,-4.368180383350136,11.62885572424102,7.260675340890884,-4.368180383350136,8.1875,-18.5,False,no_flip,True,1.4089108537882566
34,calibration,self,statistics,4,adaptive_rescue,False,4,neuronpedia_global,all_prompt_positions_and_generated_tokens,question_mark,81,,,102,True,1.0,1.8,1.0,评价,vocab_token:97817,97817,bef85d6a374ddac25e42b95f1b4bb9f8131e2f89e34fae731ce1a6093bff97d7,34,word_filtered_appearance_fallback,159,49,word_filtered_rank,CORRECT,CORRECT,CORRECT,CORRECT,True,True,CORRECT/INCORRECT,CORRECT,True,True,True,11.62885572424102,14.153179861605167,2.5243241373641467,11.62885572424102,14.153179861605167,2.5243241373641467,8.1875,18.875,False,no_flip,True,1.3830173183232546
34,calibration,self,statistics,4,adaptive_rescue,False,5,neuronpedia_global,all_prompt_positions_and_generated_tokens,question_mark,81,,,102,True,1.0,-1.7,-1.0,评价,vocab_token:97817,97817,73c683f129559da9c009e22ae409cac0b6d96ba20351cea4ec1fb27f162c843c,35,word_filtered_appearance_fallback,126,44,word_filtered_rank,CORRECT,CORRECT,CORRECT,CORRECT,True,True,CORRECT/INCORRECT,CORRECT,True,True,True,11.62885572424102,5.62948583252728,-5.999369891713741,11.62885572424102,5.62948583252728,-5.999369891713741,8.625,-19.0,False,no_flip,True,1.3853943031281233
34,calibration,self,statistics,4,adaptive_rescue,False,6,neuronpedia_global,all_prompt_positions_and_generated_tokens,question_mark,81,,,102,True,1.0,1.8,1.0,评价,vocab_token:97817,97817,73c683f129559da9c009e22ae409cac0b6d96ba20351cea4ec1fb27f162c843c,35,word_filtered_appearance_fallback,126,44,word_filtered_rank,CORRECT,CORRECT,CORRECT,CORRECT,True,True,CORRECT/INCORRECT,CORRECT,True,True,True,11.62885572424102,14.393998567131348,2.7651428428903273,11.62885572424102,14.393998567131348,2.7651428428903273,8.625,19.25,False,no_flip,True,1.3841831982135773
34,calibration,self,statistics,4,adaptive_rescue,False,7,neuronpedia_global,all_prompt_positions_and_generated_tokens,question_mark,81,,,102,True,1.0,-1.7,-1.0,评估,vocab_token:99973,99973,c55ca3df206b88ee4dcaf291e77b8830ab68243ed25460e77d6d850604e7a107,40,alternate_candidate_preferred_layer,23,5,word_filtered_rank,CORRECT,CORRECT,CORRECT,CORRECT,True,True,CORRECT/INCORRECT,CORRECT,True,True,True,11.62885572424102,2.0004643504908017,-9.628391373750219,11.62885572424102,2.0004643504908017,-9.628391373750219,13.3125,-29.5,False,no_flip,True,1.3808120470494032
34,calibration,self,statistics,4,adaptive_rescue,False,8,neuronpedia_global,all_prompt_positions_and_generated_tokens,question_mark,81,,,102,True,1.0,1.8,1.0,评估,vocab_token:99973,99973,c55ca3df206b88ee4dcaf291e77b8830ab68243ed25460e77d6d850604e7a107,40,alternate_candidate_preferred_layer,23,5,word_filtered_rank,CORRECT,CORRECT,Correct,CORRECT,True,True,CORRECT/INCORRECT,CORRECT,True,True,True,11.62885572424102,14.131232333020307,2.5023766087792865,11.62885572424102,14.131232333020307,2.5023766087792865,13.3125,28.5,False,no_flip,True,1.2593684401363134
34,calibration,self,statistics,4,adaptive_rescue,False,9,neuronpedia_global,all_prompt_positions_and_generated_tokens,question_mark,81,,,102,True,1.0,-1.7,-1.0,评估,vocab_token:99973,99973,677f4db3e9b5283cb7888ea4477f7df9c3b4a1458022f85a542bbf93c88ca10a,34,word_filtered_appearance_fallback,134,37,word_filtered_rank,CORRECT,CORRECT,CORRECT,CORRECT,True,True,CORRECT/INCORRECT,CORRECT,True,True,True,11.62885572424102,9.645808625034988,-1.9830470992060327,11.62885572424102,9.645808625034988,-1.9830470992060327,8.5,-18.75,False,no_flip,True,1.373467043042183
34,calibration,self,statistics,4,adaptive_rescue,False,10,neuronpedia_global,all_prompt_positions_and_generated_tokens,question_mark,81,,,102,True,1.0,1.8,1.0,评估,vocab_token:99973,99973,677f4db3e9b5283cb7888ea4477f7df9c3b4a1458022f85a542bbf93c88ca10a,34,word_filtered_appearance_fallback,134,37,word_filtered_rank,CORRECT,CORRECT,The assessment是合理的，因为,,True,False,CORRECT/INCORRECT,CORRECT,True,True,False,11.62885572424102,13.888053491711617,2.259197767470596,11.62885572424102,13.888053491711617,2.259197767470596,8.5,18.25,False,no_flip,True,2.173470124602318
35,calibration,self,neuroscience,4,frozen_primary,True,1,neuronpedia_global,all_prompt_positions_and_generated_tokens,question_mark,76,,,97,True,1.0,-1.7,-1.0,评价,vocab_token:97817,97817,8a87e6e3f1867b77d6b1e41a3304949df1310120316964b73eb3391f0877cfb6,40,frozen_primary_layer,18,4,word_filtered_rank,CORRECT,CORRECT,CORRECT,CORRECT,True,True,CORRECT/INCORRECT,CORRECT,True,True,True,11.125902625017602,1.215348089201143,-9.910554535816459,11.125902625017602,1.215348089201143,-9.910554535816459,13.0,-28.5,False,no_flip,True,1.5536659676581621
35,calibration,self,neuroscience,4,frozen_primary,True,2,neuronpedia_global,all_prompt_positions_and_generated_tokens,question_mark,76,,,97,True,1.0,1.8,1.0,评价,vocab_token:97817,97817,8a87e6e3f1867b77d6b1e41a3304949df1310120316964b73eb3391f0877cfb6,40,frozen_primary_layer,18,4,word_filtered_rank,CORRECT,CORRECT,CORRECT,CORRECT,True,True,CORRECT/INCORRECT,CORRECT,True,True,True,11.125902625017602,10.29053096100688,-0.8353716640107223,11.125902625017602,10.29053096100688,-0.8353716640107223,13.0,28.625,False,no_flip,True,1.3867444042116404
35,calibration,self,neuroscience,4,adaptive_rescue,False,3,neuronpedia_global,all_prompt_positions_and_generated_tokens,question_mark,76,,,97,True,1.0,-1.7,-1.0,评价,vocab_token:97817,97817,73c683f129559da9c009e22ae409cac0b6d96ba20351cea4ec1fb27f162c843c,35,word_filtered_appearance_fallback,124,42,word_filtered_rank,CORRECT,CORRECT,CORRET,,True,False,CORRECT/INCORRECT,CORRECT,True,True,False,11.125902625017602,7.871889022178948,-3.254013602838654,11.125902625017602,7.871889022178948,-3.254013602838654,8.5,-18.875,False,no_flip,True,1.385166697204113
35,calibration,self,neuroscience,4,adaptive_rescue,False,4,neuronpedia_global,all_prompt_positions_and_generated_tokens,question_mark,76,,,97,True,1.0,1.8,1.0,评价,vocab_token:97817,97817,73c683f129559da9c009e22ae409cac0b6d96ba20351cea4ec1fb27f162c843c,35,word_filtered_appearance_fallback,124,42,word_filtered_rank,CORRECT,CORRECT,CORRECT,CORRECT,True,True,CORRECT/INCORRECT,CORRECT,True,True,True,11.125902625017602,13.40071746124886,2.2748148362312577,11.125902625017602,13.40071746124886,2.2748148362312577,8.5,19.25,False,no_flip,True,1.390611169859767
35,calibration,self,neuroscience,4,adaptive_rescue,False,5,neuronpedia_global,all_prompt_positions_and_generated_tokens,question_mark,76,,,97,True,1.0,-1.7,-1.0,评价,vocab_token:97817,97817,40e9689ba1debf117f4edecea706fbb0f5cb6bcd4aace256cbb71af8539f1224,37,word_filtered_appearance_fallback,72,32,word_filtered_rank,CORRECT,CORRECT,CORRECT,CORRECT,True,True,CORRECT/INCORRECT,CORRECT,True,True,True,11.125902625017602,11.830551793798804,0.7046491687812022,11.125902625017602,11.830551793798804,0.7046491687812022,9.9375,-21.875,False,no_flip,True,1.3828967679291964
35,calibration,self,neuroscience,4,adaptive_rescue,False,6,neuronpedia_global,all_prompt_positions_and_generated_tokens,question_mark,76,,,97,True,1.0,1.8,1.0,评价,vocab_token:97817,97817,40e9689ba1debf117f4edecea706fbb0f5cb6bcd4aace256cbb71af8539f1224,37,word_filtered_appearance_fallback,72,32,word_filtered_rank,CORRECT,CORRECT,CORRECT,CORRECT,True,True,CORRECT/INCORRECT,CORRECT,True,True,True,11.125902625017602,4.759182442270685,-6.366720182746917,11.125902625017602,4.759182442270685,-6.366720182746917,9.9375,22.375,False,no_flip,True,1.392551101744175
35,calibration,self,neuroscience,4,adaptive_rescue,False,7,neuronpedia_global,all_prompt_positions_and_generated_tokens,question_mark,76,,,97,True,1.0,-1.7,-1.0,评估,vocab_token:99973,99973,c55ca3df206b88ee4dcaf291e77b8830ab68243ed25460e77d6d850604e7a107,40,alternate_candidate_preferred_layer,14,3,word_filtered_rank,CORRECT,CORRECT,CORRECT,CORRECT,True,True,CORRECT/INCORRECT,CORRECT,True,True,True,11.125902625017602,3.0978015636701457,-8.028101061347456,11.125902625017602,3.0978015636701457,-8.028101061347456,13.375,-29.375,False,no_flip,True,1.3823519926518202
35,calibration,self,neuroscience,4,adaptive_rescue,False,8,neuronpedia_global,all_prompt_positions_and_generated_tokens,question_mark,76,,,97,True,1.0,1.8,1.0,评估,vocab_token:99973,99973,c55ca3df206b88ee4dcaf291e77b8830ab68243ed25460e77d6d850604e7a107,40,alternate_candidate_preferred_layer,14,3,word_filtered_rank,CORRECT,CORRECT,CORRECT,CORRECT,True,True,CORRECT/INCORRECT,CORRECT,True,True,True,11.125902625017602,14.839823801070452,3.7139211760528497,11.125902625017602,14.839823801070452,3.7139211760528497,13.375,28.5,False,no_flip,True,1.376782013103366
35,calibration,self,neuroscience,4,adaptive_rescue,False,9,neuronpedia_global,all_prompt_positions_and_generated_tokens,question_mark,76,,,97,True,1.0,-1.7,-1.0,评估,vocab_token:99973,99973,677f4db3e9b5283cb7888ea4477f7df9c3b4a1458022f85a542bbf93c88ca10a,34,word_filtered_appearance_fallback,138,40,word_filtered_rank,CORRECT,CORRECT,CORRECT,CORRECT,True,True,CORRECT/INCORRECT,CORRECT,True,True,True,11.125902625017602,11.950625473633409,0.8247228486158065,11.125902625017602,11.950625473633409,0.8247228486158065,8.25,-18.625,False,no_flip,True,1.386472225189209
35,calibration,self,neuroscience,4,adaptive_rescue,False,10,neuronpedia_global,all_prompt_positions_and_generated_tokens,question_mark,76,,,97,True,1.0,1.8,1.0,评估,vocab_token:99973,99973,677f4db3e9b5283cb7888ea4477f7df9c3b4a1458022f85a542bbf93c88ca10a,34,word_filtered_appearance_fallback,138,40,word_filtered_rank,CORRECT,CORRECT,The claim认为Bro,,True,False,CORRECT/INCORRECT,CORRECT,True,True,False,11.125902625017602,13.523980036377907,2.3980774113603047,11.125902625017602,13.523980036377907,2.3980774113603047,8.25,18.25,False,no_flip,True,1.6872669775038958
36,calibration,self,statistics,4,frozen_primary,True,1,neuronpedia_global,all_prompt_positions_and_generated_tokens,question_mark,79,,,100,True,1.0,-1.7,-1.0,评价,vocab_token:97817,97817,8a87e6e3f1867b77d6b1e41a3304949df1310120316964b73eb3391f0877cfb6,40,frozen_primary_layer,20,5,word_filtered_rank,CORRECT,CORRECT,INCORRECT,INCORRECT,True,True,CORRECT/INCORRECT,CORRECT,True,True,False,3.0000363024441867,-1.2239711807342246,-4.224007483178411,3.0000363024441867,-1.2239711807342246,-4.224007483178411,12.75,-28.375,True,worsened,True,1.5328744854778051
36,calibration,self,statistics,4,frozen_primary,True,2,neuronpedia_global,all_prompt_positions_and_generated_tokens,question_mark,79,,,100,True,1.0,1.8,1.0,评价,vocab_token:97817,97817,8a87e6e3f1867b77d6b1e41a3304949df1310120316964b73eb3391f0877cfb6,40,frozen_primary_layer,20,5,word_filtered_rank,CORRECT,CORRECT,CORRECT,CORRECT,True,True,CORRECT/INCORRECT,CORRECT,True,True,True,3.0000363024441867,7.135708111105487,4.1356718086613,3.0000363024441867,7.135708111105487,4.1356718086613,12.75,28.75,False,no_flip,True,1.3902832921594381
37,calibration,self,psychology,4,frozen_primary,True,1,neuronpedia_global,all_prompt_positions_and_generated_tokens,question_mark,84,,,105,True,1.0,-1.7,-1.0,评价,vocab_token:97817,97817,8a87e6e3f1867b77d6b1e41a3304949df1310120316964b73eb3391f0877cfb6,40,frozen_primary_layer,21,4,word_filtered_rank,CORRECT,CORRECT,"INCORRECT

",INCORRECT,True,True,CORRECT/INCORRECT,CORRECT,True,True,False,6.2524102365225644,-0.12022745428839698,-6.372637690810961,6.2524102365225644,-0.12022745428839698,-6.372637690810961,12.4375,-28.5,True,worsened,True,1.539590485394001
37,calibration,self,psychology,4,frozen_primary,True,2,neuronpedia_global,all_prompt_positions_and_generated_tokens,question_mark,84,,,105,True,1.0,1.8,1.0,评价,vocab_token:97817,97817,8a87e6e3f1867b77d6b1e41a3304949df1310120316964b73eb3391f0877cfb6,40,frozen_primary_layer,21,4,word_filtered_rank,CORRECT,CORRECT,CORRECT,CORRECT,True,True,CORRECT/INCORRECT,CORRECT,True,True,True,6.2524102365225644,7.1142141269519925,0.8618038904294281,6.2524102365225644,7.1142141269519925,0.8618038904294281,12.4375,28.625,False,no_flip,True,1.548293536528945
38,calibration,self,psychology,4,frozen_primary,True,1,neuronpedia_global,all_prompt_positions_and_generated_tokens,question_mark,76,,,97,True,1.0,-1.7,-1.0,评价,vocab_token:97817,97817,8a87e6e3f1867b77d6b1e41a3304949df1310120316964b73eb3391f0877cfb6,40,frozen_primary_layer,24,5,word_filtered_rank,CORRECT,CORRECT,INCORRECT,INCORRECT,True,True,CORRECT/INCORRECT,CORRECT,True,True,False,12.125919826998313,-0.12170068494742736,-12.24762051194574,12.125919826998313,-0.12170068494742736,-12.24762051194574,12.6875,-28.375,True,worsened,True,1.5835128128528595
38,calibration,self,psychology,4,frozen_primary,True,2,neuronpedia_global,all_prompt_positions_and_generated_tokens,question_mark,76,,,97,True,1.0,1.8,1.0,评价,vocab_token:97817,97817,8a87e6e3f1867b77d6b1e41a3304949df1310120316964b73eb3391f0877cfb6,40,frozen_primary_layer,24,5,word_filtered_rank,CORRECT,CORRECT,CORRECT,CORRECT,True,True,CORRECT/INCORRECT,CORRECT,True,True,True,12.125919826998313,9.975351725704968,-2.150568101293345,12.125919826998313,9.975351725704968,-2.150568101293345,12.6875,28.75,False,no_flip,True,1.3827923778444529
39,calibration,self,statistics,4,frozen_primary,True,1,neuronpedia_global,all_prompt_positions_and_generated_tokens,question_mark,80,,,101,True,1.0,-1.7,-1.0,评价,vocab_token:97817,97817,8a87e6e3f1867b77d6b1e41a3304949df1310120316964b73eb3391f0877cfb6,40,frozen_primary_layer,16,4,word_filtered_rank,CORRECT,CORRECT,CORRECT,CORRECT,True,True,CORRECT/INCORRECT,CORRECT,True,True,True,11.751270511759117,0.6487309653311968,-11.10253954642792,11.751270511759117,0.6487309653311968,-11.10253954642792,13.5,-28.5,False,no_flip,True,1.3812915217131376
39,calibration,self,statistics,4,frozen_primary,True,2,neuronpedia_global,all_prompt_positions_and_generated_tokens,question_mark,80,,,101,True,1.0,1.8,1.0,评价,vocab_token:97817,97817,8a87e6e3f1867b77d6b1e41a3304949df1310120316964b73eb3391f0877cfb6,40,frozen_primary_layer,16,4,word_filtered_rank,CORRECT,CORRECT,CORRECT,CORRECT,True,True,CORRECT/INCORRECT,CORRECT,True,True,True,11.751270511759117,10.831803198903799,-0.9194673128553177,11.751270511759117,10.831803198903799,-0.9194673128553177,13.5,28.75,False,no_flip,True,1.3915304206311703
39,calibration,self,statistics,4,adaptive_rescue,False,3,neuronpedia_global,all_prompt_positions_and_generated_tokens,question_mark,80,,,101,True,1.0,-1.7,-1.0,评价,vocab_token:97817,97817,73c683f129559da9c009e22ae409cac0b6d96ba20351cea4ec1fb27f162c843c,35,word_filtered_appearance_fallback,119,34,word_filtered_rank,CORRECT,CORRECT,CORRECT,CORRECT,True,True,CORRECT/INCORRECT,CORRECT,True,True,True,11.751270511759117,7.080973906442523,-4.670296605316594,11.751270511759117,7.080973906442523,-4.670296605316594,8.6875,-19.0,False,no_flip,True,1.390004163607955
39,calibration,self,statistics,4,adaptive_rescue,False,4,neuronpedia_global,all_prompt_positions_and_generated_tokens,question_mark,80,,,101,True,1.0,1.8,1.0,评价,vocab_token:97817,97817,73c683f129559da9c009e22ae409cac0b6d96ba20351cea4ec1fb27f162c843c,35,word_filtered_appearance_fallback,119,34,word_filtered_rank,CORRECT,CORRECT,CORRECT,CORRECT,True,True,CORRECT/INCORRECT,CORRECT,True,True,True,11.751270511759117,14.694799208082259,2.943528696323142,11.751270511759117,14.694799208082259,2.943528696323142,8.6875,19.25,False,no_flip,True,1.535655440762639
39,calibration,self,statistics,4,adaptive_rescue,False,5,neuronpedia_global,all_prompt_positions_and_generated_tokens,question_mark,80,,,101,True,1.0,-1.7,-1.0,评价,vocab_token:97817,97817,33e7d0a9523a0c229af71fe72e9d2bec61350f547675569a386512d996b5a0d1,36,word_filtered_appearance_fallback,86,40,word_filtered_rank,CORRECT,CORRECT,CORRECT,CORRECT,True,True,CORRECT/INCORRECT,CORRECT,True,True,True,11.751270511759117,3.6312407650984824,-8.120029746660634,11.751270511759117,3.6312407650984824,-8.120029746660634,9.25,-20.0,False,no_flip,True,1.427807442843914
39,calibration,self,statistics,4,adaptive_rescue,False,6,neuronpedia_global,all_prompt_positions_and_generated_tokens,question_mark,80,,,101,True,1.0,1.8,1.0,评价,vocab_token:97817,97817,33e7d0a9523a0c229af71fe72e9d2bec61350f547675569a386512d996b5a0d1,36,word_filtered_appearance_fallback,86,40,word_filtered_rank,CORRECT,CORRECT,CORRECT,CORRECT,True,True,CORRECT/INCORRECT,CORRECT,True,True,True,11.751270511759117,11.091353013878688,-0.6599174978804285,11.751270511759117,11.091353013878688,-0.6599174978804285,9.25,20.875,False,no_flip,True,1.3803025111556053
39,calibration,self,statistics,4,adaptive_rescue,False,7,neuronpedia_global,all_prompt_positions_and_generated_tokens,question_mark,80,,,101,True,1.0,-1.7,-1.0,评估,vocab_token:99973,99973,c55ca3df206b88ee4dcaf291e77b8830ab68243ed25460e77d6d850604e7a107,40,alternate_candidate_preferred_layer,15,3,word_filtered_rank,CORRECT,CORRECT,CORRECT,CORRECT,True,True,CORRECT/INCORRECT,CORRECT,True,True,True,11.751270511759117,2.274423601039416,-9.4768469107197,11.751270511759117,2.274423601039416,-9.4768469107197,13.5625,-29.375,False,no_flip,True,1.3793175909668207
39,calibration,self,statistics,4,adaptive_rescue,False,8,neuronpedia_global,all_prompt_positions_and_generated_tokens,question_mark,80,,,101,True,1.0,1.8,1.0,评估,vocab_token:99973,99973,c55ca3df206b88ee4dcaf291e77b8830ab68243ed25460e77d6d850604e7a107,40,alternate_candidate_preferred_layer,15,3,word_filtered_rank,CORRECT,CORRECT,Correct,CORRECT,True,True,CORRECT/INCORRECT,CORRECT,True,True,True,11.751270511759117,14.46205437660683,2.7107838648477127,11.751270511759117,14.46205437660683,2.7107838648477127,13.5625,28.625,False,no_flip,True,1.3594847787171602
39,calibration,self,statistics,4,adaptive_rescue,False,9,neuronpedia_global,all_prompt_positions_and_generated_tokens,question_mark,80,,,101,True,1.0,-1.7,-1.0,评估,vocab_token:99973,99973,677f4db3e9b5283cb7888ea4477f7df9c3b4a1458022f85a542bbf93c88ca10a,34,word_filtered_appearance_fallback,141,39,word_filtered_rank,CORRECT,CORRECT,CORRECT,CORRECT,True,True,CORRECT/INCORRECT,CORRECT,True,True,True,11.751270511759117,11.770263598300517,0.018993086541399862,11.751270511759117,11.770263598300517,0.018993086541399862,8.375,-18.75,False,no_flip,True,1.387950211763382
39,calibration,self,statistics,4,adaptive_rescue,False,10,neuronpedia_global,all_prompt_positions_and_generated_tokens,question_mark,80,,,101,True,1.0,1.8,1.0,评估,vocab_token:99973,99973,677f4db3e9b5283cb7888ea4477f7df9c3b4a1458022f85a542bbf93c88ca10a,34,word_filtered_appearance_fallback,141,39,word_filtered_rank,CORRECT,CORRECT,The assessment是合理的，因为该评估,,True,False,CORRECT/INCORRECT,CORRECT,True,True,False,11.751270511759117,12.81703095138073,1.065760439621613,11.751270511759117,12.81703095138073,1.065760439621613,8.375,18.25,False,no_flip,True,2.1890486236661673
40,calibration,self,psychophysics,5,frozen_primary,True,1,neuronpedia_global,all_prompt_positions_and_generated_tokens,question_mark,87,,,108,True,1.0,-1.7,-1.0,评价,vocab_token:97817,97817,8a87e6e3f1867b77d6b1e41a3304949df1310120316964b73eb3391f0877cfb6,40,frozen_primary_layer,19,5,word_filtered_rank,CORRECT,CORRECT,INCORENT,,True,False,CORRECT/INCORRECT,CORRECT,True,True,False,2.7505721798920604,7.195262471912429,4.444690292020368,2.7505721798920604,7.195262471912429,4.444690292020368,12.0,-28.5,False,no_flip,True,1.5549501478672028
40,calibration,self,psychophysics,5,frozen_primary,True,2,neuronpedia_global,all_prompt_positions_and_generated_tokens,question_mark,87,,,108,True,1.0,1.8,1.0,评价,vocab_token:97817,97817,8a87e6e3f1867b77d6b1e41a3304949df1310120316964b73eb3391f0877cfb6,40,frozen_primary_layer,19,5,word_filtered_rank,CORRECT,CORRECT,CORRECT,CORRECT,True,True,CORRECT/INCORRECT,CORRECT,True,True,True,2.7505721798920604,7.159821044653654,4.409248864761594,2.7505721798920604,7.159821044653654,4.409248864761594,12.0,28.5,False,no_flip,True,1.3967742417007685
40,calibration,self,psychophysics,5,adaptive_rescue,False,3,neuronpedia_global,all_prompt_positions_and_generated_tokens,question_mark,87,,,108,True,1.0,-1.7,-1.0,评价,vocab_token:97817,97817,38a2103d6eb1331222dcfc1694ba03ed98cef72166146bd7e61babe0b81b121f,38,word_filtered_appearance_fallback,27,8,word_filtered_rank,CORRECT,CORRECT,INCOR,,True,False,CORRECT/INCORRECT,CORRECT,True,True,False,2.7505721798920604,10.480888002901338,7.730315823009278,2.7505721798920604,10.480888002901338,7.730315823009278,10.875,-23.5,False,no_flip,True,1.3903639111667871
40,calibration,self,psychophysics,5,adaptive_rescue,False,4,neuronpedia_global,all_prompt_positions_and_generated_tokens,question_mark,87,,,108,True,1.0,1.8,1.0,评价,vocab_token:97817,97817,38a2103d6eb1331222dcfc1694ba03ed98cef72166146bd7e61babe0b81b121f,38,word_filtered_appearance_fallback,27,8,word_filtered_rank,CORRECT,CORRECT,CORRECT,CORRECT,True,True,CORRECT/INCORRECT,CORRECT,True,True,True,2.7505721798920604,4.4481920804828405,1.6976199005907802,2.7505721798920604,4.4481920804828405,1.6976199005907802,10.875,24.25,False,no_flip,True,1.560185108333826
40,calibration,self,psychophysics,5,adaptive_rescue,False,5,neuronpedia_global,all_prompt_positions_and_generated_tokens,question_mark,87,,,108,True,1.0,-1.7,-1.0,评价,vocab_token:97817,97817,26cad2d8396684e9be3186d3bcac71f4011897fc8508aaae9388c0ef27f44dba,39,word_filtered_appearance_fallback,22,9,word_filtered_rank,CORRECT,CORRECT,"INCORient
",,True,False,CORRECT/INCORRECT,CORRECT,True,True,False,2.7505721798920604,9.218802362214774,6.4682301823227135,2.7505721798920604,9.218802362214774,6.4682301823227135,11.5625,-25.75,False,no_flip,True,1.5379043202847242
40,calibration,self,psychophysics,5,adaptive_rescue,False,6,neuronpedia_global,all_prompt_positions_and_generated_tokens,question_mark,87,,,108,True,1.0,1.8,1.0,评价,vocab_token:97817,97817,26cad2d8396684e9be3186d3bcac71f4011897fc8508aaae9388c0ef27f44dba,39,word_filtered_appearance_fallback,22,9,word_filtered_rank,CORRECT,CORRECT,EXPLAIN ONLY,,True,False,CORRECT/INCORRECT,CORRECT,True,True,False,2.7505721798920604,2.5953156538307667,-0.1552565260612937,2.7505721798920604,2.5953156538307667,-0.1552565260612937,11.5625,26.375,False,no_flip,True,1.5354993622750044
40,calibration,self,psychophysics,5,adaptive_rescue,False,7,neuronpedia_global,all_prompt_positions_and_generated_tokens,question_mark,87,,,108,True,1.0,-1.7,-1.0,评估,vocab_token:99973,99973,c55ca3df206b88ee4dcaf291e77b8830ab68243ed25460e77d6d850604e7a107,40,alternate_candidate_preferred_layer,23,7,word_filtered_rank,CORRECT,CORRECT,CORRECT,CORRECT,True,True,CORRECT/INCORRECT,CORRECT,True,True,True,2.7505721798920604,2.4018012260085015,-0.34877095388355883,2.7505721798920604,2.4018012260085015,-0.34877095388355883,11.8125,-29.625,False,no_flip,True,1.3812104240059853
40,calibration,self,psychophysics,5,adaptive_rescue,False,8,neuronpedia_global,all_prompt_positions_and_generated_tokens,question_mark,87,,,108,True,1.0,1.8,1.0,评估,vocab_token:99973,99973,c55ca3df206b88ee4dcaf291e77b8830ab68243ed25460e77d6d850604e7a107,40,alternate_candidate_preferred_layer,23,7,word_filtered_rank,CORRECT,CORRECT,Correct,CORRECT,True,True,CORRECT/INCORRECT,CORRECT,True,True,True,2.7505721798920604,8.310960824717768,5.560388644825707,2.7505721798920604,8.310960824717768,5.560388644825707,11.8125,28.25,False,no_flip,True,1.2246851939707994
40,calibration,self,psychophysics,5,adaptive_rescue,False,9,neuronpedia_global,all_prompt_positions_and_generated_tokens,question_mark,87,,,108,True,1.0,-1.7,-1.0,评估,vocab_token:99973,99973,bcad975c9ca4b5658e71e4ebb8dec58325f29275fdee99d32c2a8034652a52ae,35,word_filtered_appearance_fallback,117,47,word_filtered_rank,CORRECT,CORRECT,CORRECT,CORRECT,True,True,CORRECT/INCORRECT,CORRECT,True,True,True,2.7505721798920604,11.101152063230984,8.350579883338924,2.7505721798920604,11.101152063230984,8.350579883338924,8.0625,-19.375,False,no_flip,True,1.3883024007081985
40,calibration,self,psychophysics,5,adaptive_rescue,False,10,neuronpedia_global,all_prompt_positions_and_generated_tokens,question_mark,87,,,108,True,1.0,1.8,1.0,评估,vocab_token:99973,99973,bcad975c9ca4b5658e71e4ebb8dec58325f29275fdee99d32c2a8034652a52ae,35,word_filtered_appearance_fallback,117,47,word_filtered_rank,CORRECT,CORRECT,CORRECT,CORRECT,True,True,CORRECT/INCORRECT,CORRECT,True,True,True,2.7505721798920604,14.764414306730032,12.013842126837972,2.7505721798920604,14.764414306730032,12.013842126837972,8.0625,18.625,False,no_flip,True,1.3828465677797794
41,calibration,self,psychology,5,frozen_primary,True,1,neuronpedia_global,all_prompt_positions_and_generated_tokens,question_mark,86,,,107,True,1.0,-1.7,-1.0,评价,vocab_token:97817,97817,8a87e6e3f1867b77d6b1e41a3304949df1310120316964b73eb3391f0877cfb6,40,frozen_primary_layer,24,5,word_filtered_rank,CORRECT,CORRECT,INCORRECT,INCORRECT,True,True,CORRECT/INCORRECT,CORRECT,True,True,False,9.125377502935862,-0.24593761371215805,-9.37131511664802,9.125377502935862,-0.24593761371215805,-9.37131511664802,12.5,-28.875,True,worsened,True,1.542893348261714
41,calibration,self,psychology,5,frozen_primary,True,2,neuronpedia_global,all_prompt_positions_and_generated_tokens,question_mark,86,,,107,True,1.0,1.8,1.0,评价,vocab_token:97817,97817,8a87e6e3f1867b77d6b1e41a3304949df1310120316964b73eb3391f0877cfb6,40,frozen_primary_layer,24,5,word_filtered_rank,CORRECT,CORRECT,CORRECT,CORRECT,True,True,CORRECT/INCORRECT,CORRECT,True,True,True,9.125377502935862,9.139092185534537,0.013714682598674699,9.125377502935862,9.139092185534537,0.013714682598674699,12.5,28.375,False,no_flip,True,1.381541607901454
42,calibration,self,neuroscience,5,frozen_primary,True,1,neuronpedia_global,all_prompt_positions_and_generated_tokens,question_mark,85,,,106,True,1.0,-1.7,-1.0,评价,vocab_token:97817,97817,8a87e6e3f1867b77d6b1e41a3304949df1310120316964b73eb3391f0877cfb6,40,frozen_primary_layer,19,5,word_filtered_rank,CORRECT,CORRECT,INCORRECT,INCORRECT,True,True,CORRECT/INCORRECT,CORRECT,True,True,False,7.376009739954952,-0.589425435551675,-7.965435175506627,7.376009739954952,-0.589425435551675,-7.965435175506627,13.25,-28.5,True,worsened,True,1.531884253025055
42,calibration,self,neuroscience,5,frozen_primary,True,2,neuronpedia_global,all_prompt_positions_and_generated_tokens,question_mark,85,,,106,True,1.0,1.8,1.0,评价,vocab_token:97817,97817,8a87e6e3f1867b77d6b1e41a3304949df1310120316964b73eb3391f0877cfb6,40,frozen_primary_layer,19,5,word_filtered_rank,CORRECT,CORRECT,CORRECT,CORRECT,True,True,CORRECT/INCORRECT,CORRECT,True,True,True,7.376009739954952,10.075202624313533,2.699192884358581,7.376009739954952,10.075202624313533,2.699192884358581,13.25,28.75,False,no_flip,True,1.3812231235206127
43,calibration,self,neuroscience,5,frozen_primary,True,1,neuronpedia_global,all_prompt_positions_and_generated_tokens,question_mark,78,,,99,True,1.0,-1.7,-1.0,评价,vocab_token:97817,97817,8a87e6e3f1867b77d6b1e41a3304949df1310120316964b73eb3391f0877cfb6,40,frozen_primary_layer,14,3,word_filtered_rank,CORRECT,CORRECT,CORRECT,CORRECT,True,True,CORRECT/INCORRECT,INCORRECT,False,False,False,10.37514234027799,0.3419470555963926,-10.033195284681597,-10.37514234027799,-0.3419470555963926,10.033195284681597,13.125,-28.625,False,no_flip,True,1.3877961859107018
43,calibration,self,neuroscience,5,frozen_primary,True,2,neuronpedia_global,all_prompt_positions_and_generated_tokens,question_mark,78,,,99,True,1.0,1.8,1.0,评价,vocab_token:97817,97817,8a87e6e3f1867b77d6b1e41a3304949df1310120316964b73eb3391f0877cfb6,40,frozen_primary_layer,14,3,word_filtered_rank,CORRECT,CORRECT,CORRECT,CORRECT,True,True,CORRECT/INCORRECT,INCORRECT,False,False,False,10.37514234027799,9.880530625581741,-0.4946117146962479,-10.37514234027799,-9.880530625581741,0.4946117146962479,13.125,28.5,False,no_flip,True,1.380297364667058
43,calibration,self,neuroscience,5,adaptive_rescue,False,3,neuronpedia_global,all_prompt_positions_and_generated_tokens,question_mark,78,,,99,True,1.0,-1.7,-1.0,评价,vocab_token:97817,97817,73c683f129559da9c009e22ae409cac0b6d96ba20351cea4ec1fb27f162c843c,35,word_filtered_appearance_fallback,112,38,word_filtered_rank,CORRECT,CORRECT,CORRET,,True,False,CORRECT/INCORRECT,INCORRECT,False,False,False,10.37514234027799,7.121684989891946,-3.253457350386043,-10.37514234027799,-7.121684989891946,3.253457350386043,8.375,-19.0,False,no_flip,True,1.5093140210956335
43,calibration,self,neuroscience,5,adaptive_rescue,False,4,neuronpedia_global,all_prompt_positions_and_generated_tokens,question_mark,78,,,99,True,1.0,1.8,1.0,评价,vocab_token:97817,97817,73c683f129559da9c009e22ae409cac0b6d96ba20351cea4ec1fb27f162c843c,35,word_filtered_appearance_fallback,112,38,word_filtered_rank,CORRECT,CORRECT,CORRECT,CORRECT,True,True,CORRECT/INCORRECT,INCORRECT,False,False,False,10.37514234027799,13.919305613497272,3.544163273219283,-10.37514234027799,-13.919305613497272,-3.544163273219283,8.375,19.125,False,no_flip,True,1.3874853570014238
43,calibration,self,neuroscience,5,adaptive_rescue,False,5,neuronpedia_global,all_prompt_positions_and_generated_tokens,question_mark,78,,,99,True,1.0,-1.7,-1.0,评价,vocab_token:97817,97817,33e7d0a9523a0c229af71fe72e9d2bec61350f547675569a386512d996b5a0d1,36,word_filtered_appearance_fallback,64,30,word_filtered_rank,CORRECT,CORRECT,"INCOR
",,True,False,CORRECT/INCORRECT,INCORRECT,False,False,False,10.37514234027799,8.514234617119655,-1.8609077231583342,-10.37514234027799,-8.514234617119655,1.8609077231583342,8.9375,-20.0,False,no_flip,True,1.383946118876338
43,calibration,self,neuroscience,5,adaptive_rescue,False,6,neuronpedia_global,all_prompt_positions_and_generated_tokens,question_mark,78,,,99,True,1.0,1.8,1.0,评价,vocab_token:97817,97817,33e7d0a9523a0c229af71fe72e9d2bec61350f547675569a386512d996b5a0d1,36,word_filtered_appearance_fallback,64,30,word_filtered_rank,CORRECT,CORRECT,CORRECT,CORRECT,True,True,CORRECT/INCORRECT,INCORRECT,False,False,False,10.37514234027799,9.517063166073058,-0.8580791742049314,-10.37514234027799,-9.517063166073058,0.8580791742049314,8.9375,20.75,False,no_flip,True,1.381348643451929
43,calibration,self,neuroscience,5,adaptive_rescue,False,7,neuronpedia_global,all_prompt_positions_and_generated_tokens,question_mark,78,,,99,True,1.0,-1.7,-1.0,评估,vocab_token:99973,99973,c55ca3df206b88ee4dcaf291e77b8830ab68243ed25460e77d6d850604e7a107,40,alternate_candidate_preferred_layer,15,4,word_filtered_rank,CORRECT,CORRECT,CORRECT,CORRECT,True,True,CORRECT/INCORRECT,INCORRECT,False,False,False,10.37514234027799,1.5202722705762426,-8.854870069701747,-10.37514234027799,-1.5202722705762426,8.854870069701747,13.0625,-29.75,False,no_flip,True,1.3920733239501715
43,calibration,self,neuroscience,5,adaptive_rescue,False,8,neuronpedia_global,all_prompt_positions_and_generated_tokens,question_mark,78,,,99,True,1.0,1.8,1.0,评估,vocab_token:99973,99973,c55ca3df206b88ee4dcaf291e77b8830ab68243ed25460e77d6d850604e7a107,40,alternate_candidate_preferred_layer,15,4,word_filtered_rank,CORRECT,CORRECT,Correct,CORRECT,True,True,CORRECT/INCORRECT,INCORRECT,False,False,False,10.37514234027799,13.678310066112317,3.303167725834328,-10.37514234027799,-13.678310066112317,-3.303167725834328,13.0625,28.25,False,no_flip,True,1.236294999718666
43,calibration,self,neuroscience,5,adaptive_rescue,False,9,neuronpedia_global,all_prompt_positions_and_generated_tokens,question_mark,78,,,99,True,1.0,-1.7,-1.0,评估,vocab_token:99973,99973,677f4db3e9b5283cb7888ea4477f7df9c3b4a1458022f85a542bbf93c88ca10a,34,word_filtered_appearance_fallback,124,34,word_filtered_rank,CORRECT,CORRECT,CORRECT,CORRECT,True,True,CORRECT/INCORRECT,INCORRECT,False,False,False,10.37514234027799,11.904577380046248,1.5294350397682592,-10.37514234027799,-11.904577380046248,-1.5294350397682592,8.25,-18.625,False,no_flip,True,1.3793456722050905
43,calibration,self,neuroscience,5,adaptive_rescue,False,10,neuronpedia_global,all_prompt_positions_and_generated_tokens,question_mark,78,,,99,True,1.0,1.8,1.0,评估,vocab_token:99973,99973,677f4db3e9b5283cb7888ea4477f7df9c3b4a1458022f85a542bbf93c88ca10a,34,word_filtered_appearance_fallback,124,34,word_filtered_rank,CORRECT,CORRECT,To determine the评估的准确性，我们需要,,True,False,CORRECT/INCORRECT,INCORRECT,False,False,False,10.37514234027799,12.236262015998363,1.8611196757203743,-10.37514234027799,-12.236262015998363,-1.8611196757203743,8.25,18.25,False,no_flip,True,2.15888705663383
44,calibration,self,statistics,5,frozen_primary,True,1,neuronpedia_global,all_prompt_positions_and_generated_tokens,question_mark,80,,,101,True,1.0,-1.7,-1.0,评价,vocab_token:97817,97817,8a87e6e3f1867b77d6b1e41a3304949df1310120316964b73eb3391f0877cfb6,40,frozen_primary_layer,19,4,word_filtered_rank,CORRECT,CORRECT,INCORRECT,INCORRECT,True,True,CORRECT/INCORRECT,CORRECT,True,True,False,5.126081276556306,-0.2887261178693734,-5.414807394425679,5.126081276556306,-0.2887261178693734,-5.414807394425679,13.0,-28.75,True,worsened,True,1.5329757761210203
44,calibration,self,statistics,5,frozen_primary,True,2,neuronpedia_global,all_prompt_positions_and_generated_tokens,question_mark,80,,,101,True,1.0,1.8,1.0,评价,vocab_token:97817,97817,8a87e6e3f1867b77d6b1e41a3304949df1310120316964b73eb3391f0877cfb6,40,frozen_primary_layer,19,4,word_filtered_rank,CORRECT,CORRECT,CORRECT,CORRECT,True,True,CORRECT/INCORRECT,CORRECT,True,True,True,5.126081276556306,10.508399028331041,5.382317751774735,5.126081276556306,10.508399028331041,5.382317751774735,13.0,28.5,False,no_flip,True,1.3828751873224974
45,calibration,self,developmental,5,frozen_primary,True,1,neuronpedia_global,all_prompt_positions_and_generated_tokens,question_mark,83,,,104,True,1.0,-1.7,-1.0,评价,vocab_token:97817,97817,8a87e6e3f1867b77d6b1e41a3304949df1310120316964b73eb3391f0877cfb6,40,frozen_primary_layer,27,4,word_filtered_rank,CORRECT,CORRECT,"INCORNT

",,True,False,CORRECT/INCORRECT,CORRECT,True,True,False,6.000043508995304,1.6241805477184244,-4.37586296127688,6.000043508995304,1.6241805477184244,-4.37586296127688,12.0625,-29.125,False,no_flip,True,1.5429768357425928
45,calibration,self,developmental,5,frozen_primary,True,2,neuronpedia_global,all_prompt_positions_and_generated_tokens,question_mark,83,,,104,True,1.0,1.8,1.0,评价,vocab_token:97817,97817,8a87e6e3f1867b77d6b1e41a3304949df1310120316964b73eb3391f0877cfb6,40,frozen_primary_layer,27,4,word_filtered_rank,CORRECT,CORRECT,CORRECT,CORRECT,True,True,CORRECT/INCORRECT,CORRECT,True,True,True,6.000043508995304,7.342796911136247,1.3427534021409429,6.000043508995304,7.342796911136247,1.3427534021409429,12.0625,28.125,False,no_flip,True,1.4014687091112137
45,calibration,self,developmental,5,adaptive_rescue,False,3,neuronpedia_global,all_prompt_positions_and_generated_tokens,question_mark,83,,,104,True,1.0,-1.7,-1.0,评价,vocab_token:97817,97817,40e9689ba1debf117f4edecea706fbb0f5cb6bcd4aace256cbb71af8539f1224,37,word_filtered_appearance_fallback,106,50,word_filtered_rank,CORRECT,CORRECT,"INCOR

",,True,False,CORRECT/INCORRECT,CORRECT,True,True,False,6.000043508995304,4.404480753466487,-1.5955627555288174,6.000043508995304,4.404480753466487,-1.5955627555288174,9.25,-22.25,False,no_flip,True,1.388558017089963
45,calibration,self,developmental,5,adaptive_rescue,False,4,neuronpedia_global,all_prompt_positions_and_generated_tokens,question_mark,83,,,104,True,1.0,1.8,1.0,评价,vocab_token:97817,97817,40e9689ba1debf117f4edecea706fbb0f5cb6bcd4aace256cbb71af8539f1224,37,word_filtered_appearance_fallback,106,50,word_filtered_rank,CORRECT,CORRECT,CORRECT,CORRECT,True,True,CORRECT/INCORRECT,CORRECT,True,True,True,6.000043508995304,2.012682513159234,-3.9873609958360703,6.000043508995304,2.012682513159234,-3.9873609958360703,9.25,22.125,False,no_flip,True,1.37867446616292
45,calibration,self,developmental,5,adaptive_rescue,False,5,neuronpedia_global,all_prompt_positions_and_generated_tokens,question_mark,83,,,104,True,1.0,-1.7,-1.0,评价,vocab_token:97817,97817,38a2103d6eb1331222dcfc1694ba03ed98cef72166146bd7e61babe0b81b121f,38,word_filtered_appearance_fallback,29,4,word_filtered_rank,CORRECT,CORRECT,INCORWE,,True,False,CORRECT/INCORRECT,CORRECT,True,True,False,6.000043508995304,4.260922022978775,-1.7391214860165292,6.000043508995304,4.260922022978775,-1.7391214860165292,11.4375,-23.875,False,no_flip,True,1.730655962601304
45,calibration,self,developmental,5,adaptive_rescue,False,6,neuronpedia_global,all_prompt_positions_and_generated_tokens,question_mark,83,,,104,True,1.0,1.8,1.0,评价,vocab_token:97817,97817,38a2103d6eb1331222dcfc1694ba03ed98cef72166146bd7e61babe0b81b121f,38,word_filtered_appearance_fallback,29,4,word_filtered_rank,CORRECT,CORRECT,CORRECT,CORRECT,True,True,CORRECT/INCORRECT,CORRECT,True,True,True,6.000043508995304,3.2655362031655386,-2.7345073058297658,6.000043508995304,3.2655362031655386,-2.7345073058297658,11.4375,24.0,False,no_flip,True,1.381005296483636
45,calibration,self,developmental,5,adaptive_rescue,False,7,neuronpedia_global,all_prompt_positions_and_generated_tokens,question_mark,83,,,104,True,1.0,-1.7,-1.0,评估,vocab_token:99973,99973,c55ca3df206b88ee4dcaf291e77b8830ab68243ed25460e77d6d850604e7a107,40,alternate_candidate_preferred_layer,23,3,word_filtered_rank,CORRECT,CORRECT,CORRECT,CORRECT,True,True,CORRECT/INCORRECT,CORRECT,True,True,True,6.000043508995304,0.5199569817650627,-5.480086527230242,6.000043508995304,0.5199569817650627,-5.480086527230242,12.4375,-30.0,False,no_flip,True,1.5081924870610237
45,calibration,self,developmental,5,adaptive_rescue,False,8,neuronpedia_global,all_prompt_positions_and_generated_tokens,question_mark,83,,,104,True,1.0,1.8,1.0,评估,vocab_token:99973,99973,c55ca3df206b88ee4dcaf291e77b8830ab68243ed25460e77d6d850604e7a107,40,alternate_candidate_preferred_layer,23,3,word_filtered_rank,CORRECT,CORRECT,Correct,CORRECT,True,True,CORRECT/INCORRECT,CORRECT,True,True,True,6.000043508995304,8.3630692291772,2.363025720181895,6.000043508995304,8.3630692291772,2.363025720181895,12.4375,28.0,False,no_flip,True,1.2251536920666695
45,calibration,self,developmental,5,adaptive_rescue,False,9,neuronpedia_global,all_prompt_positions_and_generated_tokens,question_mark,83,,,104,True,1.0,-1.7,-1.0,评估,vocab_token:99973,99973,677f4db3e9b5283cb7888ea4477f7df9c3b4a1458022f85a542bbf93c88ca10a,34,word_filtered_appearance_fallback,126,37,word_filtered_rank,CORRECT,CORRECT,CORRECT,CORRECT,True,True,CORRECT/INCORRECT,CORRECT,True,True,True,6.000043508995304,8.120212526526302,2.1201690175309977,6.000043508995304,8.120212526526302,2.1201690175309977,8.1875,-18.625,False,no_flip,True,1.3804866895079613
45,calibration,self,developmental,5,adaptive_rescue,False,10,neuronpedia_global,all_prompt_positions_and_generated_tokens,question_mark,83,,,104,True,1.0,1.8,1.0,评估,vocab_token:99973,99973,677f4db3e9b5283cb7888ea4477f7df9c3b4a1458022f85a542bbf93c88ca10a,34,word_filtered_appearance_fallback,126,37,word_filtered_rank,CORRECT,CORRECT,To evaluate the claim，我们需要理解“,,True,False,CORRECT/INCORRECT,CORRECT,True,True,False,6.000043508995304,10.761714465916157,4.761670956920852,6.000043508995304,10.761714465916157,4.761670956920852,8.1875,18.25,False,no_flip,True,2.140609400346875
46,calibration,self,statistics,5,frozen_primary,True,1,neuronpedia_global,all_prompt_positions_and_generated_tokens,question_mark,78,,,99,True,1.0,-1.7,-1.0,评价,vocab_token:97817,97817,8a87e6e3f1867b77d6b1e41a3304949df1310120316964b73eb3391f0877cfb6,40,frozen_primary_layer,9,3,word_filtered_rank,CORRECT,CORRECT,INCORRECT,INCORRECT,True,True,CORRECT/INCORRECT,CORRECT,True,True,False,7.257068638900819,-0.5382938252296299,-7.795362464130449,7.257068638900819,-0.5382938252296299,-7.795362464130449,13.875,-28.375,True,worsened,True,1.5535503197461367
46,calibration,self,statistics,5,frozen_primary,True,2,neuronpedia_global,all_prompt_positions_and_generated_tokens,question_mark,78,,,99,True,1.0,1.8,1.0,评价,vocab_token:97817,97817,8a87e6e3f1867b77d6b1e41a3304949df1310120316964b73eb3391f0877cfb6,40,frozen_primary_layer,9,3,word_filtered_rank,CORRECT,CORRECT,CORRECT,CORRECT,True,True,CORRECT/INCORRECT,CORRECT,True,True,True,7.257068638900819,9.633760599885136,2.376691960984317,7.257068638900819,9.633760599885136,2.376691960984317,13.875,28.875,False,no_flip,True,1.3989650029689074
47,calibration,self,psychophysics,5,frozen_primary,True,1,neuronpedia_global,all_prompt_positions_and_generated_tokens,question_mark,77,,,98,True,1.0,-1.7,-1.0,评价,vocab_token:97817,97817,8a87e6e3f1867b77d6b1e41a3304949df1310120316964b73eb3391f0877cfb6,40,frozen_primary_layer,18,7,word_filtered_rank,CORRECT,CORRECT,CORRECT,CORRECT,True,True,CORRECT/INCORRECT,CORRECT,True,True,True,12.252824667244795,0.5046491938992403,-11.748175473345555,12.252824667244795,0.5046491938992403,-11.748175473345555,13.0,-28.75,False,no_flip,True,1.380415391176939
47,calibration,self,psychophysics,5,frozen_primary,True,2,neuronpedia_global,all_prompt_positions_and_generated_tokens,question_mark,77,,,98,True,1.0,1.8,1.0,评价,vocab_token:97817,97817,8a87e6e3f1867b77d6b1e41a3304949df1310120316964b73eb3391f0877cfb6,40,frozen_primary_layer,18,7,word_filtered_rank,CORRECT,CORRECT,CORRECT,CORRECT,True,True,CORRECT/INCORRECT,CORRECT,True,True,True,12.252824667244795,10.287925453856587,-1.9648992133882075,12.252824667244795,10.287925453856587,-1.9648992133882075,13.0,28.5,False,no_flip,True,1.39261188916862
47,calibration,self,psychophysics,5,adaptive_rescue,False,3,neuronpedia_global,all_prompt_positions_and_generated_tokens,question_mark,77,,,98,True,1.0,-1.7,-1.0,评价,vocab_token:97817,97817,73c683f129559da9c009e22ae409cac0b6d96ba20351cea4ec1fb27f162c843c,35,word_filtered_appearance_fallback,108,45,word_filtered_rank,CORRECT,CORRECT,CORRECT,CORRECT,True,True,CORRECT/INCORRECT,CORRECT,True,True,True,12.252824667244795,5.989158784970641,-6.263665882274154,12.252824667244795,5.989158784970641,-6.263665882274154,8.4375,-19.0,False,no_flip,True,1.3858664631843567
47,calibration,self,psychophysics,5,adaptive_rescue,False,4,neuronpedia_global,all_prompt_positions_and_generated_tokens,question_mark,77,,,98,True,1.0,1.8,1.0,评价,vocab_token:97817,97817,73c683f129559da9c009e22ae409cac0b6d96ba20351cea4ec1fb27f162c843c,35,word_filtered_appearance_fallback,108,45,word_filtered_rank,CORRECT,CORRECT,CORRECT,CORRECT,True,True,CORRECT/INCORRECT,CORRECT,True,True,True,12.252824667244795,16.023667220200878,3.7708425529560827,12.252824667244795,16.023667220200878,3.7708425529560827,8.4375,19.125,False,no_flip,True,1.3906699679791927
47,calibration,self,psychophysics,5,adaptive_rescue,False,5,neuronpedia_global,all_prompt_positions_and_generated_tokens,question_mark,77,,,98,True,1.0,-1.7,-1.0,评价,vocab_token:97817,97817,40e9689ba1debf117f4edecea706fbb0f5cb6bcd4aace256cbb71af8539f1224,37,word_filtered_appearance_fallback,76,37,word_filtered_rank,CORRECT,CORRECT,CORRECT,CORRECT,True,True,CORRECT/INCORRECT,CORRECT,True,True,True,12.252824667244795,3.8845550450496376,-8.368269622195157,12.252824667244795,3.8845550450496376,-8.368269622195157,9.875,-22.0,False,no_flip,True,1.387370727956295
47,calibration,self,psychophysics,5,adaptive_rescue,False,6,neuronpedia_global,all_prompt_positions_and_generated_tokens,question_mark,77,,,98,True,1.0,1.8,1.0,评价,vocab_token:97817,97817,40e9689ba1debf117f4edecea706fbb0f5cb6bcd4aace256cbb71af8539f1224,37,word_filtered_appearance_fallback,76,37,word_filtered_rank,CORRECT,CORRECT,CORRECT,CORRECT,True,True,CORRECT/INCORRECT,CORRECT,True,True,True,12.252824667244795,4.644985585648101,-7.607839081596694,12.252824667244795,4.644985585648101,-7.607839081596694,9.875,22.375,False,no_flip,True,1.3809837363660336
47,calibration,self,psychophysics,5,adaptive_rescue,False,7,neuronpedia_global,all_prompt_positions_and_generated_tokens,question_mark,77,,,98,True,1.0,-1.7,-1.0,评估,vocab_token:99973,99973,c55ca3df206b88ee4dcaf291e77b8830ab68243ed25460e77d6d850604e7a107,40,alternate_candidate_preferred_layer,14,5,word_filtered_rank,CORRECT,CORRECT,CORRECT,CORRECT,True,True,CORRECT/INCORRECT,CORRECT,True,True,True,12.252824667244795,2.64509980935145,-9.607724857893345,12.252824667244795,2.64509980935145,-9.607724857893345,13.3125,-29.5,False,no_flip,True,1.3777557145804167
47,calibration,self,psychophysics,5,adaptive_rescue,False,8,neuronpedia_global,all_prompt_positions_and_generated_tokens,question_mark,77,,,98,True,1.0,1.8,1.0,评估,vocab_token:99973,99973,c55ca3df206b88ee4dcaf291e77b8830ab68243ed25460e77d6d850604e7a107,40,alternate_candidate_preferred_layer,14,5,word_filtered_rank,CORRECT,CORRECT,Correct,CORRECT,True,True,CORRECT/INCORRECT,CORRECT,True,True,True,12.252824667244795,13.434064036904601,1.1812393696598065,12.252824667244795,13.434064036904601,1.1812393696598065,13.3125,28.5,False,no_flip,True,1.3002102244645357
47,calibration,self,psychophysics,5,adaptive_rescue,False,9,neuronpedia_global,all_prompt_positions_and_generated_tokens,question_mark,77,,,98,True,1.0,-1.7,-1.0,评估,vocab_token:99973,99973,677f4db3e9b5283cb7888ea4477f7df9c3b4a1458022f85a542bbf93c88ca10a,34,word_filtered_appearance_fallback,103,28,word_filtered_rank,CORRECT,CORRECT,CORRECT,CORRECT,True,True,CORRECT/INCORRECT,CORRECT,True,True,True,12.252824667244795,11.683372838422656,-0.5694518288221389,12.252824667244795,11.683372838422656,-0.5694518288221389,8.4375,-18.625,False,no_flip,True,1.49027419090271
47,calibration,self,psychophysics,5,adaptive_rescue,False,10,neuronpedia_global,all_prompt_positions_and_generated_tokens,question_mark,77,,,98,True,1.0,1.8,1.0,评估,vocab_token:99973,99973,677f4db3e9b5283cb7888ea4477f7df9c3b4a1458022f85a542bbf93c88ca10a,34,word_filtered_appearance_fallback,103,28,word_filtered_rank,CORRECT,CORRECT,The evaluation过程是合理的，因为Scalar,,True,False,CORRECT/INCORRECT,CORRECT,True,True,False,12.252824667244795,11.76462709158659,-0.4881975756582051,12.252824667244795,11.76462709158659,-0.4881975756582051,8.4375,18.25,False,no_flip,True,2.1684101410210133
48,calibration,self,psychophysics,5,frozen_primary,True,1,neuronpedia_global,all_prompt_positions_and_generated_tokens,question_mark,95,,,116,True,1.0,-1.7,-1.0,评价,vocab_token:97817,97817,8a87e6e3f1867b77d6b1e41a3304949df1310120316964b73eb3391f0877cfb6,40,frozen_primary_layer,11,5,word_filtered_rank,CORRECT,CORRECT,CORRECT,CORRECT,True,True,CORRECT/INCORRECT,CORRECT,True,True,True,7.501297636687696,0.2954852671828121,-7.2058123695048835,7.501297636687696,0.2954852671828121,-7.2058123695048835,13.625,-28.5,False,no_flip,True,1.3800772242248058
48,calibration,self,psychophysics,5,frozen_primary,True,2,neuronpedia_global,all_prompt_positions_and_generated_tokens,question_mark,95,,,116,True,1.0,1.8,1.0,评价,vocab_token:97817,97817,8a87e6e3f1867b77d6b1e41a3304949df1310120316964b73eb3391f0877cfb6,40,frozen_primary_layer,11,5,word_filtered_rank,CORRECT,CORRECT,CORRECT,CORRECT,True,True,CORRECT/INCORRECT,CORRECT,True,True,True,7.501297636687696,8.825927631463856,1.32462999477616,7.501297636687696,8.825927631463856,1.32462999477616,13.625,28.75,False,no_flip,True,1.3901401832699776
48,calibration,self,psychophysics,5,adaptive_rescue,False,3,neuronpedia_global,all_prompt_positions_and_generated_tokens,question_mark,95,,,116,True,1.0,-1.7,-1.0,评价,vocab_token:97817,97817,73c683f129559da9c009e22ae409cac0b6d96ba20351cea4ec1fb27f162c843c,35,word_filtered_appearance_fallback,124,48,word_filtered_rank,CORRECT,CORRECT,INCOR,,True,False,CORRECT/INCORRECT,CORRECT,True,True,False,7.501297636687696,5.924122274853289,-1.5771753618344064,7.501297636687696,5.924122274853289,-1.5771753618344064,7.96875,-19.0,False,no_flip,True,1.3859097883105278
48,calibration,self,psychophysics,5,adaptive_rescue,False,4,neuronpedia_global,all_prompt_positions_and_generated_tokens,question_mark,95,,,116,True,1.0,1.8,1.0,评价,vocab_token:97817,97817,73c683f129559da9c009e22ae409cac0b6d96ba20351cea4ec1fb27f162c843c,35,word_filtered_appearance_fallback,124,48,word_filtered_rank,CORRECT,CORRECT,CORRECT,CORRECT,True,True,CORRECT/INCORRECT,CORRECT,True,True,True,7.501297636687696,11.651047425344586,4.149749788656891,7.501297636687696,11.651047425344586,4.149749788656891,7.96875,19.125,False,no_flip,True,1.3798203747719526
48,calibration,self,psychophysics,5,adaptive_rescue,False,5,neuronpedia_global,all_prompt_positions_and_generated_tokens,question_mark,95,,,116,True,1.0,-1.7,-1.0,评价,vocab_token:97817,97817,33e7d0a9523a0c229af71fe72e9d2bec61350f547675569a386512d996b5a0d1,36,word_filtered_appearance_fallback,84,49,word_filtered_rank,CORRECT,CORRECT,CORRECT,CORRECT,True,True,CORRECT/INCORRECT,CORRECT,True,True,True,7.501297636687696,16.868232838693075,9.36693520200538,7.501297636687696,16.868232838693075,9.36693520200538,8.5,-20.0,False,no_flip,True,1.3888978138566017
48,calibration,self,psychophysics,5,adaptive_rescue,False,6,neuronpedia_global,all_prompt_positions_and_generated_tokens,question_mark,95,,,116,True,1.0,1.8,1.0,评价,vocab_token:97817,97817,33e7d0a9523a0c229af71fe72e9d2bec61350f547675569a386512d996b5a0d1,36,word_filtered_appearance_fallback,84,49,word_filtered_rank,CORRECT,CORRECT,CORRECT,CORRECT,True,True,CORRECT/INCORRECT,CORRECT,True,True,True,7.501297636687696,7.994289476919221,0.4929918402315252,7.501297636687696,7.994289476919221,0.4929918402315252,8.5,20.75,False,no_flip,True,1.377706566825509
48,calibration,self,psychophysics,5,adaptive_rescue,False,7,neuronpedia_global,all_prompt_positions_and_generated_tokens,question_mark,95,,,116,True,1.0,-1.7,-1.0,评估,vocab_token:99973,99973,c55ca3df206b88ee4dcaf291e77b8830ab68243ed25460e77d6d850604e7a107,40,alternate_candidate_preferred_layer,7,1,word_filtered_rank,CORRECT,CORRECT,CORRECT,CORRECT,True,True,CORRECT/INCORRECT,CORRECT,True,True,True,7.501297636687696,1.3004792611254743,-6.200818375562221,7.501297636687696,1.3004792611254743,-6.200818375562221,14.0,-29.125,False,no_flip,True,1.3823224417865276
48,calibration,self,psychophysics,5,adaptive_rescue,False,8,neuronpedia_global,all_prompt_positions_and_generated_tokens,question_mark,95,,,116,True,1.0,1.8,1.0,评估,vocab_token:99973,99973,c55ca3df206b88ee4dcaf291e77b8830ab68243ed25460e77d6d850604e7a107,40,alternate_candidate_preferred_layer,7,1,word_filtered_rank,CORRECT,CORRECT,Correct,CORRECT,True,True,CORRECT/INCORRECT,CORRECT,True,True,True,7.501297636687696,10.120634732069448,2.619337095381752,7.501297636687696,10.120634732069448,2.619337095381752,14.0,28.75,False,no_flip,True,1.2277401573956013
48,calibration,self,psychophysics,5,adaptive_rescue,False,9,neuronpedia_global,all_prompt_positions_and_generated_tokens,question_mark,95,,,116,True,1.0,-1.7,-1.0,评估,vocab_token:99973,99973,677f4db3e9b5283cb7888ea4477f7df9c3b4a1458022f85a542bbf93c88ca10a,34,word_filtered_appearance_fallback,112,36,word_filtered_rank,CORRECT,CORRECT,CORRECT,CORRECT,True,True,CORRECT/INCORRECT,CORRECT,True,True,True,7.501297636687696,10.626741842832416,3.1254442061447207,7.501297636687696,10.626741842832416,3.1254442061447207,8.125,-18.625,False,no_flip,True,1.382622379809618
48,calibration,self,psychophysics,5,adaptive_rescue,False,10,neuronpedia_global,all_prompt_positions_and_generated_tokens,question_mark,95,,,116,True,1.0,1.8,1.0,评估,vocab_token:99973,99973,677f4db3e9b5283cb7888ea4477f7df9c3b4a1458022f85a542bbf93c88ca10a,34,word_filtered_appearance_fallback,112,36,word_filtered_rank,CORRECT,CORRECT,The claim认为Meta-d'与评估,,True,False,CORRECT/INCORRECT,CORRECT,True,True,False,7.501297636687696,8.6237724237144,1.1224747870267038,7.501297636687696,8.6237724237144,1.1224747870267038,8.125,18.25,False,no_flip,True,2.318411210551858
49,calibration,self,neuroscience,5,frozen_primary,True,1,neuronpedia_global,all_prompt_positions_and_generated_tokens,question_mark,79,,,100,True,1.0,-1.7,-1.0,评价,vocab_token:97817,97817,8a87e6e3f1867b77d6b1e41a3304949df1310120316964b73eb3391f0877cfb6,40,frozen_primary_layer,19,4,word_filtered_rank,CORRECT,CORRECT,CORRECT,CORRECT,True,True,CORRECT/INCORRECT,CORRECT,True,True,True,12.379327903458204,5.4646036997728515,-6.914724203685353,12.379327903458204,5.4646036997728515,-6.914724203685353,13.0625,-28.5,False,no_flip,True,1.3875575475394726
49,calibration,self,neuroscience,5,frozen_primary,True,2,neuronpedia_global,all_prompt_positions_and_generated_tokens,question_mark,79,,,100,True,1.0,1.8,1.0,评价,vocab_token:97817,97817,8a87e6e3f1867b77d6b1e41a3304949df1310120316964b73eb3391f0877cfb6,40,frozen_primary_layer,19,4,word_filtered_rank,CORRECT,CORRECT,CORRECT,CORRECT,True,True,CORRECT/INCORRECT,CORRECT,True,True,True,12.379327903458204,9.149651480838656,-3.229676422619548,12.379327903458204,9.149651480838656,-3.229676422619548,13.0625,28.75,False,no_flip,True,1.3913892917335033
49,calibration,self,neuroscience,5,adaptive_rescue,False,3,neuronpedia_global,all_prompt_positions_and_generated_tokens,question_mark,79,,,100,True,1.0,-1.7,-1.0,评价,vocab_token:97817,97817,73c683f129559da9c009e22ae409cac0b6d96ba20351cea4ec1fb27f162c843c,35,word_filtered_appearance_fallback,120,41,word_filtered_rank,CORRECT,CORRECT,CORRET,,True,False,CORRECT/INCORRECT,CORRECT,True,True,False,12.379327903458204,7.06159954238683,-5.317728361071374,12.379327903458204,7.06159954238683,-5.317728361071374,8.4375,-18.875,False,no_flip,True,1.3817095700651407
49,calibration,self,neuroscience,5,adaptive_rescue,False,4,neuronpedia_global,all_prompt_positions_and_generated_tokens,question_mark,79,,,100,True,1.0,1.8,1.0,评价,vocab_token:97817,97817,73c683f129559da9c009e22ae409cac0b6d96ba20351cea4ec1fb27f162c843c,35,word_filtered_appearance_fallback,120,41,word_filtered_rank,CORRECT,CORRECT,CORRECT,CORRECT,True,True,CORRECT/INCORRECT,CORRECT,True,True,True,12.379327903458204,13.97049391665496,1.591166013196755,12.379327903458204,13.97049391665496,1.591166013196755,8.4375,19.25,False,no_flip,True,1.3924375008791685
49,calibration,self,neuroscience,5,adaptive_rescue,False,5,neuronpedia_global,all_prompt_positions_and_generated_tokens,question_mark,79,,,100,True,1.0,-1.7,-1.0,评价,vocab_token:97817,97817,33e7d0a9523a0c229af71fe72e9d2bec61350f547675569a386512d996b5a0d1,36,word_filtered_appearance_fallback,86,46,word_filtered_rank,CORRECT,CORRECT,CORRECT,CORRECT,True,True,CORRECT/INCORRECT,CORRECT,True,True,True,12.379327903458204,17.017190190963447,4.637862287505243,12.379327903458204,17.017190190963447,4.637862287505243,8.8125,-20.0,False,no_flip,True,1.3833654429763556
49,calibration,self,neuroscience,5,adaptive_rescue,False,6,neuronpedia_global,all_prompt_positions_and_generated_tokens,question_mark,79,,,100,True,1.0,1.8,1.0,评价,vocab_token:97817,97817,33e7d0a9523a0c229af71fe72e9d2bec61350f547675569a386512d996b5a0d1,36,word_filtered_appearance_fallback,86,46,word_filtered_rank,CORRECT,CORRECT,CORRECT,CORRECT,True,True,CORRECT/INCORRECT,CORRECT,True,True,True,12.379327903458204,9.627985227969475,-2.751342675488729,12.379327903458204,9.627985227969475,-2.751342675488729,8.8125,20.875,False,no_flip,True,1.5162537265568972
49,calibration,self,neuroscience,5,adaptive_rescue,False,7,neuronpedia_global,all_prompt_positions_and_generated_tokens,question_mark,79,,,100,True,1.0,-1.7,-1.0,评估,vocab_token:99973,99973,c55ca3df206b88ee4dcaf291e77b8830ab68243ed25460e77d6d850604e7a107,40,alternate_candidate_preferred_layer,16,3,word_filtered_rank,CORRECT,CORRECT,CORRECT,CORRECT,True,True,CORRECT/INCORRECT,CORRECT,True,True,True,12.379327903458204,1.9171327891417604,-10.462195114316444,12.379327903458204,1.9171327891417604,-10.462195114316444,13.375,-29.375,False,no_flip,True,1.420126574113965
49,calibration,self,neuroscience,5,adaptive_rescue,False,8,neuronpedia_global,all_prompt_positions_and_generated_tokens,question_mark,79,,,100,True,1.0,1.8,1.0,评估,vocab_token:99973,99973,c55ca3df206b88ee4dcaf291e77b8830ab68243ed25460e77d6d850604e7a107,40,alternate_candidate_preferred_layer,16,3,word_filtered_rank,CORRECT,CORRECT,CORRECT,CORRECT,True,True,CORRECT/INCORRECT,CORRECT,True,True,True,12.379327903458204,15.112093471456319,2.732765567998115,12.379327903458204,15.112093471456319,2.732765567998115,13.375,28.625,False,no_flip,True,1.3817550800740719
49,calibration,self,neuroscience,5,adaptive_rescue,False,9,neuronpedia_global,all_prompt_positions_and_generated_tokens,question_mark,79,,,100,True,1.0,-1.7,-1.0,评估,vocab_token:99973,99973,677f4db3e9b5283cb7888ea4477f7df9c3b4a1458022f85a542bbf93c88ca10a,34,word_filtered_appearance_fallback,139,41,word_filtered_rank,CORRECT,CORRECT,"CORRECT
",CORRECT,True,True,CORRECT/INCORRECT,CORRECT,True,True,True,12.379327903458204,11.405541932210326,-0.973785971247878,12.379327903458204,11.405541932210326,-0.973785971247878,8.1875,-18.625,False,no_flip,True,1.3829032089561224
49,calibration,self,neuroscience,5,adaptive_rescue,False,10,neuronpedia_global,all_prompt_positions_and_generated_tokens,question_mark,79,,,100,True,1.0,1.8,1.0,评估,vocab_token:99973,99973,677f4db3e9b5283cb7888ea4477f7df9c3b4a1458022f85a542bbf93c88ca10a,34,word_filtered_appearance_fallback,139,41,word_filtered_rank,CORRECT,CORRECT,The assessment是合理的，因为判断该,,True,False,CORRECT/INCORRECT,CORRECT,True,True,False,12.379327903458204,10.764698967337608,-1.6146289361205959,12.379327903458204,10.764698967337608,-1.6146289361205959,8.1875,18.25,False,no_flip,True,2.1522086951881647
50,calibration,self,psychology,5,frozen_primary,True,1,neuronpedia_global,all_prompt_positions_and_generated_tokens,question_mark,85,,,106,True,1.0,-1.7,-1.0,评价,vocab_token:97817,97817,8a87e6e3f1867b77d6b1e41a3304949df1310120316964b73eb3391f0877cfb6,40,frozen_primary_layer,14,4,word_filtered_rank,CORRECT,CORRECT,CORRECT,CORRECT,True,True,CORRECT/INCORRECT,CORRECT,True,True,True,6.3782467342616656,0.49568758768145926,-5.882559146580206,6.3782467342616656,0.49568758768145926,-5.882559146580206,13.0625,-28.625,False,no_flip,True,1.488461285829544
50,calibration,self,psychology,5,frozen_primary,True,2,neuronpedia_global,all_prompt_positions_and_generated_tokens,question_mark,85,,,106,True,1.0,1.8,1.0,评价,vocab_token:97817,97817,8a87e6e3f1867b77d6b1e41a3304949df1310120316964b73eb3391f0877cfb6,40,frozen_primary_layer,14,4,word_filtered_rank,CORRECT,CORRECT,CORRECT,CORRECT,True,True,CORRECT/INCORRECT,CORRECT,True,True,True,6.3782467342616656,8.895276398397982,2.5170296641363166,6.3782467342616656,8.895276398397982,2.5170296641363166,13.0625,28.625,False,no_flip,True,1.387041972950101
50,calibration,self,psychology,5,adaptive_rescue,False,3,neuronpedia_global,all_prompt_positions_and_generated_tokens,question_mark,85,,,106,True,1.0,-1.7,-1.0,评价,vocab_token:97817,97817,73c683f129559da9c009e22ae409cac0b6d96ba20351cea4ec1fb27f162c843c,35,word_filtered_appearance_fallback,125,44,word_filtered_rank,CORRECT,CORRECT,"INCOR
",,True,False,CORRECT/INCORRECT,CORRECT,True,True,False,6.3782467342616656,14.18830097373575,7.810054239474084,6.3782467342616656,14.18830097373575,7.810054239474084,8.375,-19.0,False,no_flip,True,1.380870696157217
50,calibration,self,psychology,5,adaptive_rescue,False,4,neuronpedia_global,all_prompt_positions_and_generated_tokens,question_mark,85,,,106,True,1.0,1.8,1.0,评价,vocab_token:97817,97817,73c683f129559da9c009e22ae409cac0b6d96ba20351cea4ec1fb27f162c843c,35,word_filtered_appearance_fallback,125,44,word_filtered_rank,CORRECT,CORRECT,CORRECT,CORRECT,True,True,CORRECT/INCORRECT,CORRECT,True,True,True,6.3782467342616656,12.926953753340058,6.5487070190783925,6.3782467342616656,12.926953753340058,6.5487070190783925,8.375,19.25,False,no_flip,True,1.3843993358314037
50,calibration,self,psychology,5,adaptive_rescue,False,5,neuronpedia_global,all_prompt_positions_and_generated_tokens,question_mark,85,,,106,True,1.0,-1.7,-1.0,评价,vocab_token:97817,97817,33e7d0a9523a0c229af71fe72e9d2bec61350f547675569a386512d996b5a0d1,36,word_filtered_appearance_fallback,77,42,word_filtered_rank,CORRECT,CORRECT,CORRECT,CORRECT,True,True,CORRECT/INCORRECT,CORRECT,True,True,True,6.3782467342616656,14.778573817224242,8.400327082962576,6.3782467342616656,14.778573817224242,8.400327082962576,8.9375,-20.0,False,no_flip,True,1.3867778144776821
50,calibration,self,psychology,5,adaptive_rescue,False,6,neuronpedia_global,all_prompt_positions_and_generated_tokens,question_mark,85,,,106,True,1.0,1.8,1.0,评价,vocab_token:97817,97817,33e7d0a9523a0c229af71fe72e9d2bec61350f547675569a386512d996b5a0d1,36,word_filtered_appearance_fallback,77,42,word_filtered_rank,CORRECT,CORRECT,CORRECT,CORRECT,True,True,CORRECT/INCORRECT,CORRECT,True,True,True,6.3782467342616656,7.7552518104203045,1.377005076158639,6.3782467342616656,7.7552518104203045,1.377005076158639,8.9375,20.875,False,no_flip,True,1.3795982897281647
50,calibration,self,psychology,5,adaptive_rescue,False,7,neuronpedia_global,all_prompt_positions_and_generated_tokens,question_mark,85,,,106,True,1.0,-1.7,-1.0,评估,vocab_token:99973,99973,c55ca3df206b88ee4dcaf291e77b8830ab68243ed25460e77d6d850604e7a107,40,alternate_candidate_preferred_layer,12,3,word_filtered_rank,CORRECT,CORRECT,CORRECT,CORRECT,True,True,CORRECT/INCORRECT,CORRECT,True,True,True,6.3782467342616656,1.79275193758167,-4.5854947966799955,6.3782467342616656,1.79275193758167,-4.5854947966799955,13.1875,-29.625,False,no_flip,True,1.3808425161987543
50,calibration,self,psychology,5,adaptive_rescue,False,8,neuronpedia_global,all_prompt_positions_and_generated_tokens,question_mark,85,,,106,True,1.0,1.8,1.0,评估,vocab_token:99973,99973,c55ca3df206b88ee4dcaf291e77b8830ab68243ed25460e77d6d850604e7a107,40,alternate_candidate_preferred_layer,12,3,word_filtered_rank,CORRECT,CORRECT,Correct,CORRECT,True,True,CORRECT/INCORRECT,CORRECT,True,True,True,6.3782467342616656,12.073491748073138,5.695245013811473,6.3782467342616656,12.073491748073138,5.695245013811473,13.1875,28.375,False,no_flip,True,1.2400123551487923
50,calibration,self,psychology,5,adaptive_rescue,False,9,neuronpedia_global,all_prompt_positions_and_generated_tokens,question_mark,85,,,106,True,1.0,-1.7,-1.0,评估,vocab_token:99973,99973,677f4db3e9b5283cb7888ea4477f7df9c3b4a1458022f85a542bbf93c88ca10a,34,word_filtered_appearance_fallback,125,33,word_filtered_rank,CORRECT,CORRECT,CORRECT,CORRECT,True,True,CORRECT/INCORRECT,CORRECT,True,True,True,6.3782467342616656,11.127215946093202,4.748969211831536,6.3782467342616656,11.127215946093202,4.748969211831536,8.3125,-18.625,False,no_flip,True,1.3764742761850357
50,calibration,self,psychology,5,adaptive_rescue,False,10,neuronpedia_global,all_prompt_positions_and_generated_tokens,question_mark,85,,,106,True,1.0,1.8,1.0,评估,vocab_token:99973,99973,677f4db3e9b5283cb7888ea4477f7df9c3b4a1458022f85a542bbf93c88ca10a,34,word_filtered_appearance_fallback,125,33,word_filtered_rank,CORRECT,CORRECT,The Res,,True,False,CORRECT/INCORRECT,CORRECT,True,True,False,6.3782467342616656,12.373325660824776,5.99507892656311,6.3782467342616656,12.373325660824776,5.99507892656311,8.3125,18.25,False,no_flip,True,1.3853356279432774
51,calibration,self,psychophysics,5,frozen_primary,True,1,neuronpedia_global,all_prompt_positions_and_generated_tokens,question_mark,78,,,99,True,1.0,-1.7,-1.0,评价,vocab_token:97817,97817,8a87e6e3f1867b77d6b1e41a3304949df1310120316964b73eb3391f0877cfb6,40,frozen_primary_layer,19,6,word_filtered_rank,CORRECT,CORRECT,INCORRECT,INCORRECT,True,True,CORRECT/INCORRECT,CORRECT,True,True,False,6.6278757071863765,-0.7108655686606653,-7.338741275847042,6.6278757071863765,-0.7108655686606653,-7.338741275847042,12.9375,-28.5,True,worsened,True,1.5458138603717089
51,calibration,self,psychophysics,5,frozen_primary,True,2,neuronpedia_global,all_prompt_positions_and_generated_tokens,question_mark,78,,,99,True,1.0,1.8,1.0,评价,vocab_token:97817,97817,8a87e6e3f1867b77d6b1e41a3304949df1310120316964b73eb3391f0877cfb6,40,frozen_primary_layer,19,6,word_filtered_rank,CORRECT,CORRECT,CORRECT,CORRECT,True,True,CORRECT/INCORRECT,CORRECT,True,True,True,6.6278757071863765,8.609866986982524,1.9819912797961479,6.6278757071863765,8.609866986982524,1.9819912797961479,12.9375,28.75,False,no_flip,True,1.4764937236905098
52,calibration,self,philosophy,5,frozen_primary,True,1,neuronpedia_global,all_prompt_positions_and_generated_tokens,question_mark,79,,,100,True,1.0,-1.7,-1.0,评价,vocab_token:97817,97817,8a87e6e3f1867b77d6b1e41a3304949df1310120316964b73eb3391f0877cfb6,40,frozen_primary_layer,22,6,word_filtered_rank,CORRECT,CORRECT,CORRECT,CORRECT,True,True,CORRECT/INCORRECT,CORRECT,True,True,True,13.258552062085101,0.7549472548998892,-12.503604807185212,13.258552062085101,0.7549472548998892,-12.503604807185212,13.25,-28.375,False,no_flip,True,1.3874516785144806
52,calibration,self,philosophy,5,frozen_primary,True,2,neuronpedia_global,all_prompt_positions_and_generated_tokens,question_mark,79,,,100,True,1.0,1.8,1.0,评价,vocab_token:97817,97817,8a87e6e3f1867b77d6b1e41a3304949df1310120316964b73eb3391f0877cfb6,40,frozen_primary_layer,22,6,word_filtered_rank,CORRECT,CORRECT,CORRECT,CORRECT,True,True,CORRECT/INCORRECT,CORRECT,True,True,True,13.258552062085101,11.130908496677876,-2.127643565407226,13.258552062085101,11.130908496677876,-2.127643565407226,13.25,28.75,False,no_flip,True,1.3837901502847672
52,calibration,self,philosophy,5,adaptive_rescue,False,3,neuronpedia_global,all_prompt_positions_and_generated_tokens,question_mark,79,,,100,True,1.0,-1.7,-1.0,评价,vocab_token:97817,97817,73c683f129559da9c009e22ae409cac0b6d96ba20351cea4ec1fb27f162c843c,35,word_filtered_appearance_fallback,135,45,word_filtered_rank,CORRECT,CORRECT,CORRECT,CORRECT,True,True,CORRECT/INCORRECT,CORRECT,True,True,True,13.258552062085101,7.72699239756912,-5.5315596645159815,13.258552062085101,7.72699239756912,-5.5315596645159815,8.5,-19.0,False,no_flip,True,1.3962466977536678
52,calibration,self,philosophy,5,adaptive_rescue,False,4,neuronpedia_global,all_prompt_positions_and_generated_tokens,question_mark,79,,,100,True,1.0,1.8,1.0,评价,vocab_token:97817,97817,73c683f129559da9c009e22ae409cac0b6d96ba20351cea4ec1fb27f162c843c,35,word_filtered_appearance_fallback,135,45,word_filtered_rank,CORRECT,CORRECT,CORRECT,CORRECT,True,True,CORRECT/INCORRECT,CORRECT,True,True,True,13.258552062085101,15.77109888556879,2.5125468234836887,13.258552062085101,15.77109888556879,2.5125468234836887,8.5,19.25,False,no_flip,True,1.3892899714410305
52,calibration,self,philosophy,5,adaptive_rescue,False,5,neuronpedia_global,all_prompt_positions_and_generated_tokens,question_mark,79,,,100,True,1.0,-1.7,-1.0,评价,vocab_token:97817,97817,33e7d0a9523a0c229af71fe72e9d2bec61350f547675569a386512d996b5a0d1,36,word_filtered_appearance_fallback,97,47,word_filtered_rank,CORRECT,CORRECT,CORRECT,CORRECT,True,True,CORRECT/INCORRECT,CORRECT,True,True,True,13.258552062085101,4.0293883085250854,-9.229163753560016,13.258552062085101,4.0293883085250854,-9.229163753560016,8.875,-20.0,False,no_flip,True,1.3844140246510506
52,calibration,self,philosophy,5,adaptive_rescue,False,6,neuronpedia_global,all_prompt_positions_and_generated_tokens,question_mark,79,,,100,True,1.0,1.8,1.0,评价,vocab_token:97817,97817,33e7d0a9523a0c229af71fe72e9d2bec61350f547675569a386512d996b5a0d1,36,word_filtered_appearance_fallback,97,47,word_filtered_rank,CORRECT,CORRECT,CORRECT,CORRECT,True,True,CORRECT/INCORRECT,CORRECT,True,True,True,13.258552062085101,11.148832533450332,-2.10971952863477,13.258552062085101,11.148832533450332,-2.10971952863477,8.875,20.875,False,no_flip,True,1.5846903398633003
52,calibration,self,philosophy,5,adaptive_rescue,False,7,neuronpedia_global,all_prompt_positions_and_generated_tokens,question_mark,79,,,100,True,1.0,-1.7,-1.0,评估,vocab_token:99973,99973,c55ca3df206b88ee4dcaf291e77b8830ab68243ed25460e77d6d850604e7a107,40,alternate_candidate_preferred_layer,19,4,word_filtered_rank,CORRECT,CORRECT,CORRECT,CORRECT,True,True,CORRECT/INCORRECT,CORRECT,True,True,True,13.258552062085101,2.5393332869070946,-10.719218775178007,13.258552062085101,2.5393332869070946,-10.719218775178007,13.375,-29.25,False,no_flip,True,1.38615663908422
52,calibration,self,philosophy,5,adaptive_rescue,False,8,neuronpedia_global,all_prompt_positions_and_generated_tokens,question_mark,79,,,100,True,1.0,1.8,1.0,评估,vocab_token:99973,99973,c55ca3df206b88ee4dcaf291e77b8830ab68243ed25460e77d6d850604e7a107,40,alternate_candidate_preferred_layer,19,4,word_filtered_rank,CORRECT,CORRECT,Correct,CORRECT,True,True,CORRECT/INCORRECT,CORRECT,True,True,True,13.258552062085101,14.379005779628642,1.1204537175435405,13.258552062085101,14.379005779628642,1.1204537175435405,13.375,28.625,False,no_flip,True,1.2303489316254854
52,calibration,self,philosophy,5,adaptive_rescue,False,9,neuronpedia_global,all_prompt_positions_and_generated_tokens,question_mark,79,,,100,True,1.0,-1.7,-1.0,评估,vocab_token:99973,99973,677f4db3e9b5283cb7888ea4477f7df9c3b4a1458022f85a542bbf93c88ca10a,34,word_filtered_appearance_fallback,128,35,word_filtered_rank,CORRECT,CORRECT,CORRECT,CORRECT,True,True,CORRECT/INCORRECT,CORRECT,True,True,True,13.258552062085101,11.713334515690804,-1.5452175463942979,13.258552062085101,11.713334515690804,-1.5452175463942979,8.5625,-18.625,False,no_flip,True,1.3810402341187
52,calibration,self,philosophy,5,adaptive_rescue,False,10,neuronpedia_global,all_prompt_positions_and_generated_tokens,question_mark,79,,,100,True,1.0,1.8,1.0,评估,vocab_token:99973,99973,677f4db3e9b5283cb7888ea4477f7df9c3b4a1458022f85a542bbf93c88ca10a,34,word_filtered_appearance_fallback,128,35,word_filtered_rank,CORRECT,CORRECT,The evaluation过程是合理的，因为S,,True,False,CORRECT/INCORRECT,CORRECT,True,True,False,13.258552062085101,12.561202201992273,-0.6973498600928281,13.258552062085101,12.561202201992273,-0.6973498600928281,8.5625,18.25,False,no_flip,True,2.1675173081457615
53,calibration,self,psychometrics,5,frozen_primary,True,1,neuronpedia_global,all_prompt_positions_and_generated_tokens,question_mark,77,,,98,True,1.0,-1.7,-1.0,评价,vocab_token:97817,97817,8a87e6e3f1867b77d6b1e41a3304949df1310120316964b73eb3391f0877cfb6,40,frozen_primary_layer,17,4,word_filtered_rank,CORRECT,CORRECT,CORRECT,CORRECT,True,True,CORRECT/INCORRECT,CORRECT,True,True,True,10.750521777026961,2.46369268046692,-8.28682909656004,10.750521777026961,2.46369268046692,-8.28682909656004,13.375,-28.625,False,no_flip,True,1.3851927947252989
53,calibration,self,psychometrics,5,frozen_primary,True,2,neuronpedia_global,all_prompt_positions_and_generated_tokens,question_mark,77,,,98,True,1.0,1.8,1.0,评价,vocab_token:97817,97817,8a87e6e3f1867b77d6b1e41a3304949df1310120316964b73eb3391f0877cfb6,40,frozen_primary_layer,17,4,word_filtered_rank,CORRECT,CORRECT,CORRECT,CORRECT,True,True,CORRECT/INCORRECT,CORRECT,True,True,True,10.750521777026961,9.101180610246956,-1.6493411667800046,10.750521777026961,9.101180610246956,-1.6493411667800046,13.375,28.625,False,no_flip,True,1.5153156835585833
53,calibration,self,psychometrics,5,adaptive_rescue,False,3,neuronpedia_global,all_prompt_positions_and_generated_tokens,question_mark,77,,,98,True,1.0,-1.7,-1.0,评价,vocab_token:97817,97817,73c683f129559da9c009e22ae409cac0b6d96ba20351cea4ec1fb27f162c843c,35,word_filtered_appearance_fallback,127,41,word_filtered_rank,CORRECT,CORRECT,CORRET,,True,False,CORRECT/INCORRECT,CORRECT,True,True,False,10.750521777026961,10.419336643069983,-0.33118513395697846,10.750521777026961,10.419336643069983,-0.33118513395697846,8.6875,-19.125,False,no_flip,True,1.538743071258068
53,calibration,self,psychometrics,5,adaptive_rescue,False,4,neuronpedia_global,all_prompt_positions_and_generated_tokens,question_mark,77,,,98,True,1.0,1.8,1.0,评价,vocab_token:97817,97817,73c683f129559da9c009e22ae409cac0b6d96ba20351cea4ec1fb27f162c843c,35,word_filtered_appearance_fallback,127,41,word_filtered_rank,CORRECT,CORRECT,CORRECT,CORRECT,True,True,CORRECT/INCORRECT,CORRECT,True,True,True,10.750521777026961,12.387929553049617,1.6374077760226555,10.750521777026961,12.387929553049617,1.6374077760226555,8.6875,19.125,False,no_flip,True,1.407914001494646
53,calibration,self,psychometrics,5,adaptive_rescue,False,5,neuronpedia_global,all_prompt_positions_and_generated_tokens,question_mark,77,,,98,True,1.0,-1.7,-1.0,评价,vocab_token:97817,97817,33e7d0a9523a0c229af71fe72e9d2bec61350f547675569a386512d996b5a0d1,36,word_filtered_appearance_fallback,96,48,word_filtered_rank,CORRECT,CORRECT,CORRECT,CORRECT,True,True,CORRECT/INCORRECT,CORRECT,True,True,True,10.750521777026961,8.29552051355131,-2.4550012634756513,10.750521777026961,8.29552051355131,-2.4550012634756513,9.125,-20.125,False,no_flip,True,1.396546496078372
53,calibration,self,psychometrics,5,adaptive_rescue,False,6,neuronpedia_global,all_prompt_positions_and_generated_tokens,question_mark,77,,,98,True,1.0,1.8,1.0,评价,vocab_token:97817,97817,33e7d0a9523a0c229af71fe72e9d2bec61350f547675569a386512d996b5a0d1,36,word_filtered_appearance_fallback,96,48,word_filtered_rank,CORRECT,CORRECT,CORRECT,CORRECT,True,True,CORRECT/INCORRECT,CORRECT,True,True,True,10.750521777026961,7.561207890918013,-3.1893138861089483,10.750521777026961,7.561207890918013,-3.1893138861089483,9.125,20.75,False,no_flip,True,1.3855055645108223
53,calibration,self,psychometrics,5,adaptive_rescue,False,7,neuronpedia_global,all_prompt_positions_and_generated_tokens,question_mark,77,,,98,True,1.0,-1.7,-1.0,评估,vocab_token:99973,99973,c55ca3df206b88ee4dcaf291e77b8830ab68243ed25460e77d6d850604e7a107,40,alternate_candidate_preferred_layer,14,3,word_filtered_rank,CORRECT,CORRECT,CORRECT,CORRECT,True,True,CORRECT/INCORRECT,CORRECT,True,True,True,10.750521777026961,1.2364919027813812,-9.51402987424558,10.750521777026961,1.2364919027813812,-9.51402987424558,13.625,-29.5,False,no_flip,True,1.4167152233421803
53,calibration,self,psychometrics,5,adaptive_rescue,False,8,neuronpedia_global,all_prompt_positions_and_generated_tokens,question_mark,77,,,98,True,1.0,1.8,1.0,评估,vocab_token:99973,99973,c55ca3df206b88ee4dcaf291e77b8830ab68243ed25460e77d6d850604e7a107,40,alternate_candidate_preferred_layer,14,3,word_filtered_rank,CORRECT,CORRECT,Correct,CORRECT,True,True,CORRECT/INCORRECT,CORRECT,True,True,True,10.750521777026961,14.206501471693628,3.4559796946666665,10.750521777026961,14.206501471693628,3.4559796946666665,13.625,28.5,False,no_flip,True,1.2276280466467142
53,calibration,self,psychometrics,5,adaptive_rescue,False,9,neuronpedia_global,all_prompt_positions_and_generated_tokens,question_mark,77,,,98,True,1.0,-1.7,-1.0,评估,vocab_token:99973,99973,677f4db3e9b5283cb7888ea4477f7df9c3b4a1458022f85a542bbf93c88ca10a,34,word_filtered_appearance_fallback,135,36,word_filtered_rank,CORRECT,CORRECT,"CORRECT
",CORRECT,True,True,CORRECT/INCORRECT,CORRECT,True,True,True,10.750521777026961,11.673573803156614,0.9230520261296533,10.750521777026961,11.673573803156614,0.9230520261296533,8.625,-18.75,False,no_flip,True,1.3886374458670616
53,calibration,self,psychometrics,5,adaptive_rescue,False,10,neuronpedia_global,all_prompt_positions_and_generated_tokens,question_mark,77,,,98,True,1.0,1.8,1.0,评估,vocab_token:99973,99973,677f4db3e9b5283cb7888ea4477f7df9c3b4a1458022f85a542bbf93c88ca10a,34,word_filtered_appearance_fallback,135,36,word_filtered_rank,CORRECT,CORRECT,The assessment是合理的，因为题目评估,,True,False,CORRECT/INCORRECT,CORRECT,True,True,False,10.750521777026961,11.375633001327515,0.6251112243005537,10.750521777026961,11.375633001327515,0.6251112243005537,8.625,18.25,False,no_flip,True,2.152898071333766
54,calibration,self,psychophysics,5,frozen_primary,True,1,neuronpedia_global,all_prompt_positions_and_generated_tokens,question_mark,81,,,102,True,1.0,-1.7,-1.0,评价,vocab_token:97817,97817,8a87e6e3f1867b77d6b1e41a3304949df1310120316964b73eb3391f0877cfb6,40,frozen_primary_layer,23,7,word_filtered_rank,CORRECT,CORRECT,INCORRECT,INCORRECT,True,True,CORRECT/INCORRECT,CORRECT,True,True,False,9.010946819922879,-0.06839026900706813,-9.079337088929947,9.010946819922879,-0.06839026900706813,-9.079337088929947,12.8125,-28.375,True,worsened,True,1.592303341254592
54,calibration,self,psychophysics,5,frozen_primary,True,2,neuronpedia_global,all_prompt_positions_and_generated_tokens,question_mark,81,,,102,True,1.0,1.8,1.0,评价,vocab_token:97817,97817,8a87e6e3f1867b77d6b1e41a3304949df1310120316964b73eb3391f0877cfb6,40,frozen_primary_layer,23,7,word_filtered_rank,CORRECT,CORRECT,CORRECT,CORRECT,True,True,CORRECT/INCORRECT,CORRECT,True,True,True,9.010946819922879,9.568660128861666,0.5577133089387871,9.010946819922879,9.568660128861666,0.5577133089387871,12.8125,28.75,False,no_flip,True,1.3908745553344488
55,calibration,self,neuroscience,5,frozen_primary,True,1,neuronpedia_global,all_prompt_positions_and_generated_tokens,question_mark,81,,,102,True,1.0,-1.7,-1.0,评价,vocab_token:97817,97817,8a87e6e3f1867b77d6b1e41a3304949df1310120316964b73eb3391f0877cfb6,40,frozen_primary_layer,18,5,word_filtered_rank,CORRECT,CORRECT,INCORRECT,INCORRECT,True,True,CORRECT/INCORRECT,CORRECT,True,True,False,7.629971638923394,-0.7415924716333393,-8.371564110556733,7.629971638923394,-0.7415924716333393,-8.371564110556733,13.1875,-28.5,True,worsened,True,1.5435379892587662
55,calibration,self,neuroscience,5,frozen_primary,True,2,neuronpedia_global,all_prompt_positions_and_generated_tokens,question_mark,81,,,102,True,1.0,1.8,1.0,评价,vocab_token:97817,97817,8a87e6e3f1867b77d6b1e41a3304949df1310120316964b73eb3391f0877cfb6,40,frozen_primary_layer,18,5,word_filtered_rank,CORRECT,CORRECT,CORRECT,CORRECT,True,True,CORRECT/INCORRECT,CORRECT,True,True,True,7.629971638923394,9.897188511677086,2.2672168727536928,7.629971638923394,9.897188511677086,2.2672168727536928,13.1875,28.625,False,no_flip,True,1.374059809371829
56,calibration,self,psychology,6,frozen_primary,True,1,neuronpedia_global,all_prompt_positions_and_generated_tokens,question_mark,91,,,112,True,1.0,-1.7,-1.0,评价,vocab_token:97817,97817,8a87e6e3f1867b77d6b1e41a3304949df1310120316964b73eb3391f0877cfb6,40,frozen_primary_layer,17,4,word_filtered_rank,CORRECT,CORRECT,INCORRECT,INCORRECT,True,True,CORRECT/INCORRECT,CORRECT,True,True,False,5.125157207709435,-0.6037658671266399,-5.728923074836075,5.125157207709435,-0.6037658671266399,-5.728923074836075,13.0625,-28.375,True,worsened,True,1.5273177791386843
56,calibration,self,psychology,6,frozen_primary,True,2,neuronpedia_global,all_prompt_positions_and_generated_tokens,question_mark,91,,,112,True,1.0,1.8,1.0,评价,vocab_token:97817,97817,8a87e6e3f1867b77d6b1e41a3304949df1310120316964b73eb3391f0877cfb6,40,frozen_primary_layer,17,4,word_filtered_rank,CORRECT,CORRECT,CORRECT,CORRECT,True,True,CORRECT/INCORRECT,CORRECT,True,True,True,5.125157207709435,9.56525416765362,4.440096959944185,5.125157207709435,9.56525416765362,4.440096959944185,13.0625,28.625,False,no_flip,True,1.3858211115002632
57,calibration,self,statistics,6,frozen_primary,True,1,neuronpedia_global,all_prompt_positions_and_generated_tokens,question_mark,94,,,115,True,1.0,-1.7,-1.0,评价,vocab_token:97817,97817,8a87e6e3f1867b77d6b1e41a3304949df1310120316964b73eb3391f0877cfb6,40,frozen_primary_layer,12,3,word_filtered_rank,CORRECT,CORRECT,INCORRECT,INCORRECT,True,True,CORRECT/INCORRECT,INCORRECT,False,False,True,4.12512669585044,0.2945594082120806,-3.8305672876383596,-4.12512669585044,-0.2945594082120806,3.8305672876383596,12.625,-28.5,True,improved,True,1.5422209817916155
57,calibration,self,statistics,6,frozen_primary,True,2,neuronpedia_global,all_prompt_positions_and_generated_tokens,question_mark,94,,,115,True,1.0,1.8,1.0,评价,vocab_token:97817,97817,8a87e6e3f1867b77d6b1e41a3304949df1310120316964b73eb3391f0877cfb6,40,frozen_primary_layer,12,3,word_filtered_rank,CORRECT,CORRECT,CORRECT,CORRECT,True,True,CORRECT/INCORRECT,INCORRECT,False,False,False,4.12512669585044,7.816122849471867,3.690996153621427,-4.12512669585044,-7.816122849471867,-3.690996153621427,12.625,28.5,False,no_flip,True,1.3770574498921633
58,calibration,self,neuropsychology,6,frozen_primary,True,1,neuronpedia_global,all_prompt_positions_and_generated_tokens,question_mark,76,,,97,True,1.0,-1.7,-1.0,评价,vocab_token:97817,97817,8a87e6e3f1867b77d6b1e41a3304949df1310120316964b73eb3391f0877cfb6,40,frozen_primary_layer,22,5,word_filtered_rank,CORRECT,CORRECT,CORRECT,CORRECT,True,True,CORRECT/INCORRECT,CORRECT,True,True,True,12.375310150250812,0.6277276767359581,-11.747582473514854,12.375310150250812,0.6277276767359581,-11.747582473514854,13.0,-28.5,False,no_flip,True,1.3835210017859936
58,calibration,self,neuropsychology,6,frozen_primary,True,2,neuronpedia_global,all_prompt_positions_and_generated_tokens,question_mark,76,,,97,True,1.0,1.8,1.0,评价,vocab_token:97817,97817,8a87e6e3f1867b77d6b1e41a3304949df1310120316964b73eb3391f0877cfb6,40,frozen_primary_layer,22,5,word_filtered_rank,CORRECT,CORRECT,CORRECT,CORRECT,True,True,CORRECT/INCORRECT,CORRECT,True,True,True,12.375310150250812,10.422514035366476,-1.952796114884336,12.375310150250812,10.422514035366476,-1.952796114884336,13.0,28.625,False,no_flip,True,1.3852570559829473
58,calibration,self,neuropsychology,6,adaptive_rescue,False,3,neuronpedia_global,all_prompt_positions_and_generated_tokens,question_mark,76,,,97,True,1.0,-1.7,-1.0,评价,vocab_token:97817,97817,73c683f129559da9c009e22ae409cac0b6d96ba20351cea4ec1fb27f162c843c,35,word_filtered_appearance_fallback,153,47,word_filtered_rank,CORRECT,CORRECT,CORRET,,True,False,CORRECT/INCORRECT,CORRECT,True,True,False,12.375310150250812,5.76835214626044,-6.606958003990371,12.375310150250812,5.76835214626044,-6.606958003990371,8.3125,-19.0,False,no_flip,True,1.3904273100197315
58,calibration,self,neuropsychology,6,adaptive_rescue,False,4,neuronpedia_global,all_prompt_positions_and_generated_tokens,question_mark,76,,,97,True,1.0,1.8,1.0,评价,vocab_token:97817,97817,73c683f129559da9c009e22ae409cac0b6d96ba20351cea4ec1fb27f162c843c,35,word_filtered_appearance_fallback,153,47,word_filtered_rank,CORRECT,CORRECT,CORRECT,CORRECT,True,True,CORRECT/INCORRECT,CORRECT,True,True,True,12.375310150250812,16.87997501483187,4.504664864581059,12.375310150250812,16.87997501483187,4.504664864581059,8.3125,19.125,False,no_flip,True,1.5029491353780031
58,calibration,self,neuropsychology,6,adaptive_rescue,False,5,neuronpedia_global,all_prompt_positions_and_generated_tokens,question_mark,76,,,97,True,1.0,-1.7,-1.0,评价,vocab_token:97817,97817,33e7d0a9523a0c229af71fe72e9d2bec61350f547675569a386512d996b5a0d1,36,word_filtered_appearance_fallback,99,45,word_filtered_rank,CORRECT,CORRECT,CORRECT,CORRECT,True,True,CORRECT/INCORRECT,CORRECT,True,True,True,12.375310150250812,5.782040953752585,-6.593269196498227,12.375310150250812,5.782040953752585,-6.593269196498227,8.875,-20.0,False,no_flip,True,1.378973724320531
58,calibration,self,neuropsychology,6,adaptive_rescue,False,6,neuronpedia_global,all_prompt_positions_and_generated_tokens,question_mark,76,,,97,True,1.0,1.8,1.0,评价,vocab_token:97817,97817,33e7d0a9523a0c229af71fe72e9d2bec61350f547675569a386512d996b5a0d1,36,word_filtered_appearance_fallback,99,45,word_filtered_rank,CORRECT,CORRECT,CORRECT,CORRECT,True,True,CORRECT/INCORRECT,CORRECT,True,True,True,12.375310150250812,11.432187501864973,-0.9431226483858381,12.375310150250812,11.432187501864973,-0.9431226483858381,8.875,20.875,False,no_flip,True,1.386404275894165
58,calibration,self,neuropsychology,6,adaptive_rescue,False,7,neuronpedia_global,all_prompt_positions_and_generated_tokens,question_mark,76,,,97,True,1.0,-1.7,-1.0,评估,vocab_token:99973,99973,c55ca3df206b88ee4dcaf291e77b8830ab68243ed25460e77d6d850604e7a107,40,alternate_candidate_preferred_layer,17,3,word_filtered_rank,CORRECT,CORRECT,CORRECT,CORRECT,True,True,CORRECT/INCORRECT,CORRECT,True,True,True,12.375310150250812,2.377723927617808,-9.997586222633004,12.375310150250812,2.377723927617808,-9.997586222633004,13.375,-29.5,False,no_flip,True,1.3785665687173605
58,calibration,self,neuropsychology,6,adaptive_rescue,False,8,neuronpedia_global,all_prompt_positions_and_generated_tokens,question_mark,76,,,97,True,1.0,1.8,1.0,评估,vocab_token:99973,99973,c55ca3df206b88ee4dcaf291e77b8830ab68243ed25460e77d6d850604e7a107,40,alternate_candidate_preferred_layer,17,3,word_filtered_rank,CORRECT,CORRECT,CORRECT,CORRECT,True,True,CORRECT/INCORRECT,CORRECT,True,True,True,12.375310150250812,14.810038897296181,2.4347287470453693,12.375310150250812,14.810038897296181,2.4347287470453693,13.375,28.5,False,no_flip,True,1.3794017992913723
58,calibration,self,neuropsychology,6,adaptive_rescue,False,9,neuronpedia_global,all_prompt_positions_and_generated_tokens,question_mark,76,,,97,True,1.0,-1.7,-1.0,评估,vocab_token:99973,99973,677f4db3e9b5283cb7888ea4477f7df9c3b4a1458022f85a542bbf93c88ca10a,34,word_filtered_appearance_fallback,143,38,word_filtered_rank,CORRECT,CORRECT,CORRECT,CORRECT,True,True,CORRECT/INCORRECT,CORRECT,True,True,True,12.375310150250812,11.402809811756015,-0.9725003384947968,12.375310150250812,11.402809811756015,-0.9725003384947968,8.375,-18.75,False,no_flip,True,1.3908227756619453
58,calibration,self,neuropsychology,6,adaptive_rescue,False,10,neuronpedia_global,all_prompt_positions_and_generated_tokens,question_mark,76,,,97,True,1.0,1.8,1.0,评估,vocab_token:99973,99973,677f4db3e9b5283cb7888ea4477f7df9c3b4a1458022f85a542bbf93c88ca10a,34,word_filtered_appearance_fallback,143,38,word_filtered_rank,CORRECT,CORRECT,The Wisconsin,,True,False,CORRECT/INCORRECT,CORRECT,True,True,False,12.375310150250812,12.448735393583775,0.07342524333296296,12.375310150250812,12.448735393583775,0.07342524333296296,8.375,18.25,False,no_flip,True,1.3832499366253614
59,calibration,self,economics,6,frozen_primary,True,1,neuronpedia_global,all_prompt_positions_and_generated_tokens,question_mark,87,,,108,True,1.0,-1.7,-1.0,评价,vocab_token:97817,97817,8a87e6e3f1867b77d6b1e41a3304949df1310120316964b73eb3391f0877cfb6,40,frozen_primary_layer,19,4,word_filtered_rank,CORRECT,CORRECT,CORRECT,CORRECT,True,True,CORRECT/INCORRECT,CORRECT,True,True,True,9.503201006242477,0.14787321086623706,-9.35532779537624,9.503201006242477,0.14787321086623706,-9.35532779537624,13.5,-28.375,False,no_flip,True,1.4901034105569124
59,calibration,self,economics,6,frozen_primary,True,2,neuronpedia_global,all_prompt_positions_and_generated_tokens,question_mark,87,,,108,True,1.0,1.8,1.0,评价,vocab_token:97817,97817,8a87e6e3f1867b77d6b1e41a3304949df1310120316964b73eb3391f0877cfb6,40,frozen_primary_layer,19,4,word_filtered_rank,CORRECT,CORRECT,CORRECT,CORRECT,True,True,CORRECT/INCORRECT,CORRECT,True,True,True,9.503201006242477,10.633198897354305,1.1299978911118274,9.503201006242477,10.633198897354305,1.1299978911118274,13.5,28.875,False,no_flip,True,1.392968887463212
59,calibration,self,economics,6,adaptive_rescue,False,3,neuronpedia_global,all_prompt_positions_and_generated_tokens,question_mark,87,,,108,True,1.0,-1.7,-1.0,评价,vocab_token:97817,97817,73c683f129559da9c009e22ae409cac0b6d96ba20351cea4ec1fb27f162c843c,35,word_filtered_appearance_fallback,132,37,word_filtered_rank,CORRECT,CORRECT,"CORRET
",,True,False,CORRECT/INCORRECT,CORRECT,True,True,False,9.503201006242477,6.659513002261519,-2.843688003980958,9.503201006242477,6.659513002261519,-2.843688003980958,8.8125,-19.0,False,no_flip,True,1.3813457619398832
59,calibration,self,economics,6,adaptive_rescue,False,4,neuronpedia_global,all_prompt_positions_and_generated_tokens,question_mark,87,,,108,True,1.0,1.8,1.0,评价,vocab_token:97817,97817,73c683f129559da9c009e22ae409cac0b6d96ba20351cea4ec1fb27f162c843c,35,word_filtered_appearance_fallback,132,37,word_filtered_rank,CORRECT,CORRECT,CORRECT,CORRECT,True,True,CORRECT/INCORRECT,CORRECT,True,True,True,9.503201006242477,16.33133377926424,6.828132773021764,9.503201006242477,16.33133377926424,6.828132773021764,8.8125,19.25,False,no_flip,True,1.3857883233577013
59,calibration,self,economics,6,adaptive_rescue,False,5,neuronpedia_global,all_prompt_positions_and_generated_tokens,question_mark,87,,,108,True,1.0,-1.7,-1.0,评价,vocab_token:97817,97817,33e7d0a9523a0c229af71fe72e9d2bec61350f547675569a386512d996b5a0d1,36,word_filtered_appearance_fallback,96,44,word_filtered_rank,CORRECT,CORRECT,CORRECT,CORRECT,True,True,CORRECT/INCORRECT,CORRECT,True,True,True,9.503201006242477,9.966679540113546,0.4634785338710685,9.503201006242477,9.966679540113546,0.4634785338710685,9.125,-20.0,False,no_flip,True,1.378035843372345
59,calibration,self,economics,6,adaptive_rescue,False,6,neuronpedia_global,all_prompt_positions_and_generated_tokens,question_mark,87,,,108,True,1.0,1.8,1.0,评价,vocab_token:97817,97817,33e7d0a9523a0c229af71fe72e9d2bec61350f547675569a386512d996b5a0d1,36,word_filtered_appearance_fallback,96,44,word_filtered_rank,CORRECT,CORRECT,CORRECT,CORRECT,True,True,CORRECT/INCORRECT,CORRECT,True,True,True,9.503201006242477,12.734885204874445,3.2316841986319673,9.503201006242477,12.734885204874445,3.2316841986319673,9.125,20.875,False,no_flip,True,1.3830073475837708
59,calibration,self,economics,6,adaptive_rescue,False,7,neuronpedia_global,all_prompt_positions_and_generated_tokens,question_mark,87,,,108,True,1.0,-1.7,-1.0,评估,vocab_token:99973,99973,c55ca3df206b88ee4dcaf291e77b8830ab68243ed25460e77d6d850604e7a107,40,alternate_candidate_preferred_layer,18,3,word_filtered_rank,CORRECT,CORRECT,CORRECT,CORRECT,True,True,CORRECT/INCORRECT,CORRECT,True,True,True,9.503201006242477,2.916841343906526,-6.586359662335951,9.503201006242477,2.916841343906526,-6.586359662335951,13.5625,-29.25,False,no_flip,True,1.3827902600169182
59,calibration,self,economics,6,adaptive_rescue,False,8,neuronpedia_global,all_prompt_positions_and_generated_tokens,question_mark,87,,,108,True,1.0,1.8,1.0,评估,vocab_token:99973,99973,c55ca3df206b88ee4dcaf291e77b8830ab68243ed25460e77d6d850604e7a107,40,alternate_candidate_preferred_layer,18,3,word_filtered_rank,CORRECT,CORRECT,CORRECT,CORRECT,True,True,CORRECT/INCORRECT,CORRECT,True,True,True,9.503201006242477,14.53399032066227,5.030789314419792,9.503201006242477,14.53399032066227,5.030789314419792,13.5625,28.75,False,no_flip,True,1.3809508569538593
59,calibration,self,economics,6,adaptive_rescue,False,9,neuronpedia_global,all_prompt_positions_and_generated_tokens,question_mark,87,,,108,True,1.0,-1.7,-1.0,评估,vocab_token:99973,99973,677f4db3e9b5283cb7888ea4477f7df9c3b4a1458022f85a542bbf93c88ca10a,34,word_filtered_appearance_fallback,139,35,word_filtered_rank,CORRECT,CORRECT,CORRECT,CORRECT,True,True,CORRECT/INCORRECT,CORRECT,True,True,True,9.503201006242477,10.95282079372555,1.4496197874830727,9.503201006242477,10.95282079372555,1.4496197874830727,8.6875,-18.625,False,no_flip,True,1.3761963061988354
59,calibration,self,economics,6,adaptive_rescue,False,10,neuronpedia_global,all_prompt_positions_and_generated_tokens,question_mark,87,,,108,True,1.0,1.8,1.0,评估,vocab_token:99973,99973,677f4db3e9b5283cb7888ea4477f7df9c3b4a1458022f85a542bbf93c88ca10a,34,word_filtered_appearance_fallback,139,35,word_filtered_rank,CORRECT,CORRECT,The evaluation过程是合理的，因为Good,,True,False,CORRECT/INCORRECT,CORRECT,True,True,False,9.503201006242477,14.51089521497488,5.007694208732403,9.503201006242477,14.51089521497488,5.007694208732403,8.6875,18.25,False,no_flip,True,2.1437116842716932
60,calibration,self,psychology,6,frozen_primary,True,1,neuronpedia_global,all_prompt_positions_and_generated_tokens,question_mark,88,,,109,True,1.0,-1.7,-1.0,评价,vocab_token:97817,97817,8a87e6e3f1867b77d6b1e41a3304949df1310120316964b73eb3391f0877cfb6,40,frozen_primary_layer,20,4,word_filtered_rank,CORRECT,CORRECT,INCORRECT,INCORRECT,True,True,CORRECT/INCORRECT,CORRECT,True,True,False,6.37512244616255,-0.3301609692280181,-6.705283415390568,6.37512244616255,-0.3301609692280181,-6.705283415390568,12.5625,-28.625,True,worsened,True,1.5371994283050299
60,calibration,self,psychology,6,frozen_primary,True,2,neuronpedia_global,all_prompt_positions_and_generated_tokens,question_mark,88,,,109,True,1.0,1.8,1.0,评价,vocab_token:97817,97817,8a87e6e3f1867b77d6b1e41a3304949df1310120316964b73eb3391f0877cfb6,40,frozen_primary_layer,20,4,word_filtered_rank,CORRECT,CORRECT,CORRECT,CORRECT,True,True,CORRECT/INCORRECT,CORRECT,True,True,True,6.37512244616255,8.778428685851395,2.4033062396888454,6.37512244616255,8.778428685851395,2.4033062396888454,12.5625,28.5,False,no_flip,True,1.3798285890370607
61,calibration,self,psychology,6,frozen_primary,True,1,neuronpedia_global,all_prompt_positions_and_generated_tokens,question_mark,85,,,106,True,1.0,-1.7,-1.0,评价,vocab_token:97817,97817,8a87e6e3f1867b77d6b1e41a3304949df1310120316964b73eb3391f0877cfb6,40,frozen_primary_layer,21,5,word_filtered_rank,CORRECT,CORRECT,INCORRECT,INCORRECT,True,True,CORRECT/INCORRECT,CORRECT,True,True,False,2.000092531869768,-0.8657332195434719,-2.86582575141324,2.000092531869768,-0.8657332195434719,-2.86582575141324,12.9375,-28.375,True,worsened,True,1.5364936739206314
61,calibration,self,psychology,6,frozen_primary,True,2,neuronpedia_global,all_prompt_positions_and_generated_tokens,question_mark,85,,,106,True,1.0,1.8,1.0,评价,vocab_token:97817,97817,8a87e6e3f1867b77d6b1e41a3304949df1310120316964b73eb3391f0877cfb6,40,frozen_primary_layer,21,5,word_filtered_rank,CORRECT,CORRECT,CORRECT,CORRECT,True,True,CORRECT/INCORRECT,CORRECT,True,True,True,2.000092531869768,7.806906179059297,5.806813647189529,2.000092531869768,7.806906179059297,5.806813647189529,12.9375,28.75,False,no_flip,True,1.386693025007844
62,calibration,self,methodology,6,frozen_primary,True,1,neuronpedia_global,all_prompt_positions_and_generated_tokens,question_mark,87,,,108,True,1.0,-1.7,-1.0,评价,vocab_token:97817,97817,8a87e6e3f1867b77d6b1e41a3304949df1310120316964b73eb3391f0877cfb6,40,frozen_primary_layer,23,5,word_filtered_rank,CORRECT,CORRECT,INCORRECT,INCORRECT,True,True,CORRECT/INCORRECT,CORRECT,True,True,False,6.1271266588202025,-0.2994019049219787,-6.426528563742181,6.1271266588202025,-0.2994019049219787,-6.426528563742181,12.25,-28.625,True,worsened,True,1.5280959401279688
62,calibration,self,methodology,6,frozen_primary,True,2,neuronpedia_global,all_prompt_positions_and_generated_tokens,question_mark,87,,,108,True,1.0,1.8,1.0,评价,vocab_token:97817,97817,8a87e6e3f1867b77d6b1e41a3304949df1310120316964b73eb3391f0877cfb6,40,frozen_primary_layer,23,5,word_filtered_rank,CORRECT,CORRECT,CORRECT,CORRECT,True,True,CORRECT/INCORRECT,CORRECT,True,True,True,6.1271266588202025,8.836949605494738,2.709822946674535,6.1271266588202025,8.836949605494738,2.709822946674535,12.25,28.5,False,no_flip,True,1.3727046605199575
63,calibration,self,neuroscience,6,frozen_primary,True,1,neuronpedia_global,all_prompt_positions_and_generated_tokens,question_mark,92,,,113,True,1.0,-1.7,-1.0,评价,vocab_token:97817,97817,8a87e6e3f1867b77d6b1e41a3304949df1310120316964b73eb3391f0877cfb6,40,frozen_primary_layer,20,5,word_filtered_rank,CORRECT,CORRECT,"INCORRECT

",INCORRECT,True,True,CORRECT/INCORRECT,CORRECT,True,True,False,5.62631799313931,-0.2964971979963593,-5.922815191135669,5.62631799313931,-0.2964971979963593,-5.922815191135669,12.375,-28.75,True,worsened,True,1.5240588672459126
63,calibration,self,neuroscience,6,frozen_primary,True,2,neuronpedia_global,all_prompt_positions_and_generated_tokens,question_mark,92,,,113,True,1.0,1.8,1.0,评价,vocab_token:97817,97817,8a87e6e3f1867b77d6b1e41a3304949df1310120316964b73eb3391f0877cfb6,40,frozen_primary_layer,20,5,word_filtered_rank,CORRECT,CORRECT,CORRECT,CORRECT,True,True,CORRECT/INCORRECT,CORRECT,True,True,True,5.62631799313931,7.63340489147231,2.007086898333,5.62631799313931,7.63340489147231,2.007086898333,12.375,28.375,False,no_flip,True,1.3819651957601309
64,calibration,self,linguistics,6,frozen_primary,True,1,neuronpedia_global,all_prompt_positions_and_generated_tokens,question_mark,82,,,103,True,1.0,-1.7,-1.0,评价,vocab_token:97817,97817,8a87e6e3f1867b77d6b1e41a3304949df1310120316964b73eb3391f0877cfb6,40,frozen_primary_layer,22,5,word_filtered_rank,CORRECT,CORRECT,INCORRECT,INCORRECT,True,True,CORRECT/INCORRECT,CORRECT,True,True,False,11.253633160544496,0.005786832276498899,-11.247846328267997,11.253633160544496,0.005786832276498899,-11.247846328267997,13.125,-28.625,True,worsened,True,1.5422856118530035
64,calibration,self,linguistics,6,frozen_primary,True,2,neuronpedia_global,all_prompt_positions_and_generated_tokens,question_mark,82,,,103,True,1.0,1.8,1.0,评价,vocab_token:97817,97817,8a87e6e3f1867b77d6b1e41a3304949df1310120316964b73eb3391f0877cfb6,40,frozen_primary_layer,22,5,word_filtered_rank,CORRECT,CORRECT,CORRECT,CORRECT,True,True,CORRECT/INCORRECT,CORRECT,True,True,True,11.253633160544496,10.95891576539725,-0.29471739514724504,11.253633160544496,10.95891576539725,-0.29471739514724504,13.125,28.625,False,no_flip,True,1.3798752054572105
65,calibration,self,psychophysics,6,frozen_primary,True,1,neuronpedia_global,all_prompt_positions_and_generated_tokens,question_mark,84,,,105,True,1.0,-1.7,-1.0,评价,vocab_token:97817,97817,8a87e6e3f1867b77d6b1e41a3304949df1310120316964b73eb3391f0877cfb6,40,frozen_primary_layer,18,6,word_filtered_rank,CORRECT,CORRECT,INCORrent,,True,False,CORRECT/INCORRECT,CORRECT,True,True,False,2.500706103446646,0.23486158635932952,-2.2658445170873165,2.500706103446646,0.23486158635932952,-2.2658445170873165,12.3125,-28.75,False,no_flip,True,1.5310977045446634
65,calibration,self,psychophysics,6,frozen_primary,True,2,neuronpedia_global,all_prompt_positions_and_generated_tokens,question_mark,84,,,105,True,1.0,1.8,1.0,评价,vocab_token:97817,97817,8a87e6e3f1867b77d6b1e41a3304949df1310120316964b73eb3391f0877cfb6,40,frozen_primary_layer,18,6,word_filtered_rank,CORRECT,CORRECT,CORRECT,CORRECT,True,True,CORRECT/INCORRECT,CORRECT,True,True,True,2.500706103446646,7.239032099954784,4.738325996508138,2.500706103446646,7.239032099954784,4.738325996508138,12.3125,28.375,False,no_flip,True,1.373458644375205
65,calibration,self,psychophysics,6,adaptive_rescue,False,3,neuronpedia_global,all_prompt_positions_and_generated_tokens,question_mark,84,,,105,True,1.0,-1.7,-1.0,评价,vocab_token:97817,97817,38a2103d6eb1331222dcfc1694ba03ed98cef72166146bd7e61babe0b81b121f,38,word_filtered_appearance_fallback,27,7,word_filtered_rank,CORRECT,CORRECT,INCOR,,True,False,CORRECT/INCORRECT,CORRECT,True,True,False,2.500706103446646,9.528189320932142,7.027483217485496,2.500706103446646,9.528189320932142,7.027483217485496,11.1875,-23.5,False,no_flip,True,1.3812987208366394
65,calibration,self,psychophysics,6,adaptive_rescue,False,4,neuronpedia_global,all_prompt_positions_and_generated_tokens,question_mark,84,,,105,True,1.0,1.8,1.0,评价,vocab_token:97817,97817,38a2103d6eb1331222dcfc1694ba03ed98cef72166146bd7e61babe0b81b121f,38,word_filtered_appearance_fallback,27,7,word_filtered_rank,CORRECT,CORRECT,CORRECT,CORRECT,True,True,CORRECT/INCORRECT,CORRECT,True,True,True,2.500706103446646,4.718541134381667,2.2178350309350208,2.500706103446646,4.718541134381667,2.2178350309350208,11.1875,24.25,False,no_flip,True,1.3742842860519886
65,calibration,self,psychophysics,6,adaptive_rescue,False,5,neuronpedia_global,all_prompt_positions_and_generated_tokens,question_mark,84,,,105,True,1.0,-1.7,-1.0,评价,vocab_token:97817,97817,26cad2d8396684e9be3186d3bcac71f4011897fc8508aaae9388c0ef27f44dba,39,word_filtered_appearance_fallback,19,8,word_filtered_rank,CORRECT,CORRECT,"INCORANT
",,True,False,CORRECT/INCORRECT,CORRECT,True,True,False,2.500706103446646,6.632011640584096,4.13130553713745,2.500706103446646,6.632011640584096,4.13130553713745,12.0625,-25.875,False,no_flip,True,1.530177989974618
65,calibration,self,psychophysics,6,adaptive_rescue,False,6,neuronpedia_global,all_prompt_positions_and_generated_tokens,question_mark,84,,,105,True,1.0,1.8,1.0,评价,vocab_token:97817,97817,26cad2d8396684e9be3186d3bcac71f4011897fc8508aaae9388c0ef27f44dba,39,word_filtered_appearance_fallback,19,8,word_filtered_rank,CORRECT,CORRECT,EXPLAIN ONLY,,True,False,CORRECT/INCORRECT,CORRECT,True,True,False,2.500706103446646,5.328321665525436,2.8276155620787904,2.500706103446646,5.328321665525436,2.8276155620787904,12.0625,26.25,False,no_flip,True,1.5313218217343092
65,calibration,self,psychophysics,6,adaptive_rescue,False,7,neuronpedia_global,all_prompt_positions_and_generated_tokens,question_mark,84,,,105,True,1.0,-1.7,-1.0,评估,vocab_token:99973,99973,c55ca3df206b88ee4dcaf291e77b8830ab68243ed25460e77d6d850604e7a107,40,alternate_candidate_preferred_layer,22,9,word_filtered_rank,CORRECT,CORRECT,INCORRECT,INCORRECT,True,True,CORRECT/INCORRECT,CORRECT,True,True,False,2.500706103446646,0.34517457807487517,-2.155531525371771,2.500706103446646,0.34517457807487517,-2.155531525371771,12.0625,-29.75,True,worsened,True,1.5381339080631733
65,calibration,self,psychophysics,6,adaptive_rescue,False,8,neuronpedia_global,all_prompt_positions_and_generated_tokens,question_mark,84,,,105,True,1.0,1.8,1.0,评估,vocab_token:99973,99973,c55ca3df206b88ee4dcaf291e77b8830ab68243ed25460e77d6d850604e7a107,40,alternate_candidate_preferred_layer,22,9,word_filtered_rank,CORRECT,CORRECT,Correct,CORRECT,True,True,CORRECT/INCORRECT,CORRECT,True,True,True,2.500706103446646,6.87763641460333,4.376930311156684,2.500706103446646,6.87763641460333,4.376930311156684,12.0625,28.25,False,no_flip,True,1.220496091991663
66,prospective,self,chemistry,easy,frozen_primary,True,1,neuronpedia_global,all_prompt_positions_and_generated_tokens,question_mark,108,,,128,True,1.0,-1.7,-1.0,评价,vocab_token:97817,97817,8a87e6e3f1867b77d6b1e41a3304949df1310120316964b73eb3391f0877cfb6,40,frozen_primary_layer,31,5,word_filtered_rank,PASS,PASS,PASS,PASS,True,True,PASS/FAIL,PASS,True,True,True,9.50000036299025,3.1249999552965164,-6.375000407693733,9.50000036299025,3.1249999552965164,-6.375000407693733,12.25,-28.25,False,no_flip,True,0.7675066441297531
66,prospective,self,chemistry,easy,frozen_primary,True,2,neuronpedia_global,all_prompt_positions_and_generated_tokens,question_mark,108,,,128,True,1.0,1.8,1.0,评价,vocab_token:97817,97817,8a87e6e3f1867b77d6b1e41a3304949df1310120316964b73eb3391f0877cfb6,40,frozen_primary_layer,31,5,word_filtered_rank,PASS,PASS,PASS,PASS,True,True,PASS/FAIL,PASS,True,True,True,9.50000036299025,6.874999835621566,-2.625000527368684,9.50000036299025,6.874999835621566,-2.625000527368684,12.25,29.0,False,no_flip,True,0.7645314391702414
66,prospective,self,chemistry,easy,adaptive_rescue,False,3,neuronpedia_global,all_prompt_positions_and_generated_tokens,question_mark,108,,,128,True,1.0,-1.7,-1.0,评价,vocab_token:97817,97817,bef85d6a374ddac25e42b95f1b4bb9f8131e2f89e34fae731ce1a6093bff97d7,34,word_filtered_appearance_fallback,208,49,word_filtered_rank,PASS,PASS,Na,,True,False,PASS/FAIL,PASS,True,True,False,9.50000036299025,2.3125,-7.187500362990249,9.50000036299025,2.3125,-7.187500362990249,8.375,-18.25,False,no_flip,True,0.7655981834977865
66,prospective,self,chemistry,easy,adaptive_rescue,False,4,neuronpedia_global,all_prompt_positions_and_generated_tokens,question_mark,108,,,128,True,1.0,1.8,1.0,评价,vocab_token:97817,97817,bef85d6a374ddac25e42b95f1b4bb9f8131e2f89e34fae731ce1a6093bff97d7,34,word_filtered_appearance_fallback,208,49,word_filtered_rank,PASS,PASS,PASS,PASS,True,True,PASS/FAIL,PASS,True,True,True,9.50000036299025,10.281250417232513,0.781250054242264,9.50000036299025,10.281250417232513,0.781250054242264,8.375,19.125,False,no_flip,True,0.7722359821200371
66,prospective,self,chemistry,easy,adaptive_rescue,False,5,neuronpedia_global,all_prompt_positions_and_generated_tokens,question_mark,108,,,128,True,1.0,-1.7,-1.0,评价,vocab_token:97817,97817,73c683f129559da9c009e22ae409cac0b6d96ba20351cea4ec1fb27f162c843c,35,word_filtered_appearance_fallback,135,30,word_filtered_rank,PASS,PASS,PASS,PASS,True,True,PASS/FAIL,PASS,True,True,True,9.50000036299025,5.437499970197678,-4.062500392792572,9.50000036299025,5.437499970197678,-4.062500392792572,9.3125,-18.625,False,no_flip,True,0.7702399399131536
66,prospective,self,chemistry,easy,adaptive_rescue,False,6,neuronpedia_global,all_prompt_positions_and_generated_tokens,question_mark,108,,,128,True,1.0,1.8,1.0,评价,vocab_token:97817,97817,73c683f129559da9c009e22ae409cac0b6d96ba20351cea4ec1fb27f162c843c,35,word_filtered_appearance_fallback,135,30,word_filtered_rank,PASS,PASS,PASS,PASS,True,True,PASS/FAIL,PASS,True,True,True,9.50000036299025,10.999999850988388,1.4999994879981386,9.50000036299025,10.999999850988388,1.4999994879981386,9.3125,19.625,False,no_flip,True,0.7698865849524736
66,prospective,self,chemistry,easy,adaptive_rescue,False,7,neuronpedia_global,all_prompt_positions_and_generated_tokens,question_mark,108,,,128,True,1.0,-1.7,-1.0,评估,vocab_token:99973,99973,c55ca3df206b88ee4dcaf291e77b8830ab68243ed25460e77d6d850604e7a107,40,alternate_candidate_preferred_layer,18,4,word_filtered_rank,PASS,PASS,PASS,PASS,True,True,PASS/FAIL,PASS,True,True,True,9.50000036299025,5.625000067055225,-3.875000295935024,9.50000036299025,5.625000067055225,-3.875000295935024,13.1875,-29.125,False,no_flip,True,0.7654000222682953
66,prospective,self,chemistry,easy,adaptive_rescue,False,8,neuronpedia_global,all_prompt_positions_and_generated_tokens,question_mark,108,,,128,True,1.0,1.8,1.0,评估,vocab_token:99973,99973,c55ca3df206b88ee4dcaf291e77b8830ab68243ed25460e77d6d850604e7a107,40,alternate_candidate_preferred_layer,18,4,word_filtered_rank,PASS,PASS,PASS,PASS,True,True,PASS/FAIL,PASS,True,True,True,9.50000036299025,11.374999607913196,1.8749992449229467,9.50000036299025,11.374999607913196,1.8749992449229467,13.1875,28.875,False,no_flip,True,0.7652868051081896
66,prospective,self,chemistry,easy,adaptive_rescue,False,9,neuronpedia_global,all_prompt_positions_and_generated_tokens,question_mark,108,,,128,True,1.0,-1.7,-1.0,评估,vocab_token:99973,99973,677f4db3e9b5283cb7888ea4477f7df9c3b4a1458022f85a542bbf93c88ca10a,34,word_filtered_appearance_fallback,170,37,word_filtered_rank,PASS,PASS,PASS,PASS,True,True,PASS/FAIL,PASS,True,True,True,9.50000036299025,5.062499761581421,-4.4375006014088285,9.50000036299025,5.062499761581421,-4.4375006014088285,8.8125,-18.5,False,no_flip,True,0.7649086751043797
66,prospective,self,chemistry,easy,adaptive_rescue,False,10,neuronpedia_global,all_prompt_positions_and_generated_tokens,question_mark,108,,,128,True,1.0,1.8,1.0,评估,vocab_token:99973,99973,677f4db3e9b5283cb7888ea4477f7df9c3b4a1458022f85a542bbf93c88ca10a,34,word_filtered_appearance_fallback,170,37,word_filtered_rank,PASS,PASS,PASS,PASS,True,True,PASS/FAIL,PASS,True,True,True,9.50000036299025,10.468750357627869,0.9687499946376192,9.50000036299025,10.468750357627869,0.9687499946376192,8.8125,18.5,False,no_flip,True,0.7792905773967505
67,prospective,self,history,easy,frozen_primary,True,1,neuronpedia_global,all_prompt_positions_and_generated_tokens,question_mark,112,,,132,True,1.0,-1.7,-1.0,评价,vocab_token:97817,97817,8a87e6e3f1867b77d6b1e41a3304949df1310120316964b73eb3391f0877cfb6,40,frozen_primary_layer,33,6,word_filtered_rank,PASS,PASS,PASS,PASS,True,True,PASS/FAIL,PASS,True,True,True,9.49999976624531,3.6250001043081284,-5.874999661937181,9.49999976624531,3.6250001043081284,-5.874999661937181,12.1875,-28.25,False,no_flip,True,0.7957323901355267
67,prospective,self,history,easy,frozen_primary,True,2,neuronpedia_global,all_prompt_positions_and_generated_tokens,question_mark,112,,,132,True,1.0,1.8,1.0,评价,vocab_token:97817,97817,8a87e6e3f1867b77d6b1e41a3304949df1310120316964b73eb3391f0877cfb6,40,frozen_primary_layer,33,6,word_filtered_rank,PASS,PASS,PASS,PASS,True,True,PASS/FAIL,PASS,True,True,True,9.49999976624531,6.250000160653144,-3.2499996055921656,9.49999976624531,6.250000160653144,-3.2499996055921656,12.1875,28.875,False,no_flip,True,0.8035225085914135
67,prospective,self,history,easy,adaptive_rescue,False,3,neuronpedia_global,all_prompt_positions_and_generated_tokens,question_mark,112,,,132,True,1.0,-1.7,-1.0,评价,vocab_token:97817,97817,73c683f129559da9c009e22ae409cac0b6d96ba20351cea4ec1fb27f162c843c,35,word_filtered_appearance_fallback,147,31,word_filtered_rank,PASS,PASS,PASS,PASS,True,True,PASS/FAIL,PASS,True,True,True,9.49999976624531,3.9999998658895493,-5.4999999003557605,9.49999976624531,3.9999998658895493,-5.4999999003557605,9.25,-18.625,False,no_flip,True,0.8002100586891174
67,prospective,self,history,easy,adaptive_rescue,False,4,neuronpedia_global,all_prompt_positions_and_generated_tokens,question_mark,112,,,132,True,1.0,1.8,1.0,评价,vocab_token:97817,97817,73c683f129559da9c009e22ae409cac0b6d96ba20351cea4ec1fb27f162c843c,35,word_filtered_appearance_fallback,147,31,word_filtered_rank,PASS,PASS,PASS,PASS,True,True,PASS/FAIL,PASS,True,True,True,9.49999976624531,10.37500011920929,0.8750003529639798,9.49999976624531,10.37500011920929,0.8750003529639798,9.25,19.5,False,no_flip,True,0.799533786252141
67,prospective,self,history,easy,adaptive_rescue,False,5,neuronpedia_global,all_prompt_positions_and_generated_tokens,question_mark,112,,,132,True,1.0,-1.7,-1.0,评价,vocab_token:97817,97817,33e7d0a9523a0c229af71fe72e9d2bec61350f547675569a386512d996b5a0d1,36,word_filtered_appearance_fallback,133,32,word_filtered_rank,PASS,PASS,PASS,PASS,True,True,PASS/FAIL,PASS,True,True,True,9.49999976624531,4.749999828636646,-4.7499999376086635,9.49999976624531,4.749999828636646,-4.7499999376086635,9.4375,-20.125,False,no_flip,True,0.7951500117778778
67,prospective,self,history,easy,adaptive_rescue,False,6,neuronpedia_global,all_prompt_positions_and_generated_tokens,question_mark,112,,,132,True,1.0,1.8,1.0,评价,vocab_token:97817,97817,33e7d0a9523a0c229af71fe72e9d2bec61350f547675569a386512d996b5a0d1,36,word_filtered_appearance_fallback,133,32,word_filtered_rank,PASS,PASS,PASS,PASS,True,True,PASS/FAIL,PASS,True,True,True,9.49999976624531,8.937500111758709,-0.5624996544866008,9.49999976624531,8.937500111758709,-0.5624996544866008,9.4375,20.75,False,no_flip,True,0.9517895951867104
67,prospective,self,history,easy,adaptive_rescue,False,7,neuronpedia_global,all_prompt_positions_and_generated_tokens,question_mark,112,,,132,True,1.0,-1.7,-1.0,评估,vocab_token:99973,99973,c55ca3df206b88ee4dcaf291e77b8830ab68243ed25460e77d6d850604e7a107,40,alternate_candidate_preferred_layer,20,4,word_filtered_rank,PASS,PASS,PASS,PASS,True,True,PASS/FAIL,PASS,True,True,True,9.49999976624531,5.437499955296516,-4.062499810948793,9.49999976624531,5.437499955296516,-4.062499810948793,13.125,-29.25,False,no_flip,True,0.9411209393292665
67,prospective,self,history,easy,adaptive_rescue,False,8,neuronpedia_global,all_prompt_positions_and_generated_tokens,question_mark,112,,,132,True,1.0,1.8,1.0,评估,vocab_token:99973,99973,c55ca3df206b88ee4dcaf291e77b8830ab68243ed25460e77d6d850604e7a107,40,alternate_candidate_preferred_layer,20,4,word_filtered_rank,PASS,PASS,PASS,PASS,True,True,PASS/FAIL,PASS,True,True,True,9.49999976624531,10.437500161817297,0.9375003955719876,9.49999976624531,10.437500161817297,0.9375003955719876,13.125,28.75,False,no_flip,True,0.845194524154067
67,prospective,self,history,easy,adaptive_rescue,False,9,neuronpedia_global,all_prompt_positions_and_generated_tokens,question_mark,112,,,132,True,1.0,-1.7,-1.0,评估,vocab_token:99973,99973,677f4db3e9b5283cb7888ea4477f7df9c3b4a1458022f85a542bbf93c88ca10a,34,word_filtered_appearance_fallback,176,37,word_filtered_rank,PASS,PASS,PASS,PASS,True,True,PASS/FAIL,PASS,True,True,True,9.49999976624531,3.9999998211860657,-5.499999945059244,9.49999976624531,3.9999998211860657,-5.499999945059244,8.8125,-18.625,False,no_flip,True,0.8610852528363466
67,prospective,self,history,easy,adaptive_rescue,False,10,neuronpedia_global,all_prompt_positions_and_generated_tokens,question_mark,112,,,132,True,1.0,1.8,1.0,评估,vocab_token:99973,99973,677f4db3e9b5283cb7888ea4477f7df9c3b4a1458022f85a542bbf93c88ca10a,34,word_filtered_appearance_fallback,176,37,word_filtered_rank,PASS,PASS,PASS,PASS,True,True,PASS/FAIL,PASS,True,True,True,9.49999976624531,10.531249523162842,1.031249756917532,9.49999976624531,10.531249523162842,1.031249756917532,8.8125,18.375,False,no_flip,True,0.793287118896842
68,prospective,self,psychology,medium,frozen_primary,True,1,neuronpedia_global,all_prompt_positions_and_generated_tokens,question_mark,147,,,167,True,1.0,-1.7,-1.0,评价,vocab_token:97817,97817,8a87e6e3f1867b77d6b1e41a3304949df1310120316964b73eb3391f0877cfb6,40,frozen_primary_layer,9,4,word_filtered_rank,PASS,PASS,PASS,PASS,True,True,PASS/FAIL,PASS,True,True,True,7.499999938416295,1.3125000596046448,-6.18749987881165,7.499999938416295,1.3125000596046448,-6.18749987881165,13.0,-28.0,False,no_flip,True,0.9108340013772249
68,prospective,self,psychology,medium,frozen_primary,True,2,neuronpedia_global,all_prompt_positions_and_generated_tokens,question_mark,147,,,167,True,1.0,1.8,1.0,评价,vocab_token:97817,97817,8a87e6e3f1867b77d6b1e41a3304949df1310120316964b73eb3391f0877cfb6,40,frozen_primary_layer,9,4,word_filtered_rank,PASS,PASS,PASS,PASS,True,True,PASS/FAIL,PASS,True,True,True,7.499999938416295,4.9999998696148396,-2.500000068801455,7.499999938416295,4.9999998696148396,-2.500000068801455,13.0,29.125,False,no_flip,True,0.852558808401227
68,prospective,self,psychology,medium,adaptive_rescue,False,3,neuronpedia_global,all_prompt_positions_and_generated_tokens,question_mark,147,,,167,True,1.0,-1.7,-1.0,评价,vocab_token:97817,97817,6aac34c42066f0da504bde01335b0e61ed0eea3b474072d434a91f0346b01b92,33,word_filtered_appearance_fallback,222,48,word_filtered_rank,PASS,PASS,PIA or FAIL,,True,False,PASS/FAIL,PASS,True,True,False,7.499999938416295,-0.8125,-8.312499938416295,7.499999938416295,-0.8125,-8.312499938416295,8.0,-15.5625,False,no_flip,True,1.2768114358186722
68,prospective,self,psychology,medium,adaptive_rescue,False,4,neuronpedia_global,all_prompt_positions_and_generated_tokens,question_mark,147,,,167,True,1.0,1.8,1.0,评价,vocab_token:97817,97817,6aac34c42066f0da504bde01335b0e61ed0eea3b474072d434a91f0346b01b92,33,word_filtered_appearance_fallback,222,48,word_filtered_rank,PASS,PASS,WELL_PASS,,True,False,PASS/FAIL,PASS,True,True,False,7.499999938416295,9.312500238418579,1.8125003000022843,7.499999938416295,9.312500238418579,1.8125003000022843,8.0,16.375,False,no_flip,True,1.113896382972598
68,prospective,self,psychology,medium,adaptive_rescue,False,5,neuronpedia_global,all_prompt_positions_and_generated_tokens,question_mark,147,,,167,True,1.0,-1.7,-1.0,评价,vocab_token:97817,97817,bef85d6a374ddac25e42b95f1b4bb9f8131e2f89e34fae731ce1a6093bff97d7,34,word_filtered_appearance_fallback,140,35,word_filtered_rank,PASS,PASS,Dying Dying Dying Dying,,True,False,PASS/FAIL,PASS,True,True,False,7.499999938416295,1.75,-5.749999938416295,7.499999938416295,1.75,-5.749999938416295,8.8125,-18.25,False,no_flip,True,1.7692839354276657
68,prospective,self,psychology,medium,adaptive_rescue,False,6,neuronpedia_global,all_prompt_positions_and_generated_tokens,question_mark,147,,,167,True,1.0,1.8,1.0,评价,vocab_token:97817,97817,bef85d6a374ddac25e42b95f1b4bb9f8131e2f89e34fae731ce1a6093bff97d7,34,word_filtered_appearance_fallback,140,35,word_filtered_rank,PASS,PASS,PASS,PASS,True,True,PASS/FAIL,PASS,True,True,True,7.499999938416295,10.156250178813934,2.6562502403976396,7.499999938416295,10.156250178813934,2.6562502403976396,8.8125,19.125,False,no_flip,True,0.7933499831706285
68,prospective,self,psychology,medium,adaptive_rescue,False,7,neuronpedia_global,all_prompt_positions_and_generated_tokens,question_mark,147,,,167,True,1.0,-1.7,-1.0,评估,vocab_token:99973,99973,c55ca3df206b88ee4dcaf291e77b8830ab68243ed25460e77d6d850604e7a107,40,alternate_candidate_preferred_layer,7,3,word_filtered_rank,PASS,PASS,PASS,PASS,True,True,PASS/FAIL,PASS,True,True,True,7.499999938416295,3.374999985098839,-4.124999953317456,7.499999938416295,3.374999985098839,-4.124999953317456,14.0625,-28.875,False,no_flip,True,0.7946989480406046
68,prospective,self,psychology,medium,adaptive_rescue,False,8,neuronpedia_global,all_prompt_positions_and_generated_tokens,question_mark,147,,,167,True,1.0,1.8,1.0,评估,vocab_token:99973,99973,c55ca3df206b88ee4dcaf291e77b8830ab68243ed25460e77d6d850604e7a107,40,alternate_candidate_preferred_layer,7,3,word_filtered_rank,PASS,PASS,PASS,PASS,True,True,PASS/FAIL,PASS,True,True,True,7.499999938416295,8.374999725609086,0.8749997871927917,7.499999938416295,8.374999725609086,0.8749997871927917,14.0625,29.125,False,no_flip,True,0.8079928997904062
68,prospective,self,psychology,medium,adaptive_rescue,False,9,neuronpedia_global,all_prompt_positions_and_generated_tokens,question_mark,147,,,167,True,1.0,-1.7,-1.0,评估,vocab_token:99973,99973,b5c48f6c629a939d1d85b6db5e7086810203c7021b98bac2fcf26dbbbbc7c7ea,33,word_filtered_appearance_fallback,180,35,word_filtered_rank,PASS,PASS,PASS,PASS,True,True,PASS/FAIL,PASS,True,True,True,7.499999938416295,4.5625001192092896,-2.937499819207005,7.499999938416295,4.5625001192092896,-2.937499819207005,8.5625,-16.5,False,no_flip,True,0.7950841840356588
68,prospective,self,psychology,medium,adaptive_rescue,False,10,neuronpedia_global,all_prompt_positions_and_generated_tokens,question_mark,147,,,167,True,1.0,1.8,1.0,评估,vocab_token:99973,99973,b5c48f6c629a939d1d85b6db5e7086810203c7021b98bac2fcf26dbbbbc7c7ea,33,word_filtered_appearance_fallback,180,35,word_filtered_rank,PASS,PASS,The evaluation of the Dunning-Kr,,True,False,PASS/FAIL,PASS,True,True,False,7.499999938416295,5.71875,-1.7812499384162948,7.499999938416295,5.71875,-1.7812499384162948,8.5625,16.25,False,no_flip,True,1.7678864002227783
69,prospective,self,psychology,medium,frozen_primary,True,1,neuronpedia_global,all_prompt_positions_and_generated_tokens,question_mark,122,,,142,True,1.0,-1.7,-1.0,评价,vocab_token:97817,97817,8a87e6e3f1867b77d6b1e41a3304949df1310120316964b73eb3391f0877cfb6,40,frozen_primary_layer,28,5,word_filtered_rank,PASS,PASS,PASS,PASS,True,True,PASS/FAIL,PASS,True,True,True,8.499999801220838,1.937500074505806,-6.562499726715032,8.499999801220838,1.937500074505806,-6.562499726715032,12.5,-28.25,False,no_flip,True,0.7998753618448973
69,prospective,self,psychology,medium,frozen_primary,True,2,neuronpedia_global,all_prompt_positions_and_generated_tokens,question_mark,122,,,142,True,1.0,1.8,1.0,评价,vocab_token:97817,97817,8a87e6e3f1867b77d6b1e41a3304949df1310120316964b73eb3391f0877cfb6,40,frozen_primary_layer,28,5,word_filtered_rank,PASS,PASS,PASS,PASS,True,True,PASS/FAIL,PASS,True,True,True,8.499999801220838,6.249999781139195,-2.250000020081643,8.499999801220838,6.249999781139195,-2.250000020081643,12.5,29.0,False,no_flip,True,0.7960295658558607
69,prospective,self,psychology,medium,adaptive_rescue,False,3,neuronpedia_global,all_prompt_positions_and_generated_tokens,question_mark,122,,,142,True,1.0,-1.7,-1.0,评价,vocab_token:97817,97817,bef85d6a374ddac25e42b95f1b4bb9f8131e2f89e34fae731ce1a6093bff97d7,34,word_filtered_appearance_fallback,200,42,word_filtered_rank,PASS,PASS,65,,True,False,PASS/FAIL,PASS,True,True,False,8.499999801220838,1.4375,-7.062499801220838,8.499999801220838,1.4375,-7.062499801220838,8.25,-18.25,False,no_flip,True,0.9562421943992376
69,prospective,self,psychology,medium,adaptive_rescue,False,4,neuronpedia_global,all_prompt_positions_and_generated_tokens,question_mark,122,,,142,True,1.0,1.8,1.0,评价,vocab_token:97817,97817,bef85d6a374ddac25e42b95f1b4bb9f8131e2f89e34fae731ce1a6093bff97d7,34,word_filtered_appearance_fallback,200,42,word_filtered_rank,PASS,PASS,PASS,PASS,True,True,PASS/FAIL,PASS,True,True,True,8.499999801220838,9.718750357627869,1.2187505564070307,8.499999801220838,9.718750357627869,1.2187505564070307,8.25,19.0,False,no_flip,True,0.8081420753151178
69,prospective,self,psychology,medium,adaptive_rescue,False,5,neuronpedia_global,all_prompt_positions_and_generated_tokens,question_mark,122,,,142,True,1.0,-1.7,-1.0,评价,vocab_token:97817,97817,73c683f129559da9c009e22ae409cac0b6d96ba20351cea4ec1fb27f162c843c,35,word_filtered_appearance_fallback,121,23,word_filtered_rank,PASS,PASS,PASS,PASS,True,True,PASS/FAIL,PASS,True,True,True,8.499999801220838,2.75,-5.749999801220838,8.499999801220838,2.75,-5.749999801220838,9.5,-18.625,False,no_flip,True,0.8052292428910732
69,prospective,self,psychology,medium,adaptive_rescue,False,6,neuronpedia_global,all_prompt_positions_and_generated_tokens,question_mark,122,,,142,True,1.0,1.8,1.0,评价,vocab_token:97817,97817,73c683f129559da9c009e22ae409cac0b6d96ba20351cea4ec1fb27f162c843c,35,word_filtered_appearance_fallback,121,23,word_filtered_rank,PASS,PASS,PASS,PASS,True,True,PASS/FAIL,PASS,True,True,True,8.499999801220838,9.374999783933163,0.8749999827123247,8.499999801220838,9.374999783933163,0.8749999827123247,9.5,19.5,False,no_flip,True,0.8048079367727041
69,prospective,self,psychology,medium,adaptive_rescue,False,7,neuronpedia_global,all_prompt_positions_and_generated_tokens,question_mark,122,,,142,True,1.0,-1.7,-1.0,评估,vocab_token:99973,99973,c55ca3df206b88ee4dcaf291e77b8830ab68243ed25460e77d6d850604e7a107,40,alternate_candidate_preferred_layer,15,3,word_filtered_rank,PASS,PASS,PASS,PASS,True,True,PASS/FAIL,PASS,True,True,True,8.499999801220838,3.500000111758709,-4.999999689462129,8.499999801220838,3.500000111758709,-4.999999689462129,13.4375,-29.125,False,no_flip,True,0.8025614880025387
69,prospective,self,psychology,medium,adaptive_rescue,False,8,neuronpedia_global,all_prompt_positions_and_generated_tokens,question_mark,122,,,142,True,1.0,1.8,1.0,评估,vocab_token:99973,99973,c55ca3df206b88ee4dcaf291e77b8830ab68243ed25460e77d6d850604e7a107,40,alternate_candidate_preferred_layer,15,3,word_filtered_rank,PASS,PASS,PASS,PASS,True,True,PASS/FAIL,PASS,True,True,True,8.499999801220838,9.000000066123903,0.5000002649030648,8.499999801220838,9.000000066123903,0.5000002649030648,13.4375,28.75,False,no_flip,True,0.9156114794313908
69,prospective,self,psychology,medium,adaptive_rescue,False,9,neuronpedia_global,all_prompt_positions_and_generated_tokens,question_mark,122,,,142,True,1.0,-1.7,-1.0,评估,vocab_token:99973,99973,b5c48f6c629a939d1d85b6db5e7086810203c7021b98bac2fcf26dbbbbc7c7ea,33,word_filtered_appearance_fallback,238,45,word_filtered_rank,PASS,PASS,65%,,True,False,PASS/FAIL,PASS,True,True,False,8.499999801220838,4.5000001192092896,-3.9999996820115484,8.499999801220838,4.5000001192092896,-3.9999996820115484,8.0,-16.625,False,no_flip,True,1.180210454389453
69,prospective,self,psychology,medium,adaptive_rescue,False,10,neuronpedia_global,all_prompt_positions_and_generated_tokens,question_mark,122,,,142,True,1.0,1.8,1.0,评估,vocab_token:99973,99973,b5c48f6c629a939d1d85b6db5e7086810203c7021b98bac2fcf26dbbbbc7c7ea,33,word_filtered_appearance_fallback,238,45,word_filtered_rank,PASS,PASS,The evaluation of the assessment process indicates that,,True,False,PASS/FAIL,PASS,True,True,False,8.499999801220838,5.46875,-3.031249801220838,8.499999801220838,5.46875,-3.031249801220838,8.0,16.125,False,no_flip,True,1.7504961155354977
70,prospective,self,psychophysics,hard,frozen_primary,True,1,neuronpedia_global,all_prompt_positions_and_generated_tokens,question_mark,142,,,162,True,1.0,-1.7,-1.0,评价,vocab_token:97817,97817,8a87e6e3f1867b77d6b1e41a3304949df1310120316964b73eb3391f0877cfb6,40,frozen_primary_layer,15,4,word_filtered_rank,PASS,PASS,FAIL,FAIL,True,True,PASS/FAIL,PASS,True,True,False,0.375,-0.5000000596046448,-0.8750000596046448,0.375,-0.5000000596046448,-0.8750000596046448,12.5,-27.875,True,worsened,True,0.7947258278727531
70,prospective,self,psychophysics,hard,frozen_primary,True,2,neuronpedia_global,all_prompt_positions_and_generated_tokens,question_mark,142,,,162,True,1.0,1.8,1.0,评价,vocab_token:97817,97817,8a87e6e3f1867b77d6b1e41a3304949df1310120316964b73eb3391f0877cfb6,40,frozen_primary_layer,15,4,word_filtered_rank,PASS,PASS,PASS,PASS,True,True,PASS/FAIL,PASS,True,True,True,0.375,3.124999925494194,2.749999925494194,0.375,3.124999925494194,2.749999925494194,12.5,29.25,False,no_flip,True,0.8060181979089975
71,prospective,self,developmental,medium,frozen_primary,True,1,neuronpedia_global,all_prompt_positions_and_generated_tokens,question_mark,136,,,156,True,1.0,-1.7,-1.0,评价,vocab_token:97817,97817,8a87e6e3f1867b77d6b1e41a3304949df1310120316964b73eb3391f0877cfb6,40,frozen_primary_layer,16,5,word_filtered_rank,FAIL,FAIL,FAIL,FAIL,True,True,PASS/FAIL,FAIL,False,True,True,-1.7499999403953552,-0.125,1.6249999403953552,1.7499999403953552,0.125,-1.6249999403953552,12.875,-28.0,False,no_flip,True,0.7927909232676029
71,prospective,self,developmental,medium,frozen_primary,True,2,neuronpedia_global,all_prompt_positions_and_generated_tokens,question_mark,136,,,156,True,1.0,1.8,1.0,评价,vocab_token:97817,97817,8a87e6e3f1867b77d6b1e41a3304949df1310120316964b73eb3391f0877cfb6,40,frozen_primary_layer,16,5,word_filtered_rank,FAIL,FAIL,PASS,PASS,True,True,PASS/FAIL,FAIL,False,True,False,-1.7499999403953552,2.6249999403953552,4.3749998807907104,1.7499999403953552,-2.6249999403953552,-4.3749998807907104,12.875,29.25,True,worsened,True,0.8051783945411444
72,prospective,self,methodology,hard,frozen_primary,True,1,neuronpedia_global,all_prompt_positions_and_generated_tokens,question_mark,128,,,148,True,1.0,-1.7,-1.0,评价,vocab_token:97817,97817,8a87e6e3f1867b77d6b1e41a3304949df1310120316964b73eb3391f0877cfb6,40,frozen_primary_layer,25,5,word_filtered_rank,PASS,PASS,PASS,PASS,True,True,PASS/FAIL,PASS,True,True,True,3.625000039115548,1.7499999701976776,-1.8750000689178705,3.625000039115548,1.7499999701976776,-1.8750000689178705,12.625,-28.125,False,no_flip,True,0.7960651759058237
72,prospective,self,methodology,hard,frozen_primary,True,2,neuronpedia_global,all_prompt_positions_and_generated_tokens,question_mark,128,,,148,True,1.0,1.8,1.0,评价,vocab_token:97817,97817,8a87e6e3f1867b77d6b1e41a3304949df1310120316964b73eb3391f0877cfb6,40,frozen_primary_layer,25,5,word_filtered_rank,PASS,PASS,PASS,PASS,True,True,PASS/FAIL,PASS,True,True,True,3.625000039115548,4.999999986961484,1.3749999478459358,3.625000039115548,4.999999986961484,1.3749999478459358,12.625,29.0,False,no_flip,True,0.8036740161478519
72,prospective,self,methodology,hard,adaptive_rescue,False,3,neuronpedia_global,all_prompt_positions_and_generated_tokens,question_mark,128,,,148,True,1.0,-1.7,-1.0,评价,vocab_token:97817,97817,bef85d6a374ddac25e42b95f1b4bb9f8131e2f89e34fae731ce1a6093bff97d7,34,word_filtered_appearance_fallback,201,48,word_filtered_rank,PASS,PASS,PASS,PASS,True,True,PASS/FAIL,PASS,True,True,True,3.625000039115548,3.6250001192092896,8.009374141693115e-08,3.625000039115548,3.6250001192092896,8.009374141693115e-08,8.125,-18.25,False,no_flip,True,0.7967313900589943
72,prospective,self,methodology,hard,adaptive_rescue,False,4,neuronpedia_global,all_prompt_positions_and_generated_tokens,question_mark,128,,,148,True,1.0,1.8,1.0,评价,vocab_token:97817,97817,bef85d6a374ddac25e42b95f1b4bb9f8131e2f89e34fae731ce1a6093bff97d7,34,word_filtered_appearance_fallback,201,48,word_filtered_rank,PASS,PASS,PASS,PASS,True,True,PASS/FAIL,PASS,True,True,True,3.625000039115548,9.375000178813934,5.750000139698386,3.625000039115548,9.375000178813934,5.750000139698386,8.125,19.125,False,no_flip,True,0.7972743883728981
72,prospective,self,methodology,hard,adaptive_rescue,False,5,neuronpedia_global,all_prompt_positions_and_generated_tokens,question_mark,128,,,148,True,1.0,-1.7,-1.0,评价,vocab_token:97817,97817,73c683f129559da9c009e22ae409cac0b6d96ba20351cea4ec1fb27f162c843c,35,word_filtered_appearance_fallback,114,24,word_filtered_rank,PASS,PASS,PASS,PASS,True,True,PASS/FAIL,PASS,True,True,True,3.625000039115548,1.8749999701976776,-1.7500000689178705,3.625000039115548,1.8749999701976776,-1.7500000689178705,9.375,-18.625,False,no_flip,True,0.8005440849810839
72,prospective,self,methodology,hard,adaptive_rescue,False,6,neuronpedia_global,all_prompt_positions_and_generated_tokens,question_mark,128,,,148,True,1.0,1.8,1.0,评价,vocab_token:97817,97817,73c683f129559da9c009e22ae409cac0b6d96ba20351cea4ec1fb27f162c843c,35,word_filtered_appearance_fallback,114,24,word_filtered_rank,PASS,PASS,PASS,PASS,True,True,PASS/FAIL,PASS,True,True,True,3.625000039115548,8.624999918043613,4.999999878928065,3.625000039115548,8.624999918043613,4.999999878928065,9.375,19.5,False,no_flip,True,0.8028160464018583
72,prospective,self,methodology,hard,adaptive_rescue,False,7,neuronpedia_global,all_prompt_positions_and_generated_tokens,question_mark,128,,,148,True,1.0,-1.7,-1.0,评估,vocab_token:99973,99973,c55ca3df206b88ee4dcaf291e77b8830ab68243ed25460e77d6d850604e7a107,40,alternate_candidate_preferred_layer,9,3,word_filtered_rank,PASS,PASS,PASS,PASS,True,True,PASS/FAIL,PASS,True,True,True,3.625000039115548,3.6250000968575478,5.774199962615967e-08,3.625000039115548,3.6250000968575478,5.774199962615967e-08,13.9375,-28.875,False,no_flip,True,0.7967286519706249
72,prospective,self,methodology,hard,adaptive_rescue,False,8,neuronpedia_global,all_prompt_positions_and_generated_tokens,question_mark,128,,,148,True,1.0,1.8,1.0,评估,vocab_token:99973,99973,c55ca3df206b88ee4dcaf291e77b8830ab68243ed25460e77d6d850604e7a107,40,alternate_candidate_preferred_layer,9,3,word_filtered_rank,PASS,PASS,PASS,PASS,True,True,PASS/FAIL,PASS,True,True,True,3.625000039115548,6.874999974388629,3.249999935273081,3.625000039115548,6.874999974388629,3.249999935273081,13.9375,29.0,False,no_flip,True,0.7963360119611025
72,prospective,self,methodology,hard,adaptive_rescue,False,9,neuronpedia_global,all_prompt_positions_and_generated_tokens,question_mark,128,,,148,True,1.0,-1.7,-1.0,评估,vocab_token:99973,99973,b5c48f6c629a939d1d85b6db5e7086810203c7021b98bac2fcf26dbbbbc7c7ea,33,word_filtered_appearance_fallback,224,43,word_filtered_rank,PASS,PASS,PASS,PASS,True,True,PASS/FAIL,PASS,True,True,True,3.625000039115548,4.5625,0.9374999608844519,3.625000039115548,4.5625,0.9374999608844519,7.9375,-16.5,False,no_flip,True,0.8066136427223682
72,prospective,self,methodology,hard,adaptive_rescue,False,10,neuronpedia_global,all_prompt_positions_and_generated_tokens,question_mark,128,,,148,True,1.0,1.8,1.0,评估,vocab_token:99973,99973,b5c48f6c629a939d1d85b6db5e7086810203c7021b98bac2fcf26dbbbbc7c7ea,33,word_filtered_appearance_fallback,224,43,word_filtered_rank,PASS,PASS,The evaluation of the assessment process indicates that,,True,False,PASS/FAIL,PASS,True,True,False,3.625000039115548,6.375,2.749999960884452,3.625000039115548,6.375,2.749999960884452,7.9375,16.125,False,no_flip,True,1.7560154367238283
73,prospective,self,neuroscience,hard,frozen_primary,True,1,neuronpedia_global,all_prompt_positions_and_generated_tokens,question_mark,130,,,150,True,1.0,-1.7,-1.0,评价,vocab_token:97817,97817,8a87e6e3f1867b77d6b1e41a3304949df1310120316964b73eb3391f0877cfb6,40,frozen_primary_layer,30,6,word_filtered_rank,FAIL,FAIL,FAIL,FAIL,True,True,PASS/FAIL,FAIL,False,True,True,-0.7500000298023224,-0.8749999403953552,-0.12499991059303284,0.7500000298023224,0.8749999403953552,0.12499991059303284,12.375,-28.125,False,no_flip,True,0.9072520360350609
73,prospective,self,neuroscience,hard,frozen_primary,True,2,neuronpedia_global,all_prompt_positions_and_generated_tokens,question_mark,130,,,150,True,1.0,1.8,1.0,评价,vocab_token:97817,97817,8a87e6e3f1867b77d6b1e41a3304949df1310120316964b73eb3391f0877cfb6,40,frozen_primary_layer,30,6,word_filtered_rank,FAIL,FAIL,PASS,PASS,True,True,PASS/FAIL,FAIL,False,True,False,-0.7500000298023224,2.2500001192092896,3.000000149011612,0.7500000298023224,-2.2500001192092896,-3.000000149011612,12.375,29.125,True,worsened,True,0.8683243338018656
82,knowledge_boundary,self,biology,know,frozen_primary,True,1,neuronpedia_global,all_prompt_positions_and_generated_tokens,question_mark,127,,,147,True,1.0,-1.7,-1.0,评价,vocab_token:97817,97817,8a87e6e3f1867b77d6b1e41a3304949df1310120316964b73eb3391f0877cfb6,40,frozen_primary_layer,35,5,word_filtered_rank,PASS,PASS,PASS,PASS,True,True,PASS/FAIL,PASS,True,True,True,7.999999742023647,3.000000089406967,-4.99999965261668,7.999999742023647,3.000000089406967,-4.99999965261668,11.0,-28.0,False,no_flip,True,0.7979717999696732
82,knowledge_boundary,self,biology,know,frozen_primary,True,2,neuronpedia_global,all_prompt_positions_and_generated_tokens,question_mark,127,,,147,True,1.0,1.8,1.0,评价,vocab_token:97817,97817,8a87e6e3f1867b77d6b1e41a3304949df1310120316964b73eb3391f0877cfb6,40,frozen_primary_layer,35,5,word_filtered_rank,PASS,PASS,PASS,PASS,True,True,PASS/FAIL,PASS,True,True,True,7.999999742023647,7.062500164844096,-0.9374995771795511,7.999999742023647,7.062500164844096,-0.9374995771795511,11.0,29.0,False,no_flip,True,0.796068649739027
82,knowledge_boundary,self,biology,know,adaptive_rescue,False,3,neuronpedia_global,all_prompt_positions_and_generated_tokens,question_mark,127,,,147,True,1.0,-1.7,-1.0,评价,vocab_token:97817,97817,bef85d6a374ddac25e42b95f1b4bb9f8131e2f89e34fae731ce1a6093bff97d7,34,word_filtered_appearance_fallback,190,47,word_filtered_rank,PASS,PASS,Mitochondria,,True,False,PASS/FAIL,PASS,True,True,False,7.999999742023647,4.5,-3.499999742023647,7.999999742023647,4.5,-3.499999742023647,7.9375,-18.125,False,no_flip,True,1.1222892049700022
82,knowledge_boundary,self,biology,know,adaptive_rescue,False,4,neuronpedia_global,all_prompt_positions_and_generated_tokens,question_mark,127,,,147,True,1.0,1.8,1.0,评价,vocab_token:97817,97817,bef85d6a374ddac25e42b95f1b4bb9f8131e2f89e34fae731ce1a6093bff97d7,34,word_filtered_appearance_fallback,190,47,word_filtered_rank,PASS,PASS,PASS,PASS,True,True,PASS/FAIL,PASS,True,True,True,7.999999742023647,10.187499694526196,2.1874999525025487,7.999999742023647,10.187499694526196,2.1874999525025487,7.9375,19.125,False,no_flip,True,0.7993547786027193
82,knowledge_boundary,self,biology,know,adaptive_rescue,False,5,neuronpedia_global,all_prompt_positions_and_generated_tokens,question_mark,127,,,147,True,1.0,-1.7,-1.0,评价,vocab_token:97817,97817,73c683f129559da9c009e22ae409cac0b6d96ba20351cea4ec1fb27f162c843c,35,word_filtered_appearance_fallback,160,46,word_filtered_rank,PASS,PASS,PASS,PASS,True,True,PASS/FAIL,PASS,True,True,True,7.999999742023647,3.3750000298023224,-4.624999712221324,7.999999742023647,3.3750000298023224,-4.624999712221324,8.4375,-18.625,False,no_flip,True,0.8018847852945328
82,knowledge_boundary,self,biology,know,adaptive_rescue,False,6,neuronpedia_global,all_prompt_positions_and_generated_tokens,question_mark,127,,,147,True,1.0,1.8,1.0,评价,vocab_token:97817,97817,73c683f129559da9c009e22ae409cac0b6d96ba20351cea4ec1fb27f162c843c,35,word_filtered_appearance_fallback,160,46,word_filtered_rank,PASS,PASS,PASS,PASS,True,True,PASS/FAIL,PASS,True,True,True,7.999999742023647,11.062499985098839,3.062500243075192,7.999999742023647,11.062499985098839,3.062500243075192,8.4375,19.375,False,no_flip,True,0.7980988267809153
82,knowledge_boundary,self,biology,know,adaptive_rescue,False,7,neuronpedia_global,all_prompt_positions_and_generated_tokens,question_mark,127,,,147,True,1.0,-1.7,-1.0,评估,vocab_token:99973,99973,c55ca3df206b88ee4dcaf291e77b8830ab68243ed25460e77d6d850604e7a107,40,alternate_candidate_preferred_layer,18,3,word_filtered_rank,PASS,PASS,PASS,PASS,True,True,PASS/FAIL,PASS,True,True,True,7.999999742023647,4.249999836087227,-3.74999990593642,7.999999742023647,4.249999836087227,-3.74999990593642,12.125,-29.0,False,no_flip,True,0.7942633405327797
82,knowledge_boundary,self,biology,know,adaptive_rescue,False,8,neuronpedia_global,all_prompt_positions_and_generated_tokens,question_mark,127,,,147,True,1.0,1.8,1.0,评估,vocab_token:99973,99973,c55ca3df206b88ee4dcaf291e77b8830ab68243ed25460e77d6d850604e7a107,40,alternate_candidate_preferred_layer,18,3,word_filtered_rank,PASS,PASS,PASS,PASS,True,True,PASS/FAIL,PASS,True,True,True,7.999999742023647,9.499999806284904,1.5000000642612576,7.999999742023647,9.499999806284904,1.5000000642612576,12.125,28.75,False,no_flip,True,0.8358773291110992
82,knowledge_boundary,self,biology,know,adaptive_rescue,False,9,neuronpedia_global,all_prompt_positions_and_generated_tokens,question_mark,127,,,147,True,1.0,-1.7,-1.0,评估,vocab_token:99973,99973,b5c48f6c629a939d1d85b6db5e7086810203c7021b98bac2fcf26dbbbbc7c7ea,33,word_filtered_appearance_fallback,205,42,word_filtered_rank,PASS,PASS,PASS,PASS,True,True,PASS/FAIL,PASS,True,True,True,7.999999742023647,4.6250001192092896,-3.3749996228143573,7.999999742023647,4.6250001192092896,-3.3749996228143573,7.71875,-16.5,False,no_flip,True,0.7969633303582668
82,knowledge_boundary,self,biology,know,adaptive_rescue,False,10,neuronpedia_global,all_prompt_positions_and_generated_tokens,question_mark,127,,,147,True,1.0,1.8,1.0,评估,vocab_token:99973,99973,b5c48f6c629a939d1d85b6db5e7086810203c7021b98bac2fcf26dbbbbc7c7ea,33,word_filtered_appearance_fallback,205,42,word_filtered_rank,PASS,PASS,The evaluation of the assessment is as follows,,True,False,PASS/FAIL,PASS,True,True,False,7.999999742023647,7.65625,-0.34374974202364683,7.999999742023647,7.65625,-0.34374974202364683,7.71875,16.125,False,no_flip,True,1.7597742918878794
83,knowledge_boundary,self,psychology,know,frozen_primary,True,1,neuronpedia_global,all_prompt_positions_and_generated_tokens,question_mark,129,,,149,True,1.0,-1.7,-1.0,评价,vocab_token:97817,97817,8a87e6e3f1867b77d6b1e41a3304949df1310120316964b73eb3391f0877cfb6,40,frozen_primary_layer,29,4,word_filtered_rank,PASS,PASS,PASS,PASS,True,True,PASS/FAIL,PASS,True,True,True,9.375000273634214,2.5625001043081284,-6.812500169326086,9.375000273634214,2.5625001043081284,-6.812500169326086,11.0,-28.0,False,no_flip,True,0.8759139664471149
83,knowledge_boundary,self,psychology,know,frozen_primary,True,2,neuronpedia_global,all_prompt_positions_and_generated_tokens,question_mark,129,,,149,True,1.0,1.8,1.0,评价,vocab_token:97817,97817,8a87e6e3f1867b77d6b1e41a3304949df1310120316964b73eb3391f0877cfb6,40,frozen_primary_layer,29,4,word_filtered_rank,PASS,PASS,PASS,PASS,True,True,PASS/FAIL,PASS,True,True,True,9.375000273634214,6.750000190921128,-2.625000082713086,9.375000273634214,6.750000190921128,-2.625000082713086,11.0,29.0,False,no_flip,True,0.8244354818016291
83,knowledge_boundary,self,psychology,know,adaptive_rescue,False,3,neuronpedia_global,all_prompt_positions_and_generated_tokens,question_mark,129,,,149,True,1.0,-1.7,-1.0,评价,vocab_token:97817,97817,40e9689ba1debf117f4edecea706fbb0f5cb6bcd4aace256cbb71af8539f1224,37,word_filtered_appearance_fallback,114,38,word_filtered_rank,PASS,PASS,PASS,PASS,True,True,PASS/FAIL,PASS,True,True,True,9.375000273634214,1.8749999105930328,-7.500000363041181,9.375000273634214,1.8749999105930328,-7.500000363041181,8.9375,-21.5,False,no_flip,True,0.9245677888393402
83,knowledge_boundary,self,psychology,know,adaptive_rescue,False,4,neuronpedia_global,all_prompt_positions_and_generated_tokens,question_mark,129,,,149,True,1.0,1.8,1.0,评价,vocab_token:97817,97817,40e9689ba1debf117f4edecea706fbb0f5cb6bcd4aace256cbb71af8539f1224,37,word_filtered_appearance_fallback,114,38,word_filtered_rank,PASS,PASS,PASS,PASS,True,True,PASS/FAIL,PASS,True,True,True,9.375000273634214,7.187499776482582,-2.187500497151632,9.375000273634214,7.187499776482582,-2.187500497151632,8.9375,22.75,False,no_flip,True,0.7955424189567566
83,knowledge_boundary,self,psychology,know,adaptive_rescue,False,5,neuronpedia_global,all_prompt_positions_and_generated_tokens,question_mark,129,,,149,True,1.0,-1.7,-1.0,评价,vocab_token:97817,97817,38a2103d6eb1331222dcfc1694ba03ed98cef72166146bd7e61babe0b81b121f,38,word_filtered_appearance_fallback,60,20,word_filtered_rank,PASS,PASS,PASS,PASS,True,True,PASS/FAIL,PASS,True,True,True,9.375000273634214,2.749999985098839,-6.625000288535375,9.375000273634214,2.749999985098839,-6.625000288535375,10.1875,-23.25,False,no_flip,True,0.8028707168996334
83,knowledge_boundary,self,psychology,know,adaptive_rescue,False,6,neuronpedia_global,all_prompt_positions_and_generated_tokens,question_mark,129,,,149,True,1.0,1.8,1.0,评价,vocab_token:97817,97817,38a2103d6eb1331222dcfc1694ba03ed98cef72166146bd7e61babe0b81b121f,38,word_filtered_appearance_fallback,60,20,word_filtered_rank,PASS,PASS,PASS,PASS,True,True,PASS/FAIL,PASS,True,True,True,9.375000273634214,7.812499824911356,-1.562500448722858,9.375000273634214,7.812499824911356,-1.562500448722858,10.1875,24.625,False,no_flip,True,0.7975876741111279
83,knowledge_boundary,self,psychology,know,adaptive_rescue,False,7,neuronpedia_global,all_prompt_positions_and_generated_tokens,question_mark,129,,,149,True,1.0,-1.7,-1.0,评估,vocab_token:99973,99973,c55ca3df206b88ee4dcaf291e77b8830ab68243ed25460e77d6d850604e7a107,40,alternate_candidate_preferred_layer,17,3,word_filtered_rank,PASS,PASS,PASS,PASS,True,True,PASS/FAIL,PASS,True,True,True,9.375000273634214,3.999999836087227,-5.375000437546987,9.375000273634214,3.999999836087227,-5.375000437546987,11.8125,-29.125,False,no_flip,True,0.797359324991703
83,knowledge_boundary,self,psychology,know,adaptive_rescue,False,8,neuronpedia_global,all_prompt_positions_and_generated_tokens,question_mark,129,,,149,True,1.0,1.8,1.0,评估,vocab_token:99973,99973,c55ca3df206b88ee4dcaf291e77b8830ab68243ed25460e77d6d850604e7a107,40,alternate_candidate_preferred_layer,17,3,word_filtered_rank,PASS,PASS,PASS,PASS,True,True,PASS/FAIL,PASS,True,True,True,9.375000273634214,10.250000392552465,0.8750001189182512,9.375000273634214,10.250000392552465,0.8750001189182512,11.8125,28.625,False,no_flip,True,0.7992156073451042
83,knowledge_boundary,self,psychology,know,adaptive_rescue,False,9,neuronpedia_global,all_prompt_positions_and_generated_tokens,question_mark,129,,,149,True,1.0,-1.7,-1.0,评估,vocab_token:99973,99973,b5c48f6c629a939d1d85b6db5e7086810203c7021b98bac2fcf26dbbbbc7c7ea,33,word_filtered_appearance_fallback,191,41,word_filtered_rank,PASS,PASS,PASS,PASS,True,True,PASS/FAIL,PASS,True,True,True,9.375000273634214,4.1250001192092896,-5.250000154424924,9.375000273634214,4.1250001192092896,-5.250000154424924,7.625,-16.625,False,no_flip,True,0.8270709291100502
83,knowledge_boundary,self,psychology,know,adaptive_rescue,False,10,neuronpedia_global,all_prompt_positions_and_generated_tokens,question_mark,129,,,149,True,1.0,1.8,1.0,评估,vocab_token:99973,99973,b5c48f6c629a939d1d85b6db5e7086810203c7021b98bac2fcf26dbbbbc7c7ea,33,word_filtered_appearance_fallback,191,41,word_filtered_rank,PASS,PASS,The evaluation of the previous response is as,,True,False,PASS/FAIL,PASS,True,True,False,9.375000273634214,7.281249523162842,-2.093750750471372,9.375000273634214,7.281249523162842,-2.093750750471372,7.625,16.125,False,no_flip,True,1.9113947581499815
84,knowledge_boundary,self,metacognition,boundary,frozen_primary,True,1,neuronpedia_global,all_prompt_positions_and_generated_tokens,question_mark,150,,,170,True,1.0,-1.7,-1.0,评价,vocab_token:97817,97817,8a87e6e3f1867b77d6b1e41a3304949df1310120316964b73eb3391f0877cfb6,40,frozen_primary_layer,14,5,word_filtered_rank,PASS,PASS,PASS,PASS,True,True,PASS/FAIL,PASS,True,True,True,5.999999838881195,1.3125000596046448,-4.68749977927655,5.999999838881195,1.3125000596046448,-4.68749977927655,11.75,-27.625,False,no_flip,True,0.7975613214075565
84,knowledge_boundary,self,metacognition,boundary,frozen_primary,True,2,neuronpedia_global,all_prompt_positions_and_generated_tokens,question_mark,150,,,170,True,1.0,1.8,1.0,评价,vocab_token:97817,97817,8a87e6e3f1867b77d6b1e41a3304949df1310120316964b73eb3391f0877cfb6,40,frozen_primary_layer,14,5,word_filtered_rank,PASS,PASS,PASS,PASS,True,True,PASS/FAIL,PASS,True,True,True,5.999999838881195,5.500000011175871,-0.4999998277053237,5.999999838881195,5.500000011175871,-0.4999998277053237,11.75,29.25,False,no_flip,True,0.7969881184399128
84,knowledge_boundary,self,metacognition,boundary,adaptive_rescue,False,3,neuronpedia_global,all_prompt_positions_and_generated_tokens,question_mark,150,,,170,True,1.0,-1.7,-1.0,评价,vocab_token:97817,97817,bef85d6a374ddac25e42b95f1b4bb9f8131e2f89e34fae731ce1a6093bff97d7,34,word_filtered_appearance_fallback,151,42,word_filtered_rank,PASS,PASS,PASS,PASS,True,True,PASS/FAIL,PASS,True,True,True,5.999999838881195,2.312499761581421,-3.6875000772997737,5.999999838881195,2.312499761581421,-3.6875000772997737,7.375,-18.0,False,no_flip,True,0.8055830001831055
84,knowledge_boundary,self,metacognition,boundary,adaptive_rescue,False,4,neuronpedia_global,all_prompt_positions_and_generated_tokens,question_mark,150,,,170,True,1.0,1.8,1.0,评价,vocab_token:97817,97817,bef85d6a374ddac25e42b95f1b4bb9f8131e2f89e34fae731ce1a6093bff97d7,34,word_filtered_appearance_fallback,151,42,word_filtered_rank,PASS,PASS,PASS,PASS,True,True,PASS/FAIL,PASS,True,True,True,5.999999838881195,9.500000208616257,3.500000369735062,5.999999838881195,9.500000208616257,3.500000369735062,7.375,19.25,False,no_flip,True,0.8009223323315382
84,knowledge_boundary,self,metacognition,boundary,adaptive_rescue,False,5,neuronpedia_global,all_prompt_positions_and_generated_tokens,question_mark,150,,,170,True,1.0,-1.7,-1.0,评价,vocab_token:97817,97817,73c683f129559da9c009e22ae409cac0b6d96ba20351cea4ec1fb27f162c843c,35,word_filtered_appearance_fallback,120,42,word_filtered_rank,PASS,PASS,PASS,PASS,True,True,PASS/FAIL,PASS,True,True,True,5.999999838881195,0.8750000596046448,-5.12499977927655,5.999999838881195,0.8750000596046448,-5.12499977927655,7.8125,-18.5,False,no_flip,True,0.7987697832286358
84,knowledge_boundary,self,metacognition,boundary,adaptive_rescue,False,6,neuronpedia_global,all_prompt_positions_and_generated_tokens,question_mark,150,,,170,True,1.0,1.8,1.0,评价,vocab_token:97817,97817,73c683f129559da9c009e22ae409cac0b6d96ba20351cea4ec1fb27f162c843c,35,word_filtered_appearance_fallback,120,42,word_filtered_rank,PASS,PASS,PASS,PASS,True,True,PASS/FAIL,PASS,True,True,True,5.999999838881195,9.312499970197678,3.312500131316483,5.999999838881195,9.312499970197678,3.312500131316483,7.8125,19.5,False,no_flip,True,0.7983537763357162
84,knowledge_boundary,self,metacognition,boundary,adaptive_rescue,False,7,neuronpedia_global,all_prompt_positions_and_generated_tokens,question_mark,150,,,170,True,1.0,-1.7,-1.0,评估,vocab_token:99973,99973,c55ca3df206b88ee4dcaf291e77b8830ab68243ed25460e77d6d850604e7a107,40,alternate_candidate_preferred_layer,8,3,word_filtered_rank,PASS,PASS,PASS,PASS,True,True,PASS/FAIL,PASS,True,True,True,5.999999838881195,1.8749999105930328,-4.124999928288162,5.999999838881195,1.8749999105930328,-4.124999928288162,12.4375,-28.875,False,no_flip,True,0.8008442223072052
84,knowledge_boundary,self,metacognition,boundary,adaptive_rescue,False,8,neuronpedia_global,all_prompt_positions_and_generated_tokens,question_mark,150,,,170,True,1.0,1.8,1.0,评估,vocab_token:99973,99973,c55ca3df206b88ee4dcaf291e77b8830ab68243ed25460e77d6d850604e7a107,40,alternate_candidate_preferred_layer,8,3,word_filtered_rank,PASS,PASS,PASS,PASS,True,True,PASS/FAIL,PASS,True,True,True,5.999999838881195,5.875000050291419,-0.12499978858977556,5.999999838881195,5.875000050291419,-0.12499978858977556,12.4375,28.75,False,no_flip,True,0.8041597418487072
84,knowledge_boundary,self,metacognition,boundary,adaptive_rescue,False,9,neuronpedia_global,all_prompt_positions_and_generated_tokens,question_mark,150,,,170,True,1.0,-1.7,-1.0,评估,vocab_token:99973,99973,b5c48f6c629a939d1d85b6db5e7086810203c7021b98bac2fcf26dbbbbc7c7ea,33,word_filtered_appearance_fallback,165,41,word_filtered_rank,PASS,PASS,PASS,PASS,True,True,PASS/FAIL,PASS,True,True,True,5.999999838881195,3.999999761581421,-2.0000000772997737,5.999999838881195,3.999999761581421,-2.0000000772997737,7.21875,-16.625,False,no_flip,True,0.8005943465977907
84,knowledge_boundary,self,metacognition,boundary,adaptive_rescue,False,10,neuronpedia_global,all_prompt_positions_and_generated_tokens,question_mark,150,,,170,True,1.0,1.8,1.0,评估,vocab_token:99973,99973,b5c48f6c629a939d1d85b6db5e7086810203c7021b98bac2fcf26dbbbbc7c7ea,33,word_filtered_appearance_fallback,165,41,word_filtered_rank,PASS,PASS,The assessment of the evaluation process is as,,True,False,PASS/FAIL,PASS,True,True,False,5.999999838881195,8.125,2.1250001611188054,5.999999838881195,8.125,2.1250001611188054,7.21875,16.0,False,no_flip,True,1.7548400778323412
85,knowledge_boundary,self,psychophysics,boundary,frozen_primary,True,1,neuronpedia_global,all_prompt_positions_and_generated_tokens,question_mark,147,,,167,True,1.0,-1.7,-1.0,评价,vocab_token:97817,97817,8a87e6e3f1867b77d6b1e41a3304949df1310120316964b73eb3391f0877cfb6,40,frozen_primary_layer,20,6,word_filtered_rank,PASS,PASS,PASS,PASS,True,True,PASS/FAIL,FAIL,False,False,False,7.999999626830686,1.8749999403953552,-6.124999686435331,-7.999999626830686,-1.8749999403953552,6.124999686435331,11.1875,-27.5,False,no_flip,True,0.7979161813855171
85,knowledge_boundary,self,psychophysics,boundary,frozen_primary,True,2,neuronpedia_global,all_prompt_positions_and_generated_tokens,question_mark,147,,,167,True,1.0,1.8,1.0,评价,vocab_token:97817,97817,8a87e6e3f1867b77d6b1e41a3304949df1310120316964b73eb3391f0877cfb6,40,frozen_primary_layer,20,6,word_filtered_rank,PASS,PASS,PASS,PASS,True,True,PASS/FAIL,FAIL,False,False,False,7.999999626830686,6.6875001192092896,-1.3124995076213963,-7.999999626830686,-6.6875001192092896,1.3124995076213963,11.1875,29.375,False,no_flip,True,0.8041957523673773
85,knowledge_boundary,self,psychophysics,boundary,adaptive_rescue,False,3,neuronpedia_global,all_prompt_positions_and_generated_tokens,question_mark,147,,,167,True,1.0,-1.7,-1.0,评价,vocab_token:97817,97817,33e7d0a9523a0c229af71fe72e9d2bec61350f547675569a386512d996b5a0d1,36,word_filtered_appearance_fallback,138,49,word_filtered_rank,PASS,PASS,PASS,PASS,True,True,PASS/FAIL,FAIL,False,False,False,7.999999626830686,3.437500074505806,-4.56249955232488,-7.999999626830686,-3.437500074505806,4.56249955232488,7.65625,-19.875,False,no_flip,True,0.7997765317559242
85,knowledge_boundary,self,psychophysics,boundary,adaptive_rescue,False,4,neuronpedia_global,all_prompt_positions_and_generated_tokens,question_mark,147,,,167,True,1.0,1.8,1.0,评价,vocab_token:97817,97817,33e7d0a9523a0c229af71fe72e9d2bec61350f547675569a386512d996b5a0d1,36,word_filtered_appearance_fallback,138,49,word_filtered_rank,PASS,PASS,PASS,PASS,True,True,PASS/FAIL,FAIL,False,False,False,7.999999626830686,9.31249992735684,1.3125003005261533,-7.999999626830686,-9.31249992735684,-1.3125003005261533,7.65625,21.0,False,no_flip,True,0.7970783170312643
85,knowledge_boundary,self,psychophysics,boundary,adaptive_rescue,False,5,neuronpedia_global,all_prompt_positions_and_generated_tokens,question_mark,147,,,167,True,1.0,-1.7,-1.0,评价,vocab_token:97817,97817,40e9689ba1debf117f4edecea706fbb0f5cb6bcd4aace256cbb71af8539f1224,37,word_filtered_appearance_fallback,99,36,word_filtered_rank,PASS,PASS,PASS,PASS,True,True,PASS/FAIL,FAIL,False,False,False,7.999999626830686,1.9374999105930328,-6.062499716237653,-7.999999626830686,-1.9374999105930328,6.062499716237653,8.4375,-21.25,False,no_flip,True,0.7967718094587326
85,knowledge_boundary,self,psychophysics,boundary,adaptive_rescue,False,6,neuronpedia_global,all_prompt_positions_and_generated_tokens,question_mark,147,,,167,True,1.0,1.8,1.0,评价,vocab_token:97817,97817,40e9689ba1debf117f4edecea706fbb0f5cb6bcd4aace256cbb71af8539f1224,37,word_filtered_appearance_fallback,99,36,word_filtered_rank,PASS,PASS,PASS,PASS,True,True,PASS/FAIL,FAIL,False,False,False,7.999999626830686,6.749999821186066,-1.2499998056446202,-7.999999626830686,-6.749999821186066,1.2499998056446202,8.4375,22.875,False,no_flip,True,0.7972273640334606
85,knowledge_boundary,self,psychophysics,boundary,adaptive_rescue,False,7,neuronpedia_global,all_prompt_positions_and_generated_tokens,question_mark,147,,,167,True,1.0,-1.7,-1.0,评估,vocab_token:99973,99973,c55ca3df206b88ee4dcaf291e77b8830ab68243ed25460e77d6d850604e7a107,40,alternate_candidate_preferred_layer,11,3,word_filtered_rank,PASS,PASS,PASS,PASS,True,True,PASS/FAIL,FAIL,False,False,False,7.999999626830686,3.624999985098839,-4.374999641731847,-7.999999626830686,-3.624999985098839,4.374999641731847,12.125,-28.75,False,no_flip,True,0.8035036195069551
85,knowledge_boundary,self,psychophysics,boundary,adaptive_rescue,False,8,neuronpedia_global,all_prompt_positions_and_generated_tokens,question_mark,147,,,167,True,1.0,1.8,1.0,评估,vocab_token:99973,99973,c55ca3df206b88ee4dcaf291e77b8830ab68243ed25460e77d6d850604e7a107,40,alternate_candidate_preferred_layer,11,3,word_filtered_rank,PASS,PASS,PASS,PASS,True,True,PASS/FAIL,FAIL,False,False,False,7.999999626830686,8.93750010477379,0.9375004779431038,-7.999999626830686,-8.93750010477379,-0.9375004779431038,12.125,28.875,False,no_flip,True,0.796837829053402
85,knowledge_boundary,self,psychophysics,boundary,adaptive_rescue,False,9,neuronpedia_global,all_prompt_positions_and_generated_tokens,question_mark,147,,,167,True,1.0,-1.7,-1.0,评估,vocab_token:99973,99973,b5c48f6c629a939d1d85b6db5e7086810203c7021b98bac2fcf26dbbbbc7c7ea,33,word_filtered_appearance_fallback,186,46,word_filtered_rank,PASS,PASS,PASS,PASS,True,True,PASS/FAIL,FAIL,False,False,False,7.999999626830686,4.5624998807907104,-3.4374997460399754,-7.999999626830686,-4.5624998807907104,3.4374997460399754,7.1875,-16.5,False,no_flip,True,0.7977439798414707
85,knowledge_boundary,self,psychophysics,boundary,adaptive_rescue,False,10,neuronpedia_global,all_prompt_positions_and_generated_tokens,question_mark,147,,,167,True,1.0,1.8,1.0,评估,vocab_token:99973,99973,b5c48f6c629a939d1d85b6db5e7086810203c7021b98bac2fcf26dbbbbc7c7ea,33,word_filtered_appearance_fallback,186,46,word_filtered_rank,PASS,PASS,The evaluation of the provided answer is as,,True,False,PASS/FAIL,FAIL,False,False,False,7.999999626830686,7.90625,-0.09374962683068588,-7.999999626830686,-7.90625,0.09374962683068588,7.1875,16.125,False,no_flip,True,1.7522448021918535
86,knowledge_boundary,self,statistics,boundary,frozen_primary,True,1,neuronpedia_global,all_prompt_positions_and_generated_tokens,question_mark,139,,,159,True,1.0,-1.7,-1.0,评价,vocab_token:97817,97817,8a87e6e3f1867b77d6b1e41a3304949df1310120316964b73eb3391f0877cfb6,40,frozen_primary_layer,15,5,word_filtered_rank,PASS,PASS,PASS,PASS,True,True,PASS/FAIL,PASS,True,True,True,6.875000185682438,1.5000000596046448,-5.3750001260777935,6.875000185682438,1.5000000596046448,-5.3750001260777935,11.6875,-27.875,False,no_flip,True,0.7962678652256727
86,knowledge_boundary,self,statistics,boundary,frozen_primary,True,2,neuronpedia_global,all_prompt_positions_and_generated_tokens,question_mark,139,,,159,True,1.0,1.8,1.0,评价,vocab_token:97817,97817,8a87e6e3f1867b77d6b1e41a3304949df1310120316964b73eb3391f0877cfb6,40,frozen_primary_layer,15,5,word_filtered_rank,PASS,PASS,PASS,PASS,True,True,PASS/FAIL,PASS,True,True,True,6.875000185682438,5.75000019185245,-1.124999993829988,6.875000185682438,5.75000019185245,-1.124999993829988,11.6875,29.125,False,no_flip,True,0.7966387718915939
86,knowledge_boundary,self,statistics,boundary,adaptive_rescue,False,3,neuronpedia_global,all_prompt_positions_and_generated_tokens,question_mark,139,,,159,True,1.0,-1.7,-1.0,评价,vocab_token:97817,97817,bef85d6a374ddac25e42b95f1b4bb9f8131e2f89e34fae731ce1a6093bff97d7,34,word_filtered_appearance_fallback,167,45,word_filtered_rank,PASS,PASS,PASS,PASS,True,True,PASS/FAIL,PASS,True,True,True,6.875000185682438,3.0000001192092896,-3.8750000664731488,6.875000185682438,3.0000001192092896,-3.8750000664731488,7.5625,-18.125,False,no_flip,True,0.8893146757036448
86,knowledge_boundary,self,statistics,boundary,adaptive_rescue,False,4,neuronpedia_global,all_prompt_positions_and_generated_tokens,question_mark,139,,,159,True,1.0,1.8,1.0,评价,vocab_token:97817,97817,bef85d6a374ddac25e42b95f1b4bb9f8131e2f89e34fae731ce1a6093bff97d7,34,word_filtered_appearance_fallback,167,45,word_filtered_rank,PASS,PASS,PASS,PASS,True,True,PASS/FAIL,PASS,True,True,True,6.875000185682438,9.750000074505806,2.8749998888233677,6.875000185682438,9.750000074505806,2.8749998888233677,7.5625,19.125,False,no_flip,True,0.8119575250893831
86,knowledge_boundary,self,statistics,boundary,adaptive_rescue,False,5,neuronpedia_global,all_prompt_positions_and_generated_tokens,question_mark,139,,,159,True,1.0,-1.7,-1.0,评价,vocab_token:97817,97817,73c683f129559da9c009e22ae409cac0b6d96ba20351cea4ec1fb27f162c843c,35,word_filtered_appearance_fallback,139,45,word_filtered_rank,PASS,PASS,PASS,PASS,True,True,PASS/FAIL,PASS,True,True,True,6.875000185682438,1.6249999403953552,-5.250000245287083,6.875000185682438,1.6249999403953552,-5.250000245287083,7.90625,-18.625,False,no_flip,True,0.8635628372430801
86,knowledge_boundary,self,statistics,boundary,adaptive_rescue,False,6,neuronpedia_global,all_prompt_positions_and_generated_tokens,question_mark,139,,,159,True,1.0,1.8,1.0,评价,vocab_token:97817,97817,73c683f129559da9c009e22ae409cac0b6d96ba20351cea4ec1fb27f162c843c,35,word_filtered_appearance_fallback,139,45,word_filtered_rank,PASS,PASS,PASS,PASS,True,True,PASS/FAIL,PASS,True,True,True,6.875000185682438,9.812500290572643,2.937500104890205,6.875000185682438,9.812500290572643,2.937500104890205,7.90625,19.375,False,no_flip,True,0.9177192524075508
86,knowledge_boundary,self,statistics,boundary,adaptive_rescue,False,7,neuronpedia_global,all_prompt_positions_and_generated_tokens,question_mark,139,,,159,True,1.0,-1.7,-1.0,评估,vocab_token:99973,99973,c55ca3df206b88ee4dcaf291e77b8830ab68243ed25460e77d6d850604e7a107,40,alternate_candidate_preferred_layer,13,3,word_filtered_rank,PASS,PASS,PASS,PASS,True,True,PASS/FAIL,PASS,True,True,True,6.875000185682438,2.4999998956918716,-4.375000289990567,6.875000185682438,2.4999998956918716,-4.375000289990567,11.9375,-29.125,False,no_flip,True,0.8003897070884705
86,knowledge_boundary,self,statistics,boundary,adaptive_rescue,False,8,neuronpedia_global,all_prompt_positions_and_generated_tokens,question_mark,139,,,159,True,1.0,1.8,1.0,评估,vocab_token:99973,99973,c55ca3df206b88ee4dcaf291e77b8830ab68243ed25460e77d6d850604e7a107,40,alternate_candidate_preferred_layer,13,3,word_filtered_rank,PASS,PASS,PASS,PASS,True,True,PASS/FAIL,PASS,True,True,True,6.875000185682438,7.12500018812716,0.25000000244472176,6.875000185682438,7.12500018812716,0.25000000244472176,11.9375,28.625,False,no_flip,True,0.8086459022015333
86,knowledge_boundary,self,statistics,boundary,adaptive_rescue,False,9,neuronpedia_global,all_prompt_positions_and_generated_tokens,question_mark,139,,,159,True,1.0,-1.7,-1.0,评估,vocab_token:99973,99973,b5c48f6c629a939d1d85b6db5e7086810203c7021b98bac2fcf26dbbbbc7c7ea,33,word_filtered_appearance_fallback,193,44,word_filtered_rank,PASS,PASS,PASS,PASS,True,True,PASS/FAIL,PASS,True,True,True,6.875000185682438,3.875,-3.0000001856824383,6.875000185682438,3.875,-3.0000001856824383,7.09375,-16.625,False,no_flip,True,0.8605286851525307
86,knowledge_boundary,self,statistics,boundary,adaptive_rescue,False,10,neuronpedia_global,all_prompt_positions_and_generated_tokens,question_mark,139,,,159,True,1.0,1.8,1.0,评估,vocab_token:99973,99973,b5c48f6c629a939d1d85b6db5e7086810203c7021b98bac2fcf26dbbbbc7c7ea,33,word_filtered_appearance_fallback,193,44,word_filtered_rank,PASS,PASS,The assessment of the evaluation process is as,,True,False,PASS/FAIL,PASS,True,True,False,6.875000185682438,7.749999523162842,0.8749993374804035,6.875000185682438,7.749999523162842,0.8749993374804035,7.09375,16.0,False,no_flip,True,1.7821739092469215
87,knowledge_boundary,self,psychophysics,guess,frozen_primary,True,1,neuronpedia_global,all_prompt_positions_and_generated_tokens,question_mark,194,,,214,True,1.0,-1.7,-1.0,评价,vocab_token:97817,97817,8a87e6e3f1867b77d6b1e41a3304949df1310120316964b73eb3391f0877cfb6,40,frozen_primary_layer,21,5,word_filtered_rank,PASS,PASS,FAIL,FAIL,True,True,PASS/FAIL,FAIL,False,False,True,0.4999999701976776,-0.3750000596046448,-0.8750000298023224,-0.4999999701976776,0.3750000596046448,0.8750000298023224,11.0,-27.875,True,improved,True,0.8271522484719753
87,knowledge_boundary,self,psychophysics,guess,frozen_primary,True,2,neuronpedia_global,all_prompt_positions_and_generated_tokens,question_mark,194,,,214,True,1.0,1.8,1.0,评价,vocab_token:97817,97817,8a87e6e3f1867b77d6b1e41a3304949df1310120316964b73eb3391f0877cfb6,40,frozen_primary_layer,21,5,word_filtered_rank,PASS,PASS,PASS,PASS,True,True,PASS/FAIL,FAIL,False,False,False,0.4999999701976776,0.625,0.1250000298023224,-0.4999999701976776,-0.625,-0.1250000298023224,11.0,29.125,False,no_flip,True,0.8247525170445442
88,knowledge_boundary,self,methodology,guess,frozen_primary,True,1,neuronpedia_global,all_prompt_positions_and_generated_tokens,question_mark,143,,,163,True,1.0,-1.7,-1.0,评价,vocab_token:97817,97817,8a87e6e3f1867b77d6b1e41a3304949df1310120316964b73eb3391f0877cfb6,40,frozen_primary_layer,38,14,word_filtered_rank,FAIL,FAIL,FAIL,FAIL,True,True,PASS/FAIL,FAIL,False,True,True,-0.7499999403953552,-0.6249999403953552,0.125,0.7499999403953552,0.6249999403953552,-0.125,10.625,-28.25,False,no_flip,True,0.8961845729500055
88,knowledge_boundary,self,methodology,guess,frozen_primary,True,2,neuronpedia_global,all_prompt_positions_and_generated_tokens,question_mark,143,,,163,True,1.0,1.8,1.0,评价,vocab_token:97817,97817,8a87e6e3f1867b77d6b1e41a3304949df1310120316964b73eb3391f0877cfb6,40,frozen_primary_layer,38,14,word_filtered_rank,FAIL,FAIL,PASS,PASS,True,True,PASS/FAIL,FAIL,False,True,False,-0.7499999403953552,2.749999977648258,3.4999999180436134,0.7499999403953552,-2.749999977648258,-3.4999999180436134,10.625,28.75,True,worsened,True,0.8024287577718496
89,knowledge_boundary,self,cognitive_science,guess,frozen_primary,True,1,neuronpedia_global,all_prompt_positions_and_generated_tokens,question_mark,150,,,170,True,1.0,-1.7,-1.0,评价,vocab_token:97817,97817,8a87e6e3f1867b77d6b1e41a3304949df1310120316964b73eb3391f0877cfb6,40,frozen_primary_layer,21,7,word_filtered_rank,FAIL,FAIL,FAIL,FAIL,True,True,PASS/FAIL,FAIL,False,True,True,-1.625,-0.375,1.25,1.625,0.375,-1.25,11.5,-28.25,False,no_flip,True,0.796968987211585
89,knowledge_boundary,self,cognitive_science,guess,frozen_primary,True,2,neuronpedia_global,all_prompt_positions_and_generated_tokens,question_mark,150,,,170,True,1.0,1.8,1.0,评价,vocab_token:97817,97817,8a87e6e3f1867b77d6b1e41a3304949df1310120316964b73eb3391f0877cfb6,40,frozen_primary_layer,21,7,word_filtered_rank,FAIL,FAIL,PASS,PASS,True,True,PASS/FAIL,FAIL,False,True,False,-1.625,1.6249999403953552,3.2499999403953552,1.625,-1.6249999403953552,-3.2499999403953552,11.5,28.75,True,worsened,True,0.8058964069932699
